1,1,0.61,675.52,50.94,207.58,0.7037,-1,-1,-1
1,2,1370.39,514.35,33.77,100.00,0.6447,-1,-1,-1
1,3,1609.11,558.15,56.10,115.71,0.6023,-1,-1,-1
1,4,1526.19,561.34,46.58,112.37,0.4233,-1,-1,-1
1,5,121.73,708.25,52.92,96.51,0.4100,-1,-1,-1
1,6,500.83,551.07,35.87,89.52,0.3594,-1,-1,-1
2,1,-0.79,660.81,41.43,212.98,0.6570,-1,-1,-1
2,2,1372.54,513.44,33.56,101.18,0.6425,-1,-1,-1
2,3,1615.37,550.51,60.10,123.59,0.6602,-1,-1,-1
2,4,1531.89,558.98,48.23,115.39,0.5625,-1,-1,-1
2,5,109.43,699.20,50.61,95.81,0.5526,-1,-1,-1
2,6,500.16,536.22,38.59,94.58,0.3221,-1,-1,-1
3,1,-0.93,691.96,35.66,211.59,0.6504,-1,-1,-1
3,2,1374.11,508.47,37.35,105.51,0.5891,-1,-1,-1
3,3,1620.46,547.23,63.33,121.22,0.6539,-1,-1,-1
3,4,1537.85,552.57,49.66,117.67,0.6498,-1,-1,-1
3,5,105.34,724.54,45.90,97.02,0.5264,-1,-1,-1
3,6,499.49,550.95,37.96,92.96,0.3648,-1,-1,-1
3,8,171.42,583.27,49.23,157.85,0.4275,-1,-1,-1
4,1,-0.86,702.66,24.46,170.17,0.3936,-1,-1,-1
4,2,1379.93,506.15,36.61,108.88,0.7124,-1,-1,-1
4,3,1629.81,547.70,63.11,125.43,0.7595,-1,-1,-1
4,4,1548.70,552.52,44.61,120.83,0.6529,-1,-1,-1
4,5,92.96,722.71,43.54,100.53,0.5896,-1,-1,-1
4,6,498.71,547.25,36.83,93.78,0.4333,-1,-1,-1
4,8,168.40,584.20,48.01,154.90,0.2017,-1,-1,-1
5,2,1384.64,515.00,34.38,110.74,0.7115,-1,-1,-1
5,3,1636.25,563.39,62.22,124.03,0.6361,-1,-1,-1
5,4,1551.13,561.80,49.38,121.99,0.3998,-1,-1,-1
5,5,78.04,715.48,43.81,103.25,0.5019,-1,-1,-1
5,6,496.40,540.51,34.21,96.30,0.4487,-1,-1,-1
5,8,152.08,572.12,52.44,160.45,0.2417,-1,-1,-1
5,9,1460.72,496.89,27.48,87.00,0.5460,-1,-1,-1
6,2,1391.26,526.93,31.60,108.71,0.6359,-1,-1,-1
6,3,1643.20,574.21,65.21,124.57,0.7573,-1,-1,-1
6,4,1561.06,575.69,48.82,120.07,0.2972,-1,-1,-1
6,5,67.19,731.55,42.01,105.14,0.4842,-1,-1,-1
6,6,497.64,552.10,36.81,98.50,0.4641,-1,-1,-1
6,8,142.79,582.08,55.35,163.89,0.4572,-1,-1,-1
6,9,1464.65,506.20,26.84,88.24,0.5390,-1,-1,-1
7,2,1392.83,518.62,32.12,111.37,0.5820,-1,-1,-1
7,3,1650.54,570.37,65.39,128.16,0.7406,-1,-1,-1
7,4,1564.40,568.11,53.19,125.05,0.5744,-1,-1,-1
7,5,51.94,731.60,41.75,108.50,0.3332,-1,-1,-1
7,6,494.15,541.28,36.80,102.99,0.3786,-1,-1,-1
7,8,131.91,580.13,58.48,164.11,0.3909,-1,-1,-1
7,9,1466.50,498.98,26.94,90.15,0.4664,-1,-1,-1
8,2,1394.93,530.84,33.33,109.10,0.6718,-1,-1,-1
8,3,1657.60,577.92,66.27,129.95,0.6627,-1,-1,-1
8,4,1570.13,580.00,51.93,123.94,0.5488,-1,-1,-1
8,5,35.85,741.04,43.49,109.01,0.4952,-1,-1,-1
8,6,493.04,548.02,35.92,102.49,0.3599,-1,-1,-1
8,8,115.00,590.73,63.66,161.08,0.2190,-1,-1,-1
8,9,1467.57,508.91,30.66,88.51,0.5230,-1,-1,-1
9,2,1397.36,533.69,34.52,107.66,0.6747,-1,-1,-1
9,3,1663.88,583.35,66.39,132.29,0.6920,-1,-1,-1
9,4,1576.65,587.27,51.04,124.17,0.5052,-1,-1,-1
9,5,17.37,737.95,46.38,114.88,0.6126,-1,-1,-1
9,6,490.76,549.23,35.82,99.21,0.3189,-1,-1,-1
9,9,1469.40,512.30,31.97,88.46,0.4327,-1,-1,-1
9,12,1514.77,521.85,28.89,86.68,0.3444,-1,-1,-1
9,13,219.27,613.57,42.38,136.86,0.4330,-1,-1,-1
10,2,1398.58,542.49,35.40,107.06,0.6591,-1,-1,-1
10,3,1669.08,601.53,64.78,129.41,0.7865,-1,-1,-1
10,4,1581.82,603.15,49.80,123.42,0.6845,-1,-1,-1
10,5,0.73,727.41,47.43,116.08,0.6397,-1,-1,-1
10,6,489.55,543.00,35.37,99.55,0.4576,-1,-1,-1
10,9,1471.99,523.52,30.37,87.84,0.3215,-1,-1,-1
10,13,210.29,611.02,42.02,133.55,0.5095,-1,-1,-1
11,2,1400.95,530.68,37.20,106.89,0.6749,-1,-1,-1
11,3,1678.76,579.26,66.24,133.75,0.7657,-1,-1,-1
11,4,1589.15,586.98,51.98,125.92,0.6553,-1,-1,-1
11,5,-4.35,749.31,42.53,119.29,0.4077,-1,-1,-1
11,6,486.36,549.39,38.04,101.73,0.2271,-1,-1,-1
11,9,1472.49,510.81,33.09,87.02,0.3871,-1,-1,-1
11,13,201.15,615.17,45.23,142.49,0.4303,-1,-1,-1
11,8,83.96,589.80,60.64,170.18,0.3530,-1,-1,-1
12,2,1402.99,532.92,37.60,109.72,0.6856,-1,-1,-1
12,3,1686.73,588.08,65.16,133.20,0.7709,-1,-1,-1
12,4,1595.87,592.07,53.11,128.17,0.7065,-1,-1,-1
12,6,484.51,553.40,38.64,101.13,0.2765,-1,-1,-1
12,9,1474.35,514.27,36.61,89.39,0.3874,-1,-1,-1
12,13,192.25,609.31,47.07,150.28,0.5128,-1,-1,-1
12,8,76.68,591.93,57.74,168.37,0.3983,-1,-1,-1
13,2,1407.80,529.73,35.65,106.58,0.7171,-1,-1,-1
13,3,1693.91,590.28,64.43,132.66,0.7226,-1,-1,-1
13,4,1600.42,593.99,55.49,127.48,0.6664,-1,-1,-1
13,6,481.87,538.92,33.44,98.92,0.1501,-1,-1,-1
13,9,1476.29,511.53,39.34,90.89,0.4241,-1,-1,-1
13,13,175.98,581.21,53.10,164.63,0.5474,-1,-1,-1
13,8,70.44,572.40,53.17,167.76,0.2822,-1,-1,-1
14,2,1408.55,528.42,36.33,103.55,0.6684,-1,-1,-1
14,3,1701.93,583.30,63.46,133.33,0.6837,-1,-1,-1
14,4,1609.67,586.77,55.89,129.26,0.6282,-1,-1,-1
14,6,479.49,549.61,33.34,97.02,0.3018,-1,-1,-1
14,9,1473.57,509.27,39.62,88.41,0.1726,-1,-1,-1
14,13,166.95,596.62,53.01,165.50,0.3145,-1,-1,-1
14,8,55.09,584.64,55.60,173.99,0.3519,-1,-1,-1
15,2,1412.04,531.00,35.98,105.62,0.5294,-1,-1,-1
15,3,1710.77,584.99,62.36,137.25,0.7500,-1,-1,-1
15,4,1618.97,591.22,53.54,129.86,0.7189,-1,-1,-1
15,6,479.37,548.37,33.60,96.42,0.3125,-1,-1,-1
15,9,1469.47,509.61,51.05,88.67,0.1859,-1,-1,-1
15,13,152.48,587.07,57.09,174.19,0.2854,-1,-1,-1
16,2,1416.37,533.29,34.74,105.02,0.5458,-1,-1,-1
16,3,1717.18,591.27,60.93,136.64,0.7422,-1,-1,-1
16,4,1626.51,594.34,55.21,130.68,0.6976,-1,-1,-1
16,6,478.03,542.79,33.97,100.62,0.3862,-1,-1,-1
16,9,1479.85,515.69,42.56,83.39,0.2727,-1,-1,-1
16,13,142.69,595.41,53.68,167.33,0.3296,-1,-1,-1
16,15,515.92,536.82,35.88,106.41,0.4636,-1,-1,-1
16,8,33.56,582.97,54.42,175.92,0.4577,-1,-1,-1
17,2,1417.98,532.65,36.89,107.40,0.6035,-1,-1,-1
17,3,1723.52,589.31,62.02,138.63,0.7096,-1,-1,-1
17,4,1634.23,589.63,54.83,133.69,0.6952,-1,-1,-1
17,6,475.79,544.52,35.43,102.08,0.5147,-1,-1,-1
17,13,132.23,601.50,50.47,170.92,0.4308,-1,-1,-1
17,15,513.08,540.26,38.01,107.03,0.4907,-1,-1,-1
17,8,20.46,588.50,54.09,180.40,0.3848,-1,-1,-1
18,2,1420.48,533.27,37.15,108.53,0.6993,-1,-1,-1
18,3,1732.64,593.13,61.26,138.11,0.7042,-1,-1,-1
18,4,1643.48,591.00,54.56,134.93,0.6255,-1,-1,-1
18,6,474.68,541.87,37.41,104.25,0.5551,-1,-1,-1
18,15,513.08,540.83,38.04,106.48,0.5021,-1,-1,-1
18,8,8.68,589.23,54.30,184.85,0.3945,-1,-1,-1
19,2,1422.60,534.03,37.83,108.07,0.7342,-1,-1,-1
19,3,1741.22,594.70,62.57,139.06,0.7481,-1,-1,-1
19,4,1651.05,592.02,54.83,135.43,0.4434,-1,-1,-1
19,6,473.37,540.40,37.74,105.83,0.5131,-1,-1,-1
19,15,511.47,540.30,39.37,107.61,0.5126,-1,-1,-1
19,8,-0.26,588.48,50.78,186.09,0.3763,-1,-1,-1
20,2,1424.16,534.55,38.52,106.72,0.7477,-1,-1,-1
20,3,1749.70,596.25,62.67,139.77,0.7429,-1,-1,-1
20,4,1659.00,593.32,52.92,135.39,0.6052,-1,-1,-1
20,6,471.33,543.89,37.66,106.66,0.4014,-1,-1,-1
20,15,508.07,537.90,41.02,113.70,0.4847,-1,-1,-1
20,8,-3.53,595.17,41.76,185.34,0.4794,-1,-1,-1
21,2,1426.29,533.64,39.80,110.64,0.6908,-1,-1,-1
21,3,1758.39,598.12,62.75,140.61,0.7462,-1,-1,-1
21,4,1666.96,596.61,54.50,137.19,0.6871,-1,-1,-1
21,6,468.78,547.99,35.61,102.67,0.4583,-1,-1,-1
21,15,506.62,538.83,40.10,114.04,0.5237,-1,-1,-1
21,8,-3.69,610.81,28.71,171.29,0.3771,-1,-1,-1
22,2,1429.47,537.14,40.11,105.12,0.6691,-1,-1,-1
22,3,1770.54,601.31,60.76,139.04,0.7483,-1,-1,-1
22,4,1674.85,597.88,54.51,140.23,0.6263,-1,-1,-1
22,6,465.78,550.65,36.34,103.53,0.5558,-1,-1,-1
22,15,504.50,543.34,38.11,112.46,0.5124,-1,-1,-1
23,2,1431.30,538.54,40.32,108.45,0.6631,-1,-1,-1
23,3,1779.13,601.20,62.46,144.03,0.7717,-1,-1,-1
23,4,1681.45,600.35,55.91,142.64,0.7254,-1,-1,-1
23,6,465.29,549.67,34.76,105.63,0.4278,-1,-1,-1
23,15,500.16,547.05,41.03,109.76,0.5497,-1,-1,-1
24,2,1435.14,532.27,39.15,113.79,0.6539,-1,-1,-1
24,3,1788.23,595.07,64.64,149.76,0.7111,-1,-1,-1
24,4,1687.17,600.48,58.27,143.21,0.7311,-1,-1,-1
24,6,461.42,550.42,40.08,108.02,0.4739,-1,-1,-1
24,15,496.86,552.24,39.21,106.84,0.4579,-1,-1,-1
25,2,1438.06,535.89,40.43,119.23,0.6621,-1,-1,-1
25,3,1797.65,603.74,66.60,148.81,0.7095,-1,-1,-1
25,4,1695.91,607.55,56.66,147.47,0.7278,-1,-1,-1
25,6,458.49,548.07,43.00,113.22,0.4381,-1,-1,-1
25,15,496.13,553.10,38.90,108.67,0.4673,-1,-1,-1
26,2,1440.41,538.29,43.04,119.33,0.7230,-1,-1,-1
26,3,1807.37,607.93,68.35,147.61,0.5900,-1,-1,-1
26,4,1704.24,611.67,58.53,149.58,0.7248,-1,-1,-1
26,6,457.07,549.05,42.25,113.41,0.5107,-1,-1,-1
26,15,494.96,550.33,40.15,113.01,0.5505,-1,-1,-1
26,17,1530.23,519.90,27.96,86.07,0.4781,-1,-1,-1
27,2,1443.36,541.55,41.95,115.70,0.7473,-1,-1,-1
27,3,1814.57,611.39,73.07,150.31,0.6523,-1,-1,-1
27,4,1711.21,615.51,59.66,149.59,0.6736,-1,-1,-1
27,6,453.15,555.95,42.89,110.78,0.3937,-1,-1,-1
27,15,492.95,559.84,40.01,106.94,0.6101,-1,-1,-1
27,17,1531.39,521.15,31.81,86.36,0.6918,-1,-1,-1
28,2,1446.80,544.88,44.65,112.27,0.7280,-1,-1,-1
28,3,1823.04,611.48,74.63,155.48,0.7715,-1,-1,-1
28,4,1718.61,617.12,60.23,151.92,0.6737,-1,-1,-1
28,6,450.87,558.47,42.15,109.70,0.3524,-1,-1,-1
28,15,491.48,564.50,39.73,103.87,0.5865,-1,-1,-1
28,17,1534.32,525.17,33.89,84.07,0.5366,-1,-1,-1
29,2,1451.23,550.90,41.07,110.79,0.7081,-1,-1,-1
29,3,1830.09,620.43,75.27,159.03,0.6925,-1,-1,-1
29,4,1725.64,623.90,60.30,158.35,0.7233,-1,-1,-1
29,6,449.05,561.98,41.20,106.05,0.4895,-1,-1,-1
29,15,490.90,568.03,38.32,100.03,0.5287,-1,-1,-1
29,17,1536.34,527.30,34.24,89.55,0.5617,-1,-1,-1
30,2,1453.85,550.69,42.06,111.52,0.6417,-1,-1,-1
30,3,1836.79,621.03,78.51,153.63,0.6343,-1,-1,-1
30,4,1736.99,624.47,59.90,159.73,0.7528,-1,-1,-1
30,6,444.42,566.42,42.96,109.88,0.6151,-1,-1,-1
30,15,488.62,574.85,38.77,101.51,0.5004,-1,-1,-1
30,17,1538.73,525.79,34.79,91.52,0.5648,-1,-1,-1
31,2,1457.28,552.67,42.52,118.42,0.6285,-1,-1,-1
31,3,1850.76,626.40,71.98,151.11,0.6390,-1,-1,-1
31,4,1749.21,628.53,59.24,156.34,0.5785,-1,-1,-1
31,6,442.91,579.65,41.33,109.76,0.5757,-1,-1,-1
31,15,488.03,581.68,38.54,108.33,0.4165,-1,-1,-1
31,17,1542.93,526.35,34.23,96.21,0.4866,-1,-1,-1
32,2,1460.35,556.44,40.05,119.24,0.6370,-1,-1,-1
32,3,1857.70,634.57,63.69,158.47,0.6872,-1,-1,-1
32,4,1756.34,632.72,59.93,155.84,0.6769,-1,-1,-1
32,6,441.78,573.62,41.11,108.16,0.5729,-1,-1,-1
32,15,487.26,575.00,38.57,108.32,0.5267,-1,-1,-1
32,17,1545.52,529.58,33.63,93.25,0.5976,-1,-1,-1
33,2,1464.41,542.66,41.88,124.00,0.7429,-1,-1,-1
33,3,1869.64,622.32,53.24,166.84,0.6662,-1,-1,-1
33,4,1767.15,620.84,60.22,153.90,0.6461,-1,-1,-1
33,6,439.53,563.22,39.98,108.87,0.5151,-1,-1,-1
33,15,484.51,567.16,37.60,107.98,0.4873,-1,-1,-1
33,17,1549.68,517.86,33.62,91.53,0.6533,-1,-1,-1
34,2,1468.47,544.56,41.83,124.77,0.7610,-1,-1,-1
34,3,1880.76,631.34,41.68,151.84,0.5550,-1,-1,-1
34,4,1775.12,620.85,63.84,156.46,0.7453,-1,-1,-1
34,6,436.98,572.08,39.71,105.43,0.4813,-1,-1,-1
34,15,480.99,568.52,38.80,112.26,0.5207,-1,-1,-1
34,17,1553.28,518.21,33.01,93.00,0.5972,-1,-1,-1
35,2,1471.33,539.51,44.38,125.99,0.7299,-1,-1,-1
35,4,1784.63,621.09,65.78,158.06,0.6379,-1,-1,-1
35,6,435.56,564.74,39.66,103.77,0.4298,-1,-1,-1
35,15,478.85,559.66,38.62,111.59,0.3760,-1,-1,-1
35,17,1559.81,515.23,31.45,92.98,0.5334,-1,-1,-1
36,2,1476.74,536.26,43.86,128.82,0.7514,-1,-1,-1
36,4,1794.21,618.02,69.20,165.36,0.7064,-1,-1,-1
36,6,432.23,562.34,41.15,104.93,0.3527,-1,-1,-1
36,15,475.34,553.13,39.12,116.96,0.3022,-1,-1,-1
36,17,1565.10,514.46,30.96,91.65,0.3399,-1,-1,-1
37,2,1480.93,537.37,42.19,127.70,0.7195,-1,-1,-1
37,4,1801.31,621.62,73.87,168.80,0.7729,-1,-1,-1
37,6,429.68,553.86,39.22,109.27,0.3535,-1,-1,-1
37,15,470.73,541.63,41.71,123.84,0.4701,-1,-1,-1
37,17,1570.32,514.53,32.06,92.10,0.4271,-1,-1,-1
38,2,1484.66,532.71,41.52,129.71,0.7105,-1,-1,-1
38,4,1809.75,616.43,77.44,175.64,0.7811,-1,-1,-1
38,6,426.17,551.67,39.63,113.80,0.4980,-1,-1,-1
38,15,466.62,541.04,43.89,124.92,0.5374,-1,-1,-1
38,17,1574.79,504.83,31.57,95.97,0.4790,-1,-1,-1
39,2,1488.96,537.85,42.19,128.59,0.7030,-1,-1,-1
39,4,1821.93,627.89,76.30,175.49,0.7505,-1,-1,-1
39,6,423.91,542.80,39.15,115.11,0.4522,-1,-1,-1
39,15,465.55,530.54,43.45,127.64,0.4775,-1,-1,-1
39,17,1581.37,507.82,32.94,96.94,0.5142,-1,-1,-1
40,2,1492.00,535.98,41.96,127.41,0.7111,-1,-1,-1
40,4,1833.46,625.98,76.06,177.81,0.7794,-1,-1,-1
40,6,420.28,542.16,39.35,119.59,0.3850,-1,-1,-1
40,15,464.23,536.77,43.50,124.48,0.4696,-1,-1,-1
40,17,1583.33,501.12,35.46,102.15,0.3280,-1,-1,-1
41,2,1496.10,545.07,43.25,122.06,0.6972,-1,-1,-1
41,4,1845.44,633.23,74.68,180.16,0.7577,-1,-1,-1
41,6,419.53,536.54,39.92,123.70,0.4087,-1,-1,-1
41,15,463.39,536.99,44.37,122.57,0.4696,-1,-1,-1
41,17,1589.70,502.98,37.99,105.31,0.4960,-1,-1,-1
42,2,1500.81,547.74,43.26,120.96,0.6868,-1,-1,-1
42,4,1857.22,637.55,66.37,180.78,0.6916,-1,-1,-1
42,6,418.29,536.73,42.66,126.79,0.5487,-1,-1,-1
42,15,461.85,543.27,46.02,118.85,0.4622,-1,-1,-1
42,17,1594.57,506.33,36.00,102.71,0.5748,-1,-1,-1
43,2,1505.43,549.86,42.73,122.18,0.6678,-1,-1,-1
43,4,1869.57,644.15,53.77,174.11,0.6621,-1,-1,-1
43,6,415.75,536.23,44.72,129.97,0.5425,-1,-1,-1
43,15,458.07,534.82,47.19,130.00,0.4131,-1,-1,-1
43,17,1597.39,510.80,34.57,99.55,0.5064,-1,-1,-1
43,20,502.23,528.37,33.96,89.45,0.3720,-1,-1,-1
44,2,1510.81,552.05,42.77,120.93,0.6220,-1,-1,-1
44,4,1881.55,649.36,41.36,169.09,0.6409,-1,-1,-1
44,6,415.21,535.73,44.59,132.76,0.3814,-1,-1,-1
44,15,452.68,532.82,49.22,135.64,0.4002,-1,-1,-1
44,17,1600.28,510.12,37.43,100.97,0.5301,-1,-1,-1
44,20,499.46,528.10,35.08,91.45,0.2999,-1,-1,-1
45,2,1515.81,556.31,43.60,127.13,0.7575,-1,-1,-1
45,4,1892.90,669.46,28.67,162.32,0.4757,-1,-1,-1
45,6,415.97,533.42,42.63,132.56,0.3758,-1,-1,-1
45,15,451.64,530.72,48.37,135.86,0.3258,-1,-1,-1
45,17,1604.67,514.22,39.51,101.89,0.5885,-1,-1,-1
45,20,498.80,526.05,36.04,91.85,0.2232,-1,-1,-1
46,2,1519.69,554.88,43.16,132.63,0.7570,-1,-1,-1
46,6,408.71,538.77,46.83,128.90,0.3123,-1,-1,-1
46,15,448.82,533.44,47.81,137.09,0.3441,-1,-1,-1
46,17,1608.39,514.77,39.97,101.17,0.5480,-1,-1,-1
46,20,494.77,520.59,36.32,98.52,0.2522,-1,-1,-1
47,2,1524.69,558.60,43.33,132.07,0.7205,-1,-1,-1
47,6,406.31,536.96,46.04,128.70,0.2859,-1,-1,-1
47,15,448.99,536.16,45.02,133.75,0.3277,-1,-1,-1
47,17,1617.05,524.36,36.10,95.22,0.5303,-1,-1,-1
47,20,492.32,515.51,36.96,103.65,0.3365,-1,-1,-1
48,2,1527.81,560.01,44.72,133.30,0.7090,-1,-1,-1
48,6,402.97,537.49,47.39,133.51,0.3399,-1,-1,-1
48,15,447.60,542.94,45.27,132.32,0.3629,-1,-1,-1
48,17,1620.84,527.34,33.38,92.66,0.6493,-1,-1,-1
48,20,489.91,526.46,35.80,96.73,0.3159,-1,-1,-1
49,2,1533.07,560.28,44.82,135.82,0.7107,-1,-1,-1
49,6,398.67,550.00,45.01,123.72,0.4164,-1,-1,-1
49,15,446.11,548.33,44.31,128.27,0.5423,-1,-1,-1
49,17,1625.76,532.52,31.94,91.26,0.7157,-1,-1,-1
49,20,488.15,534.02,36.12,88.68,0.2825,-1,-1,-1
50,2,1537.54,557.34,45.76,137.29,0.6966,-1,-1,-1
50,6,397.29,553.17,44.27,119.60,0.3637,-1,-1,-1
50,15,444.97,556.06,43.52,120.39,0.5618,-1,-1,-1
50,17,1631.11,530.38,29.06,90.31,0.4166,-1,-1,-1
50,20,485.64,535.22,35.34,83.03,0.1733,-1,-1,-1
51,2,1542.09,561.11,46.24,137.82,0.6992,-1,-1,-1
51,6,396.38,551.39,44.20,120.50,0.4895,-1,-1,-1
51,15,442.58,564.41,43.07,112.24,0.5522,-1,-1,-1
51,17,1636.86,533.92,29.38,89.68,0.6433,-1,-1,-1
51,20,481.68,535.28,35.42,82.03,0.1742,-1,-1,-1
52,2,1546.03,558.69,49.35,145.65,0.7092,-1,-1,-1
52,6,394.87,551.70,45.42,122.64,0.5372,-1,-1,-1
52,15,441.50,568.25,41.52,109.74,0.5690,-1,-1,-1
52,17,1640.11,532.82,29.97,90.60,0.5623,-1,-1,-1
52,25,335.24,562.07,36.99,112.54,0.5025,-1,-1,-1
53,2,1550.31,557.28,51.08,150.78,0.6876,-1,-1,-1
53,6,392.34,550.76,45.83,126.09,0.5311,-1,-1,-1
53,15,439.19,566.78,43.55,112.89,0.5363,-1,-1,-1
53,17,1644.17,533.75,30.05,89.63,0.5337,-1,-1,-1
53,25,329.68,558.64,40.29,118.17,0.4316,-1,-1,-1
53,26,635.89,536.77,30.93,90.37,0.4406,-1,-1,-1
54,2,1553.23,556.80,52.36,153.36,0.7243,-1,-1,-1
54,6,388.52,548.79,45.68,128.68,0.5157,-1,-1,-1
54,15,436.53,567.41,44.24,112.75,0.5620,-1,-1,-1
54,17,1648.28,534.07,30.21,89.31,0.5927,-1,-1,-1
54,25,327.19,561.17,41.49,113.50,0.5001,-1,-1,-1
54,26,635.22,535.23,31.41,90.81,0.3953,-1,-1,-1
55,2,1557.56,554.48,52.65,157.52,0.7489,-1,-1,-1
55,6,384.83,544.69,45.97,133.21,0.5710,-1,-1,-1
55,15,434.70,563.98,44.47,116.98,0.4615,-1,-1,-1
55,17,1653.06,533.54,31.81,91.20,0.6041,-1,-1,-1
55,25,325.16,559.35,43.09,113.96,0.4942,-1,-1,-1
55,26,635.52,535.55,30.46,90.62,0.3400,-1,-1,-1
56,2,1562.18,553.95,52.23,157.48,0.7373,-1,-1,-1
56,6,382.55,549.09,44.35,129.11,0.5221,-1,-1,-1
56,15,431.23,563.52,43.60,118.22,0.3546,-1,-1,-1
56,17,1656.58,527.58,34.98,98.37,0.7227,-1,-1,-1
56,25,320.64,557.91,45.58,115.72,0.5542,-1,-1,-1
56,26,632.90,535.96,27.32,92.28,0.3524,-1,-1,-1
57,2,1567.07,551.53,53.26,157.80,0.7168,-1,-1,-1
57,6,379.94,550.12,43.99,128.19,0.5247,-1,-1,-1
57,15,426.75,561.59,43.96,119.28,0.4543,-1,-1,-1
57,17,1659.15,521.39,36.63,102.68,0.7179,-1,-1,-1
57,25,315.21,556.58,46.37,117.80,0.4610,-1,-1,-1
57,26,630.87,535.93,27.59,92.69,0.3481,-1,-1,-1
58,2,1571.20,555.22,53.20,153.76,0.6330,-1,-1,-1
58,6,377.07,547.37,43.42,129.84,0.5754,-1,-1,-1
58,15,422.00,559.28,44.71,120.33,0.4634,-1,-1,-1
58,17,1661.51,515.52,37.08,106.93,0.6824,-1,-1,-1
58,25,309.79,554.30,47.61,117.22,0.4667,-1,-1,-1
58,26,630.62,536.01,27.20,91.35,0.3272,-1,-1,-1
59,2,1577.39,561.02,51.15,149.03,0.6308,-1,-1,-1
59,6,374.38,543.78,42.02,131.52,0.5620,-1,-1,-1
59,15,418.79,559.64,45.41,118.20,0.4145,-1,-1,-1
59,17,1664.18,511.12,40.05,110.81,0.6578,-1,-1,-1
59,25,306.44,550.79,47.82,120.34,0.4357,-1,-1,-1
59,26,627.73,535.37,28.28,90.55,0.3698,-1,-1,-1
60,2,1581.29,560.08,51.48,151.16,0.6268,-1,-1,-1
60,6,370.15,546.03,41.25,129.46,0.5510,-1,-1,-1
60,15,416.52,562.80,47.02,115.38,0.3870,-1,-1,-1
60,17,1665.66,510.32,41.67,111.16,0.7210,-1,-1,-1
60,25,303.21,553.85,47.92,117.47,0.3951,-1,-1,-1
60,26,624.46,534.33,30.17,92.78,0.2791,-1,-1,-1
61,2,1585.16,549.95,52.74,156.65,0.6205,-1,-1,-1
61,6,365.39,549.16,44.04,128.49,0.4771,-1,-1,-1
61,15,414.12,562.21,47.86,117.52,0.4222,-1,-1,-1
61,17,1666.65,507.14,44.31,108.71,0.7169,-1,-1,-1
61,25,298.86,558.32,49.60,115.17,0.4345,-1,-1,-1
61,26,621.92,533.52,29.30,94.60,0.2450,-1,-1,-1
62,2,1589.89,556.08,53.44,156.30,0.7001,-1,-1,-1
62,6,361.72,542.36,45.83,130.58,0.4603,-1,-1,-1
62,15,412.92,552.55,44.12,124.28,0.3490,-1,-1,-1
62,17,1671.20,517.66,44.25,105.03,0.5488,-1,-1,-1
62,25,296.35,551.64,49.23,115.44,0.4384,-1,-1,-1
62,26,622.44,530.64,27.47,94.68,0.3752,-1,-1,-1
63,2,1596.08,543.02,55.06,155.39,0.6411,-1,-1,-1
63,6,359.39,562.97,45.95,128.31,0.4003,-1,-1,-1
63,15,411.48,571.10,45.93,120.41,0.3700,-1,-1,-1
63,17,1678.47,509.99,41.26,96.50,0.5719,-1,-1,-1
63,25,293.61,571.91,49.07,115.34,0.4958,-1,-1,-1
63,26,621.20,541.00,28.19,96.42,0.2507,-1,-1,-1
64,2,1600.25,562.63,55.41,153.44,0.6265,-1,-1,-1
64,6,356.83,541.78,44.75,133.69,0.4848,-1,-1,-1
64,15,404.58,549.62,45.16,127.47,0.3328,-1,-1,-1
64,17,1687.30,529.66,35.32,95.13,0.6374,-1,-1,-1
64,25,290.98,551.62,45.98,117.64,0.4852,-1,-1,-1
64,26,621.22,531.03,25.68,96.41,0.3509,-1,-1,-1
65,2,1603.14,561.70,56.61,151.07,0.7297,-1,-1,-1
65,6,350.50,550.60,46.76,132.02,0.4789,-1,-1,-1
65,15,401.14,559.29,45.48,123.32,0.3862,-1,-1,-1
65,17,1690.60,528.60,33.98,90.58,0.6811,-1,-1,-1
65,25,287.36,560.18,44.53,116.87,0.5095,-1,-1,-1
65,26,619.12,538.96,26.11,94.04,0.2429,-1,-1,-1
66,2,1609.68,559.92,56.72,149.92,0.7218,-1,-1,-1
66,6,347.44,558.61,47.70,134.22,0.6009,-1,-1,-1
66,15,397.40,567.22,48.19,123.62,0.5012,-1,-1,-1
66,17,1697.00,520.71,33.95,91.56,0.6913,-1,-1,-1
66,25,286.49,568.43,42.47,114.95,0.5079,-1,-1,-1
66,26,618.23,543.86,26.11,92.56,0.3274,-1,-1,-1
66,28,467.20,560.21,30.42,73.11,0.4145,-1,-1,-1
67,2,1613.93,570.34,55.61,153.79,0.7347,-1,-1,-1
67,6,343.14,543.71,48.31,135.78,0.5524,-1,-1,-1
67,15,394.21,556.69,46.09,121.82,0.5553,-1,-1,-1
67,17,1699.72,537.02,34.10,90.97,0.6537,-1,-1,-1
67,25,281.72,547.72,41.70,121.13,0.3359,-1,-1,-1
67,26,615.67,533.26,26.26,96.08,0.2163,-1,-1,-1
67,28,460.11,551.44,30.60,70.94,0.3430,-1,-1,-1
68,2,1617.12,564.27,57.16,152.56,0.7318,-1,-1,-1
68,6,340.10,555.64,48.00,131.88,0.5780,-1,-1,-1
68,15,388.85,563.46,49.57,123.02,0.5489,-1,-1,-1
68,17,1701.84,528.60,33.91,89.83,0.5779,-1,-1,-1
68,25,277.57,560.68,41.85,119.32,0.4448,-1,-1,-1
68,26,612.22,536.74,26.83,96.92,0.2112,-1,-1,-1
68,28,454.59,559.09,31.12,72.55,0.4476,-1,-1,-1
69,2,1621.41,572.33,57.94,156.14,0.7563,-1,-1,-1
69,6,334.29,545.62,50.23,136.99,0.4394,-1,-1,-1
69,15,385.96,557.51,46.99,123.31,0.4938,-1,-1,-1
69,17,1704.69,538.91,34.36,90.84,0.6500,-1,-1,-1
69,25,272.66,551.46,40.44,125.02,0.4400,-1,-1,-1
69,28,450.64,554.43,28.59,73.57,0.4046,-1,-1,-1
70,2,1625.20,567.30,59.30,156.80,0.7757,-1,-1,-1
70,6,330.01,545.54,50.57,138.94,0.5193,-1,-1,-1
70,15,380.64,556.48,47.96,127.03,0.5873,-1,-1,-1
70,17,1705.74,535.14,34.98,92.23,0.5962,-1,-1,-1
70,25,266.98,550.09,42.89,129.28,0.3747,-1,-1,-1
70,28,443.72,555.44,30.14,74.59,0.4612,-1,-1,-1
71,2,1629.63,571.38,58.94,158.90,0.7564,-1,-1,-1
71,6,327.94,546.15,48.46,136.47,0.5147,-1,-1,-1
71,15,375.14,553.76,48.42,128.57,0.5607,-1,-1,-1
71,17,1707.09,537.43,34.98,93.21,0.6897,-1,-1,-1
71,25,261.59,549.94,41.49,124.66,0.2269,-1,-1,-1
71,28,436.72,553.49,32.68,75.68,0.3959,-1,-1,-1
71,26,599.23,538.84,28.22,97.27,0.3385,-1,-1,-1
72,2,1632.97,562.32,60.31,169.29,0.7885,-1,-1,-1
72,6,325.00,550.69,49.12,134.56,0.6164,-1,-1,-1
72,15,370.90,554.84,47.95,130.11,0.6105,-1,-1,-1
72,17,1707.38,535.99,35.98,91.77,0.6906,-1,-1,-1
72,25,256.42,553.31,40.79,125.49,0.2995,-1,-1,-1
72,28,429.43,555.60,34.52,75.66,0.4245,-1,-1,-1
72,30,502.85,534.94,36.33,107.09,0.3700,-1,-1,-1
72,26,595.68,538.53,27.64,98.89,0.2503,-1,-1,-1
73,2,1637.71,564.76,60.25,171.82,0.6738,-1,-1,-1
73,6,317.99,544.26,50.86,137.66,0.4709,-1,-1,-1
73,15,366.55,549.04,47.69,132.75,0.5836,-1,-1,-1
73,17,1708.88,539.47,38.07,93.90,0.5833,-1,-1,-1
73,25,252.10,551.59,39.77,127.05,0.3369,-1,-1,-1
73,28,424.38,552.12,31.97,74.87,0.4058,-1,-1,-1
73,30,500.04,534.48,35.14,105.99,0.3436,-1,-1,-1
73,26,590.30,535.17,29.23,99.54,0.2578,-1,-1,-1
74,2,1641.50,568.22,63.68,169.08,0.7210,-1,-1,-1
74,6,314.33,543.84,50.01,140.18,0.3724,-1,-1,-1
74,15,362.89,548.82,48.79,134.47,0.4973,-1,-1,-1
74,17,1711.08,536.60,37.75,93.46,0.5858,-1,-1,-1
74,25,247.33,545.24,44.65,137.19,0.3169,-1,-1,-1
74,28,417.77,553.46,34.25,74.50,0.4468,-1,-1,-1
74,30,495.00,533.79,35.04,108.04,0.1760,-1,-1,-1
74,26,584.56,537.45,28.54,100.43,0.3059,-1,-1,-1
75,2,1643.60,575.82,64.68,165.50,0.7429,-1,-1,-1
75,6,306.44,547.20,49.58,136.21,0.4164,-1,-1,-1
75,15,356.05,553.73,47.59,130.26,0.6082,-1,-1,-1
75,17,1711.99,539.22,37.84,93.54,0.5706,-1,-1,-1
75,25,241.74,544.44,44.81,138.43,0.2124,-1,-1,-1
75,28,411.63,554.12,33.45,75.85,0.3757,-1,-1,-1
75,30,487.95,533.06,36.75,106.95,0.2076,-1,-1,-1
75,26,579.79,536.87,28.75,103.16,0.3460,-1,-1,-1
76,2,1647.52,578.04,64.47,164.42,0.7341,-1,-1,-1
76,6,296.31,543.51,55.34,140.11,0.4755,-1,-1,-1
76,15,351.26,551.54,48.33,131.11,0.4953,-1,-1,-1
76,17,1712.97,539.30,38.32,91.69,0.5478,-1,-1,-1
76,25,234.38,540.05,46.42,142.32,0.2022,-1,-1,-1
76,28,401.87,552.69,35.74,74.50,0.3273,-1,-1,-1
76,30,479.95,531.79,38.90,104.99,0.2757,-1,-1,-1
76,26,575.91,535.68,30.44,103.31,0.3407,-1,-1,-1
77,2,1649.33,580.70,67.08,163.61,0.7195,-1,-1,-1
77,6,291.23,545.11,54.13,139.23,0.4480,-1,-1,-1
77,15,343.98,550.36,48.55,132.54,0.6133,-1,-1,-1
77,17,1713.59,540.73,38.41,91.03,0.5368,-1,-1,-1
77,28,395.44,553.68,34.44,77.02,0.3709,-1,-1,-1
77,30,474.90,534.17,41.74,109.33,0.3060,-1,-1,-1
77,26,572.62,534.63,30.36,104.64,0.3860,-1,-1,-1
78,2,1652.65,581.55,68.20,164.42,0.7336,-1,-1,-1
78,6,282.17,541.78,56.09,143.76,0.4271,-1,-1,-1
78,15,339.78,551.76,48.06,132.89,0.5297,-1,-1,-1
78,17,1713.89,540.65,38.55,91.09,0.5829,-1,-1,-1
78,28,389.66,553.17,34.96,77.57,0.3429,-1,-1,-1
78,30,470.03,533.11,38.71,109.89,0.2773,-1,-1,-1
78,26,570.23,535.74,28.37,101.59,0.3059,-1,-1,-1
79,2,1653.83,584.55,71.61,162.87,0.7503,-1,-1,-1
79,6,272.25,538.47,60.27,145.54,0.5009,-1,-1,-1
79,15,333.76,548.78,49.59,135.60,0.5562,-1,-1,-1
79,17,1713.40,540.49,38.92,90.57,0.5743,-1,-1,-1
79,28,382.75,552.25,33.96,77.12,0.3437,-1,-1,-1
79,30,463.70,530.34,39.20,113.42,0.3435,-1,-1,-1
79,26,568.48,530.63,28.18,106.10,0.2674,-1,-1,-1
80,2,1654.29,582.15,74.70,166.38,0.7249,-1,-1,-1
80,6,263.10,537.95,63.68,148.02,0.5575,-1,-1,-1
80,15,326.93,552.41,50.01,134.71,0.6084,-1,-1,-1
80,17,1712.64,536.80,39.64,91.55,0.6115,-1,-1,-1
80,28,373.42,554.18,35.35,76.86,0.3363,-1,-1,-1
80,30,455.44,530.24,43.34,117.69,0.4903,-1,-1,-1
80,26,565.44,528.22,28.96,109.97,0.2238,-1,-1,-1
81,2,1657.02,582.23,73.57,166.92,0.7504,-1,-1,-1
81,6,264.12,546.26,55.11,137.27,0.3501,-1,-1,-1
81,15,319.64,552.82,51.00,133.97,0.5708,-1,-1,-1
81,17,1711.81,536.31,39.43,91.37,0.5704,-1,-1,-1
81,28,367.87,554.06,34.20,75.21,0.4967,-1,-1,-1
81,30,450.98,530.57,45.21,119.84,0.3342,-1,-1,-1
81,31,148.14,556.89,45.62,132.17,0.3818,-1,-1,-1
82,2,1659.69,583.12,72.83,170.07,0.7395,-1,-1,-1
82,6,260.71,538.66,51.59,145.03,0.3820,-1,-1,-1
82,15,312.23,554.65,49.85,132.38,0.4983,-1,-1,-1
82,17,1711.94,537.13,37.25,91.14,0.6128,-1,-1,-1
82,28,359.67,554.70,34.61,76.39,0.3522,-1,-1,-1
82,30,448.29,538.06,40.64,113.70,0.2707,-1,-1,-1
82,31,139.02,556.31,49.11,135.24,0.4349,-1,-1,-1
83,2,1665.10,582.53,68.92,171.90,0.7061,-1,-1,-1
83,6,255.97,541.66,48.49,145.35,0.4586,-1,-1,-1
83,15,304.92,558.20,51.36,131.15,0.6694,-1,-1,-1
83,17,1712.00,536.78,36.11,91.01,0.5894,-1,-1,-1
83,28,354.95,558.18,32.45,74.38,0.3571,-1,-1,-1
83,30,440.84,539.06,41.64,113.88,0.3829,-1,-1,-1
83,31,130.02,559.03,51.56,133.52,0.5458,-1,-1,-1
84,2,1665.21,580.09,72.71,176.77,0.7242,-1,-1,-1
84,6,245.54,549.44,52.18,140.40,0.5413,-1,-1,-1
84,15,296.53,561.88,54.23,128.54,0.5318,-1,-1,-1
84,17,1712.57,535.38,34.75,92.20,0.5715,-1,-1,-1
84,28,346.65,558.05,32.05,74.38,0.4252,-1,-1,-1
84,30,433.28,537.89,41.97,113.89,0.3586,-1,-1,-1
84,31,121.43,561.13,52.66,134.50,0.5341,-1,-1,-1
84,32,462.42,545.20,43.07,111.16,0.3908,-1,-1,-1
85,2,1667.66,581.33,72.72,179.66,0.7671,-1,-1,-1
85,6,242.47,555.84,48.43,136.77,0.4785,-1,-1,-1
85,15,290.71,562.57,51.51,129.12,0.5021,-1,-1,-1
85,17,1711.78,536.56,34.65,92.58,0.4764,-1,-1,-1
85,28,338.61,560.95,32.59,75.69,0.2904,-1,-1,-1
85,30,427.28,539.87,40.96,115.44,0.2958,-1,-1,-1
85,31,112.32,564.58,54.03,133.37,0.5264,-1,-1,-1
85,32,454.39,548.20,44.72,110.95,0.2212,-1,-1,-1
86,2,1671.39,580.83,71.18,179.82,0.7646,-1,-1,-1
86,6,231.71,556.85,50.34,136.91,0.4305,-1,-1,-1
86,15,284.28,561.78,49.91,131.33,0.5830,-1,-1,-1
86,17,1708.65,535.62,36.26,80.43,0.3145,-1,-1,-1
86,28,332.49,561.12,31.92,81.66,0.2621,-1,-1,-1
86,30,421.86,535.93,39.23,120.95,0.3419,-1,-1,-1
86,31,103.24,562.64,55.79,140.57,0.4138,-1,-1,-1
86,32,450.01,540.71,43.24,118.65,0.3605,-1,-1,-1
87,2,1672.57,584.17,72.24,180.33,0.7968,-1,-1,-1
87,6,224.77,556.53,50.39,139.10,0.4919,-1,-1,-1
87,15,279.00,563.68,51.53,132.27,0.5734,-1,-1,-1
87,17,1707.07,537.97,36.61,71.39,0.2533,-1,-1,-1
87,28,324.27,561.14,32.20,81.45,0.2803,-1,-1,-1
87,30,414.69,537.83,40.10,120.81,0.3092,-1,-1,-1
87,31,95.52,562.24,59.02,137.73,0.5342,-1,-1,-1
87,32,442.18,545.44,42.46,117.48,0.3910,-1,-1,-1
87,34,383.02,554.42,35.55,97.45,0.5402,-1,-1,-1
88,2,1674.96,582.79,71.98,184.08,0.7977,-1,-1,-1
88,6,219.42,561.24,50.43,138.86,0.5733,-1,-1,-1
88,15,270.86,568.70,51.79,131.91,0.5029,-1,-1,-1
88,17,1704.94,538.31,37.18,61.82,0.1722,-1,-1,-1
88,28,316.25,565.92,32.93,79.27,0.2775,-1,-1,-1
88,30,408.53,544.08,40.86,114.98,0.2337,-1,-1,-1
88,31,90.02,566.86,54.45,131.85,0.5030,-1,-1,-1
88,32,433.57,547.80,46.67,119.61,0.4156,-1,-1,-1
88,34,377.47,556.46,34.77,97.70,0.3989,-1,-1,-1
89,2,1678.51,584.27,70.42,188.56,0.8037,-1,-1,-1
89,6,214.59,558.47,48.70,142.67,0.3128,-1,-1,-1
89,15,265.06,567.27,51.59,132.18,0.4706,-1,-1,-1
89,28,308.38,566.60,32.97,80.54,0.1856,-1,-1,-1
89,30,401.65,540.34,37.84,120.75,0.2856,-1,-1,-1
89,31,83.28,563.04,54.37,135.53,0.4656,-1,-1,-1
89,32,429.78,546.26,43.67,122.59,0.5836,-1,-1,-1
89,34,368.83,554.84,31.67,98.37,0.4574,-1,-1,-1
90,2,1681.95,585.59,70.30,192.28,0.7568,-1,-1,-1
90,6,205.29,557.49,51.66,147.32,0.3254,-1,-1,-1
90,15,259.30,571.08,53.34,134.03,0.5301,-1,-1,-1
90,28,299.54,567.83,32.48,85.24,0.1535,-1,-1,-1
90,30,393.17,540.56,40.68,128.72,0.3598,-1,-1,-1
90,31,74.81,565.59,57.72,138.16,0.4846,-1,-1,-1
90,32,420.90,547.70,45.94,125.70,0.3054,-1,-1,-1
90,34,360.14,567.00,34.39,91.40,0.4281,-1,-1,-1
91,2,1684.61,595.26,72.46,188.67,0.7887,-1,-1,-1
91,6,199.76,559.94,51.00,146.30,0.3825,-1,-1,-1
91,15,249.98,558.83,63.60,149.01,0.4393,-1,-1,-1
91,30,385.44,545.65,42.12,124.50,0.3130,-1,-1,-1
91,31,67.54,566.68,56.60,141.21,0.4517,-1,-1,-1
91,32,413.98,550.34,46.29,125.48,0.5728,-1,-1,-1
91,34,354.04,570.98,33.57,89.08,0.3764,-1,-1,-1
92,2,1687.95,600.77,73.47,186.95,0.7964,-1,-1,-1
92,6,190.27,561.66,53.84,150.04,0.3345,-1,-1,-1
92,15,245.32,556.93,62.86,154.66,0.5456,-1,-1,-1
92,30,379.87,555.94,38.29,120.04,0.3352,-1,-1,-1
92,31,57.81,570.76,63.94,142.29,0.3359,-1,-1,-1
92,32,407.57,553.54,44.30,126.21,0.5375,-1,-1,-1
92,34,346.02,580.66,32.56,85.96,0.2400,-1,-1,-1
93,2,1689.28,605.34,73.98,187.00,0.8092,-1,-1,-1
93,6,184.59,555.33,53.60,159.98,0.5642,-1,-1,-1
93,15,241.01,566.95,56.23,146.06,0.5533,-1,-1,-1
93,30,371.14,554.89,36.76,126.00,0.3042,-1,-1,-1
93,31,49.45,575.39,64.13,140.37,0.2706,-1,-1,-1
93,32,400.98,556.00,44.18,127.30,0.5216,-1,-1,-1
93,34,338.94,581.72,32.75,87.19,0.4045,-1,-1,-1
94,2,1690.48,607.62,74.09,187.63,0.8040,-1,-1,-1
94,6,180.17,562.11,52.27,155.76,0.5233,-1,-1,-1
94,15,234.85,574.04,55.68,142.68,0.5421,-1,-1,-1
94,30,364.46,553.98,38.60,129.31,0.4128,-1,-1,-1
94,31,41.54,580.80,64.06,140.38,0.2337,-1,-1,-1
94,32,392.23,556.58,45.25,129.21,0.6202,-1,-1,-1
94,34,332.35,582.97,31.97,90.95,0.4827,-1,-1,-1
94,17,1697.28,540.74,38.88,81.63,0.3709,-1,-1,-1
95,2,1692.19,611.33,74.90,189.33,0.7915,-1,-1,-1
95,6,173.67,563.37,53.93,155.44,0.6019,-1,-1,-1
95,15,227.03,578.20,57.13,140.38,0.5212,-1,-1,-1
95,30,358.94,561.79,37.25,122.01,0.2499,-1,-1,-1
95,32,387.16,558.33,45.00,128.97,0.5344,-1,-1,-1
95,34,323.29,585.79,32.15,90.80,0.2524,-1,-1,-1
95,17,1694.61,542.11,40.74,90.43,0.4892,-1,-1,-1
96,2,1695.66,611.57,75.01,190.71,0.7886,-1,-1,-1
96,6,165.46,573.49,54.56,150.13,0.4634,-1,-1,-1
96,15,221.28,582.31,54.03,141.66,0.5758,-1,-1,-1
96,30,352.81,560.54,35.10,127.43,0.3449,-1,-1,-1
96,32,380.25,565.49,44.43,125.61,0.4838,-1,-1,-1
96,34,316.20,586.02,32.15,89.26,0.4530,-1,-1,-1
96,17,1693.33,541.26,43.16,95.09,0.5265,-1,-1,-1
97,2,1699.29,613.13,76.19,192.57,0.7860,-1,-1,-1
97,6,159.28,577.46,53.02,142.93,0.5563,-1,-1,-1
97,15,212.88,579.20,55.87,143.93,0.6522,-1,-1,-1
97,30,344.14,553.94,38.23,132.88,0.4801,-1,-1,-1
97,32,372.45,558.80,46.63,131.82,0.5171,-1,-1,-1
97,34,308.54,579.34,33.67,96.43,0.5859,-1,-1,-1
97,17,1692.28,543.73,42.82,95.58,0.5334,-1,-1,-1
98,2,1703.99,613.35,76.80,195.62,0.7919,-1,-1,-1
98,6,151.19,582.25,53.39,143.67,0.5599,-1,-1,-1
98,15,203.83,581.80,55.58,145.57,0.6216,-1,-1,-1
98,30,336.07,560.25,39.26,130.96,0.3058,-1,-1,-1
98,32,365.85,575.48,45.97,117.18,0.6109,-1,-1,-1
98,34,299.94,588.00,34.08,91.33,0.1682,-1,-1,-1
98,17,1690.90,545.10,41.56,96.54,0.5095,-1,-1,-1
99,2,1706.56,614.85,78.15,197.44,0.7603,-1,-1,-1
99,6,143.10,581.17,54.07,143.05,0.4824,-1,-1,-1
99,15,197.37,578.56,54.23,147.66,0.6654,-1,-1,-1
99,30,329.60,557.05,37.27,132.65,0.4519,-1,-1,-1
99,32,358.81,569.56,46.30,122.90,0.5577,-1,-1,-1
99,34,291.00,588.55,34.22,88.85,0.4879,-1,-1,-1
99,17,1688.58,545.71,42.12,101.78,0.5021,-1,-1,-1
100,2,1709.21,613.71,80.25,199.80,0.7946,-1,-1,-1
100,6,131.88,584.21,56.15,140.97,0.5672,-1,-1,-1
100,15,188.92,585.54,54.81,143.64,0.6085,-1,-1,-1
100,30,320.03,560.53,38.90,132.31,0.4082,-1,-1,-1
100,32,348.74,575.06,50.13,119.72,0.5459,-1,-1,-1
100,34,281.45,588.46,35.22,94.26,0.5926,-1,-1,-1
100,17,1685.76,547.14,42.53,102.64,0.6411,-1,-1,-1
101,2,1711.14,616.15,80.90,202.25,0.7865,-1,-1,-1
101,6,124.12,579.85,57.65,143.69,0.6033,-1,-1,-1
101,15,180.22,582.71,57.32,145.08,0.5850,-1,-1,-1
101,30,310.38,571.87,37.71,119.60,0.3813,-1,-1,-1
101,32,340.67,571.96,49.74,121.57,0.5708,-1,-1,-1
101,34,273.09,588.45,34.01,92.17,0.4470,-1,-1,-1
101,17,1684.59,549.77,40.06,104.09,0.7197,-1,-1,-1
101,39,434.31,561.34,34.19,107.39,0.3740,-1,-1,-1
102,2,1713.15,619.14,82.36,200.93,0.8136,-1,-1,-1
102,6,115.14,581.47,57.93,145.54,0.6262,-1,-1,-1
102,15,172.04,583.58,57.53,145.25,0.5693,-1,-1,-1
102,30,302.29,578.45,36.14,114.72,0.3031,-1,-1,-1
102,32,332.48,574.98,49.49,120.70,0.6190,-1,-1,-1
102,34,262.88,592.60,35.55,89.33,0.5423,-1,-1,-1
102,17,1683.94,549.80,37.99,104.46,0.7410,-1,-1,-1
102,39,431.06,561.61,31.54,110.21,0.3856,-1,-1,-1
102,41,389.34,573.71,43.17,126.20,0.3721,-1,-1,-1
103,2,1714.33,619.05,85.27,204.71,0.8262,-1,-1,-1
103,6,106.43,579.16,57.59,148.98,0.5525,-1,-1,-1
103,15,164.57,586.95,57.56,143.24,0.5183,-1,-1,-1
103,30,294.18,568.53,39.48,125.92,0.2903,-1,-1,-1
103,32,326.07,574.57,51.73,120.80,0.4853,-1,-1,-1
103,34,255.72,590.19,36.21,96.56,0.4423,-1,-1,-1
103,17,1683.19,549.83,36.75,103.80,0.7189,-1,-1,-1
103,39,423.49,561.56,31.38,108.60,0.3369,-1,-1,-1
103,41,384.95,571.12,40.26,128.21,0.3381,-1,-1,-1
103,42,1546.06,519.48,25.15,79.32,0.4540,-1,-1,-1
104,2,1715.64,623.92,86.60,207.04,0.8178,-1,-1,-1
104,6,95.99,576.68,58.26,149.79,0.5657,-1,-1,-1
104,15,154.96,589.01,52.87,139.15,0.4258,-1,-1,-1
104,30,284.35,580.88,38.05,113.91,0.2651,-1,-1,-1
104,32,316.24,576.84,50.98,117.41,0.3580,-1,-1,-1
104,34,247.66,589.37,36.13,93.38,0.3085,-1,-1,-1
104,17,1682.35,551.58,35.56,103.71,0.7075,-1,-1,-1
104,39,415.50,558.25,33.44,107.60,0.4466,-1,-1,-1
104,41,374.31,574.12,40.71,125.24,0.4726,-1,-1,-1
104,42,1545.39,521.73,23.10,77.01,0.3727,-1,-1,-1
105,2,1717.71,624.05,87.19,209.60,0.8057,-1,-1,-1
105,6,87.93,579.29,57.94,149.40,0.6009,-1,-1,-1
105,15,146.35,587.48,57.51,142.56,0.5509,-1,-1,-1
105,30,276.71,568.01,42.99,129.94,0.2310,-1,-1,-1
105,32,306.28,568.70,53.01,128.59,0.5166,-1,-1,-1
105,34,238.43,591.80,37.22,92.21,0.4489,-1,-1,-1
105,17,1681.21,549.67,34.84,104.32,0.6655,-1,-1,-1
105,39,408.54,559.03,34.45,114.63,0.4024,-1,-1,-1
105,41,367.60,570.44,40.96,131.77,0.3747,-1,-1,-1
105,42,1540.54,521.81,24.76,71.79,0.2296,-1,-1,-1
105,25,23.90,580.30,54.37,144.49,0.4171,-1,-1,-1
106,2,1722.69,625.87,85.90,212.19,0.7799,-1,-1,-1
106,6,77.97,574.93,56.39,153.06,0.5599,-1,-1,-1
106,15,138.66,577.87,59.25,151.49,0.5310,-1,-1,-1
106,30,266.10,579.94,42.63,120.34,0.2788,-1,-1,-1
106,32,298.86,566.75,52.33,130.01,0.5016,-1,-1,-1
106,34,228.17,589.59,36.66,95.33,0.3598,-1,-1,-1
106,17,1678.98,549.47,34.20,106.16,0.6087,-1,-1,-1
106,39,402.38,558.22,32.58,114.06,0.2996,-1,-1,-1
106,41,360.52,567.06,39.99,135.21,0.5134,-1,-1,-1
106,42,1535.96,522.45,25.64,72.45,0.3972,-1,-1,-1
106,25,15.29,578.55,55.73,144.16,0.2680,-1,-1,-1
107,2,1726.25,623.24,85.10,216.13,0.7890,-1,-1,-1
107,6,68.64,573.13,58.23,155.51,0.5917,-1,-1,-1
107,15,130.60,583.35,56.87,147.08,0.4010,-1,-1,-1
107,30,257.67,586.79,39.15,115.93,0.3930,-1,-1,-1
107,32,288.66,560.28,53.48,137.44,0.4681,-1,-1,-1
107,34,219.15,591.10,38.59,97.26,0.5192,-1,-1,-1
107,17,1677.48,547.23,32.76,106.39,0.5536,-1,-1,-1
107,39,394.26,560.36,34.07,108.36,0.5080,-1,-1,-1
107,41,352.01,562.90,42.04,140.58,0.5354,-1,-1,-1
107,42,1533.01,520.79,27.67,75.63,0.4412,-1,-1,-1
107,25,8.46,577.04,52.78,144.61,0.3999,-1,-1,-1
108,2,1728.76,628.04,84.91,218.03,0.8030,-1,-1,-1
108,6,55.21,568.16,63.06,160.12,0.5359,-1,-1,-1
108,15,121.22,576.31,55.29,152.89,0.4990,-1,-1,-1
108,32,278.93,557.73,54.30,141.01,0.5478,-1,-1,-1
108,34,210.02,587.04,37.50,100.42,0.5889,-1,-1,-1
108,17,1676.62,549.15,31.20,107.11,0.4694,-1,-1,-1
108,39,388.78,559.45,34.26,106.12,0.4565,-1,-1,-1
108,41,342.57,561.79,44.37,141.92,0.5371,-1,-1,-1
108,42,1531.85,523.98,26.18,74.99,0.3922,-1,-1,-1
108,25,0.52,574.33,52.85,148.77,0.4789,-1,-1,-1
109,2,1730.86,628.34,86.07,221.44,0.8076,-1,-1,-1
109,6,45.00,569.34,63.62,160.20,0.4893,-1,-1,-1
109,15,113.41,574.79,57.84,156.60,0.4129,-1,-1,-1
109,32,268.19,566.95,55.36,136.79,0.4146,-1,-1,-1
109,34,200.78,588.44,37.58,104.47,0.5079,-1,-1,-1
109,17,1675.10,549.20,30.51,107.17,0.5373,-1,-1,-1
109,39,381.34,558.72,35.23,111.07,0.4563,-1,-1,-1
109,41,336.26,557.50,42.43,148.67,0.5920,-1,-1,-1
109,42,1527.50,522.94,26.77,74.60,0.3971,-1,-1,-1
109,25,-1.99,574.81,45.65,154.06,0.3691,-1,-1,-1
110,2,1732.28,629.39,86.37,224.93,0.8127,-1,-1,-1
110,6,32.22,567.05,68.18,162.19,0.5921,-1,-1,-1
110,15,103.76,571.96,56.40,158.53,0.5837,-1,-1,-1
110,32,254.83,556.40,58.93,146.90,0.5140,-1,-1,-1
110,34,190.71,587.06,38.75,105.33,0.5302,-1,-1,-1
110,17,1674.02,550.60,28.97,107.72,0.3544,-1,-1,-1
110,39,374.00,557.15,35.11,109.12,0.4486,-1,-1,-1
110,41,326.66,561.75,44.10,143.55,0.6133,-1,-1,-1
110,42,1524.02,523.95,26.46,70.64,0.2786,-1,-1,-1
110,25,-2.23,571.94,35.96,154.60,0.3812,-1,-1,-1
111,2,1733.58,629.58,87.73,227.48,0.8115,-1,-1,-1
111,6,20.96,563.69,71.55,166.88,0.6223,-1,-1,-1
111,15,94.08,568.23,58.85,164.68,0.5886,-1,-1,-1
111,32,247.28,559.49,58.09,145.11,0.4755,-1,-1,-1
111,34,180.99,589.30,38.01,107.13,0.4031,-1,-1,-1
111,17,1670.96,552.37,30.12,106.55,0.2385,-1,-1,-1
111,39,366.37,558.63,36.15,109.14,0.4498,-1,-1,-1
111,41,318.49,571.19,42.43,135.49,0.5317,-1,-1,-1
111,42,1519.91,524.15,26.74,64.91,0.2104,-1,-1,-1
112,2,1734.86,632.26,89.63,228.24,0.8080,-1,-1,-1
112,6,9.35,566.56,76.44,166.06,0.5341,-1,-1,-1
112,15,84.35,572.65,59.56,161.69,0.5701,-1,-1,-1
112,32,238.54,567.49,56.26,138.85,0.5937,-1,-1,-1
112,34,170.83,592.59,36.59,103.58,0.4825,-1,-1,-1
112,39,357.42,559.56,36.87,111.58,0.5559,-1,-1,-1
112,41,307.84,570.88,41.50,138.64,0.5582,-1,-1,-1
113,2,1735.37,634.41,90.58,229.94,0.8039,-1,-1,-1
113,6,1.13,560.84,74.08,173.03,0.5961,-1,-1,-1
113,15,75.43,576.68,57.39,160.36,0.5790,-1,-1,-1
113,32,231.14,575.33,54.22,134.22,0.6197,-1,-1,-1
113,34,161.64,595.31,37.33,103.42,0.5199,-1,-1,-1
113,39,349.59,562.07,36.64,111.61,0.4348,-1,-1,-1
113,41,298.86,572.26,39.38,139.69,0.6007,-1,-1,-1
114,2,1737.52,635.06,90.23,230.99,0.7984,-1,-1,-1
114,6,1.00,571.47,62.79,164.21,0.5476,-1,-1,-1
114,15,63.16,567.92,59.62,169.22,0.6499,-1,-1,-1
114,32,218.75,580.92,55.00,129.35,0.5789,-1,-1,-1
114,34,151.53,597.43,34.87,102.95,0.6192,-1,-1,-1
114,39,341.23,564.54,36.71,109.53,0.5104,-1,-1,-1
114,41,290.23,571.95,41.48,141.17,0.4919,-1,-1,-1
115,2,1739.24,636.50,91.12,231.80,0.7915,-1,-1,-1
115,6,0.93,573.61,54.51,162.31,0.4662,-1,-1,-1
115,15,52.88,565.82,60.02,173.02,0.6516,-1,-1,-1
115,32,202.04,571.44,61.54,139.08,0.5423,-1,-1,-1
115,34,141.66,596.89,36.55,105.24,0.6164,-1,-1,-1
115,39,333.41,564.22,37.82,111.69,0.6417,-1,-1,-1
115,41,280.01,578.87,38.50,136.15,0.5716,-1,-1,-1
116,2,1741.08,636.44,91.70,234.96,0.7989,-1,-1,-1
116,6,-2.16,582.10,51.23,157.94,0.6271,-1,-1,-1
116,15,43.76,571.81,58.28,170.22,0.6052,-1,-1,-1
116,32,195.78,575.68,58.61,140.47,0.5416,-1,-1,-1
116,34,130.57,599.47,35.32,103.81,0.5737,-1,-1,-1
116,39,323.79,567.31,39.13,110.88,0.6120,-1,-1,-1
116,41,270.97,579.91,37.72,137.68,0.4738,-1,-1,-1
117,2,1741.45,638.67,93.75,238.29,0.8085,-1,-1,-1
117,6,-2.42,583.91,43.59,157.38,0.6280,-1,-1,-1
117,15,32.66,573.70,59.38,170.38,0.5951,-1,-1,-1
117,32,186.18,570.58,58.61,145.86,0.4908,-1,-1,-1
117,34,119.26,600.01,36.98,101.59,0.5760,-1,-1,-1
117,39,314.56,566.88,40.61,112.68,0.5427,-1,-1,-1
117,41,259.40,566.10,39.05,152.68,0.6098,-1,-1,-1
118,2,1742.78,637.40,95.80,243.99,0.8036,-1,-1,-1
118,6,-2.25,588.97,33.31,154.85,0.4959,-1,-1,-1
118,15,22.09,577.24,60.22,169.60,0.5140,-1,-1,-1
118,32,179.60,580.75,54.39,139.30,0.5471,-1,-1,-1
118,34,109.76,600.73,37.63,104.91,0.5085,-1,-1,-1
118,39,308.48,561.72,38.66,118.66,0.6467,-1,-1,-1
118,41,249.40,571.17,38.44,151.63,0.6612,-1,-1,-1
119,2,1745.56,639.71,99.19,246.02,0.8215,-1,-1,-1
119,6,-1.49,596.12,21.98,150.14,0.2037,-1,-1,-1
119,15,11.27,572.64,61.60,177.63,0.5951,-1,-1,-1
119,32,169.46,579.35,54.18,144.48,0.4578,-1,-1,-1
119,34,100.10,601.73,35.10,105.56,0.4756,-1,-1,-1
119,39,299.64,563.44,39.70,118.48,0.5508,-1,-1,-1
119,41,239.65,565.41,40.21,159.65,0.6096,-1,-1,-1
119,43,1742.83,566.09,46.92,97.71,0.3530,-1,-1,-1
120,2,1747.87,643.77,103.24,245.56,0.8126,-1,-1,-1
120,15,4.92,565.42,58.00,188.08,0.5784,-1,-1,-1
120,32,158.53,582.82,53.50,143.94,0.6007,-1,-1,-1
120,34,89.55,601.66,34.11,111.08,0.4243,-1,-1,-1
120,39,290.73,561.74,40.00,123.18,0.5785,-1,-1,-1
120,41,226.80,571.38,42.33,157.35,0.6484,-1,-1,-1
120,43,1742.42,558.84,43.97,107.86,0.4102,-1,-1,-1
121,2,1751.44,645.23,104.15,248.33,0.8092,-1,-1,-1
121,15,-0.52,555.48,55.68,197.47,0.5797,-1,-1,-1
121,32,146.88,586.14,56.03,140.59,0.5885,-1,-1,-1
121,34,78.71,601.89,35.88,112.48,0.5915,-1,-1,-1
121,39,286.05,563.19,37.49,120.03,0.6308,-1,-1,-1
121,41,217.64,570.11,43.15,160.92,0.5591,-1,-1,-1
121,43,1741.32,555.31,43.67,113.84,0.4363,-1,-1,-1
122,2,1755.64,646.10,101.99,251.85,0.8083,-1,-1,-1
122,15,-3.44,555.82,48.82,200.03,0.6185,-1,-1,-1
122,32,138.87,592.88,53.55,140.78,0.5101,-1,-1,-1
122,34,67.29,605.16,36.01,110.90,0.4069,-1,-1,-1
122,39,275.48,564.22,40.16,120.60,0.6008,-1,-1,-1
122,41,205.11,573.47,46.90,159.91,0.6580,-1,-1,-1
122,43,1739.98,553.36,42.82,117.33,0.3941,-1,-1,-1
123,2,1760.08,649.72,98.70,254.49,0.8086,-1,-1,-1
123,15,-2.97,568.25,41.49,187.76,0.5678,-1,-1,-1
123,32,128.66,598.77,56.28,139.32,0.4503,-1,-1,-1
123,34,54.89,607.76,37.69,115.13,0.3156,-1,-1,-1
123,39,266.53,559.71,42.11,128.82,0.6607,-1,-1,-1
123,41,194.52,580.91,49.23,154.90,0.5960,-1,-1,-1
123,43,1739.54,554.67,42.11,119.61,0.4080,-1,-1,-1
124,2,1764.31,649.37,98.36,259.50,0.8160,-1,-1,-1
124,15,-2.98,587.88,30.42,170.59,0.4856,-1,-1,-1
124,34,42.62,608.95,37.71,116.70,0.3101,-1,-1,-1
124,39,260.25,567.45,39.36,123.06,0.5866,-1,-1,-1
124,41,184.43,587.77,48.29,150.08,0.6279,-1,-1,-1
124,43,1739.25,555.07,42.39,117.56,0.4155,-1,-1,-1
124,30,97.11,583.22,52.96,151.05,0.4444,-1,-1,-1
125,2,1768.96,648.54,102.03,262.12,0.8160,-1,-1,-1
125,34,31.58,611.34,36.20,114.37,0.4599,-1,-1,-1
125,39,251.31,570.18,39.95,121.25,0.5345,-1,-1,-1
125,41,173.78,590.34,50.97,149.20,0.6423,-1,-1,-1
125,43,1737.10,554.49,42.42,118.72,0.3317,-1,-1,-1
125,30,87.04,580.82,51.73,150.27,0.3180,-1,-1,-1
125,28,0.06,619.15,25.81,103.08,0.3789,-1,-1,-1
126,2,1773.22,650.70,103.76,263.11,0.8114,-1,-1,-1
126,34,20.43,614.43,38.13,113.39,0.4120,-1,-1,-1
126,39,243.05,567.63,39.93,126.30,0.5828,-1,-1,-1
126,41,161.34,595.75,53.56,146.75,0.5843,-1,-1,-1
126,43,1731.55,554.92,42.09,111.55,0.2660,-1,-1,-1
126,30,77.47,584.80,52.38,147.13,0.2776,-1,-1,-1
127,2,1777.39,651.49,104.91,266.19,0.8200,-1,-1,-1
127,34,5.36,621.37,38.46,106.62,0.3591,-1,-1,-1
127,39,235.91,569.98,39.06,126.22,0.5794,-1,-1,-1
127,41,152.76,600.94,51.93,145.09,0.5949,-1,-1,-1
127,43,1728.20,555.91,42.37,108.31,0.3420,-1,-1,-1
127,32,83.23,622.91,58.10,119.40,0.4737,-1,-1,-1
128,2,1780.70,653.65,106.58,267.60,0.8193,-1,-1,-1
128,34,-2.09,621.37,32.15,109.33,0.3408,-1,-1,-1
128,39,225.41,563.19,40.54,133.39,0.6125,-1,-1,-1
128,41,141.53,603.01,54.15,144.49,0.5498,-1,-1,-1
128,43,1726.98,557.20,41.38,107.37,0.4015,-1,-1,-1
128,49,546.70,527.85,32.41,68.72,0.4191,-1,-1,-1
128,32,71.49,623.46,59.13,119.41,0.4675,-1,-1,-1
129,2,1785.41,656.08,110.79,269.47,0.8236,-1,-1,-1
129,34,-3.62,623.46,23.36,109.30,0.3118,-1,-1,-1
129,39,218.27,566.26,39.82,133.29,0.5914,-1,-1,-1
129,41,130.80,600.60,52.23,150.76,0.5154,-1,-1,-1
129,43,1726.47,556.70,39.27,109.05,0.3780,-1,-1,-1
129,49,543.87,528.53,29.29,68.32,0.3434,-1,-1,-1
129,32,63.29,623.16,55.99,122.96,0.3575,-1,-1,-1
130,2,1787.92,657.99,115.09,272.01,0.8219,-1,-1,-1
130,39,209.56,565.59,40.83,135.48,0.5546,-1,-1,-1
130,41,117.27,603.55,58.34,151.10,0.3295,-1,-1,-1
130,43,1724.62,556.64,36.61,114.42,0.3986,-1,-1,-1
130,49,540.41,526.87,25.76,71.84,0.2984,-1,-1,-1
130,32,49.08,622.79,56.91,126.72,0.3906,-1,-1,-1
130,30,29.44,586.63,52.29,158.47,0.4398,-1,-1,-1
131,2,1791.15,659.38,118.08,276.73,0.8319,-1,-1,-1
131,39,200.68,572.29,41.07,129.48,0.4724,-1,-1,-1
131,41,105.40,599.81,51.36,156.61,0.4307,-1,-1,-1
131,43,1717.60,557.18,41.66,118.68,0.4683,-1,-1,-1
131,49,533.93,526.13,28.28,72.32,0.4063,-1,-1,-1
131,32,38.41,626.08,58.66,126.16,0.1906,-1,-1,-1
131,30,14.66,587.83,53.91,153.60,0.4849,-1,-1,-1
132,2,1796.01,661.03,120.32,283.65,0.8652,-1,-1,-1
132,39,191.74,569.76,41.38,133.50,0.6432,-1,-1,-1
132,41,94.45,599.28,47.66,160.55,0.4306,-1,-1,-1
132,43,1714.54,555.54,43.57,120.39,0.4538,-1,-1,-1
132,49,527.91,526.55,28.95,72.33,0.2605,-1,-1,-1
132,32,22.56,629.17,63.42,123.66,0.1640,-1,-1,-1
132,30,2.50,585.51,52.57,159.20,0.5510,-1,-1,-1
133,2,1802.29,663.00,117.55,289.39,0.8824,-1,-1,-1
133,39,182.05,566.67,43.87,136.12,0.5320,-1,-1,-1
133,41,80.31,595.16,49.29,167.72,0.5457,-1,-1,-1
133,43,1712.47,556.83,45.20,120.75,0.4478,-1,-1,-1
133,49,523.72,527.31,30.53,71.87,0.4532,-1,-1,-1
133,32,12.86,629.04,60.89,131.30,0.3583,-1,-1,-1
133,30,-2.79,587.70,45.96,162.31,0.3456,-1,-1,-1
134,2,1807.22,665.03,113.99,294.75,0.8508,-1,-1,-1
134,39,173.42,567.22,42.18,138.31,0.5591,-1,-1,-1
134,41,50.73,580.90,66.55,188.11,0.4959,-1,-1,-1
134,43,1710.16,556.04,46.43,120.79,0.4811,-1,-1,-1
134,49,520.63,529.05,27.20,72.21,0.4260,-1,-1,-1
134,32,1.25,629.36,57.27,136.67,0.4838,-1,-1,-1
135,2,1811.14,665.92,110.24,301.32,0.8147,-1,-1,-1
135,39,165.73,569.83,40.83,138.20,0.5435,-1,-1,-1
135,41,32.43,574.44,74.08,198.22,0.5413,-1,-1,-1
135,43,1705.77,554.75,49.91,120.56,0.5032,-1,-1,-1
135,49,514.97,528.22,28.73,73.60,0.5474,-1,-1,-1
135,32,-3.36,621.09,50.19,146.78,0.5673,-1,-1,-1
136,2,1817.19,669.40,104.16,305.20,0.8375,-1,-1,-1
136,39,157.23,567.60,41.16,140.71,0.3930,-1,-1,-1
136,41,22.25,573.82,75.21,200.86,0.5249,-1,-1,-1
136,43,1701.49,555.79,50.72,116.35,0.4715,-1,-1,-1
136,49,509.24,527.15,28.23,73.91,0.5365,-1,-1,-1
136,32,-4.01,622.14,39.72,146.83,0.6005,-1,-1,-1
137,2,1823.68,677.43,97.88,307.36,0.7742,-1,-1,-1
137,39,148.53,572.94,40.33,137.77,0.4034,-1,-1,-1
137,41,15.82,573.29,70.58,204.60,0.6259,-1,-1,-1
137,43,1699.53,555.66,51.04,115.15,0.5034,-1,-1,-1
137,49,503.51,527.34,29.24,75.47,0.5479,-1,-1,-1
137,32,-3.22,634.60,29.22,137.99,0.4698,-1,-1,-1
138,2,1830.11,679.42,90.98,310.79,0.7835,-1,-1,-1
138,39,140.53,572.17,40.80,139.62,0.4940,-1,-1,-1
138,41,9.45,571.90,64.59,206.09,0.6375,-1,-1,-1
138,43,1697.75,556.12,50.98,113.83,0.4897,-1,-1,-1
138,49,499.76,529.63,29.94,73.40,0.5814,-1,-1,-1
138,52,1570.67,558.09,44.49,105.98,0.5702,-1,-1,-1
139,2,1833.52,680.03,87.33,315.55,0.7701,-1,-1,-1
139,41,2.06,575.43,59.12,203.07,0.6160,-1,-1,-1
139,43,1696.86,556.71,49.71,111.16,0.5073,-1,-1,-1
139,49,495.20,528.09,27.61,72.94,0.4401,-1,-1,-1
139,52,1568.73,554.75,39.65,108.85,0.5947,-1,-1,-1
140,2,1840.07,682.48,80.87,312.76,0.7505,-1,-1,-1
140,41,-2.67,574.89,51.66,210.80,0.6252,-1,-1,-1
140,43,1697.44,553.17,48.04,114.87,0.5277,-1,-1,-1
140,49,490.42,527.09,28.54,73.58,0.4968,-1,-1,-1
140,52,1566.70,550.76,37.21,111.42,0.6625,-1,-1,-1
140,39,122.26,562.71,42.05,152.69,0.3746,-1,-1,-1
141,2,1847.09,680.12,73.79,312.22,0.6799,-1,-1,-1
141,41,-3.80,579.13,41.44,208.72,0.5907,-1,-1,-1
141,43,1698.65,551.72,45.44,115.98,0.4524,-1,-1,-1
141,49,485.48,527.76,27.71,73.90,0.5268,-1,-1,-1
141,52,1563.40,549.75,38.21,111.66,0.7275,-1,-1,-1
142,2,1854.31,693.10,66.57,300.21,0.6423,-1,-1,-1
142,43,1700.93,554.74,41.88,114.77,0.4370,-1,-1,-1
142,49,480.82,527.33,28.43,75.22,0.4995,-1,-1,-1
142,52,1560.35,551.14,40.05,108.56,0.6806,-1,-1,-1
142,53,399.60,531.11,26.09,64.44,0.3643,-1,-1,-1
143,2,1860.22,703.43,59.75,297.16,0.5927,-1,-1,-1
143,43,1699.45,561.01,40.81,110.06,0.3686,-1,-1,-1
143,49,476.57,526.83,30.74,73.96,0.5369,-1,-1,-1
143,52,1556.93,553.32,40.26,109.26,0.5899,-1,-1,-1
143,53,394.69,530.08,25.31,63.52,0.2226,-1,-1,-1
144,2,1866.63,715.00,53.39,263.80,0.4746,-1,-1,-1
144,43,1696.85,566.40,41.88,107.76,0.4585,-1,-1,-1
144,49,473.23,527.54,28.43,75.01,0.5946,-1,-1,-1
144,52,1554.33,556.12,38.08,109.42,0.7093,-1,-1,-1
144,53,385.84,529.32,27.76,66.01,0.2881,-1,-1,-1
145,2,1873.70,730.67,45.60,237.84,0.2559,-1,-1,-1
145,43,1694.28,570.16,42.41,107.09,0.6018,-1,-1,-1
145,49,467.94,527.12,28.53,74.21,0.5255,-1,-1,-1
145,52,1549.13,557.73,37.33,108.19,0.6957,-1,-1,-1
145,53,381.51,528.98,28.13,65.38,0.4090,-1,-1,-1
146,43,1693.35,573.09,42.62,102.37,0.6214,-1,-1,-1
146,49,463.67,526.13,27.99,74.67,0.5848,-1,-1,-1
146,52,1545.34,555.98,38.50,110.32,0.6497,-1,-1,-1
146,53,378.81,529.27,27.01,64.62,0.4055,-1,-1,-1
147,43,1691.39,574.58,41.57,103.26,0.5343,-1,-1,-1
147,49,457.19,526.67,29.25,75.71,0.5244,-1,-1,-1
147,52,1540.74,557.47,39.13,109.72,0.6766,-1,-1,-1
147,53,372.26,530.76,28.05,65.28,0.3213,-1,-1,-1
148,43,1684.80,571.35,45.81,105.39,0.4709,-1,-1,-1
148,49,452.73,528.86,29.98,74.26,0.5903,-1,-1,-1
148,52,1532.19,555.16,44.67,112.65,0.6901,-1,-1,-1
148,53,363.87,529.68,28.87,66.64,0.3125,-1,-1,-1
149,43,1681.04,570.53,44.23,105.39,0.6105,-1,-1,-1
149,49,447.96,529.35,29.15,74.89,0.5575,-1,-1,-1
149,52,1520.73,554.25,52.78,113.62,0.6863,-1,-1,-1
149,53,357.96,529.85,30.36,67.74,0.3715,-1,-1,-1
150,43,1679.36,567.37,43.03,106.99,0.6682,-1,-1,-1
150,49,442.76,528.57,29.81,76.43,0.5841,-1,-1,-1
150,52,1512.87,558.03,58.21,109.69,0.7187,-1,-1,-1
150,53,355.11,530.16,28.60,68.07,0.4075,-1,-1,-1
151,43,1675.68,567.09,43.09,107.51,0.5866,-1,-1,-1
151,49,435.48,527.89,30.44,77.96,0.5415,-1,-1,-1
151,52,1509.02,559.39,58.25,109.05,0.7009,-1,-1,-1
151,53,348.99,533.00,28.70,68.17,0.3415,-1,-1,-1
152,43,1672.61,566.75,43.10,105.74,0.5131,-1,-1,-1
152,49,429.14,529.77,30.96,76.99,0.5592,-1,-1,-1
152,52,1506.80,558.00,56.23,110.43,0.6990,-1,-1,-1
152,53,345.52,535.80,25.58,65.83,0.1729,-1,-1,-1
153,43,1672.99,566.39,38.57,97.04,0.4089,-1,-1,-1
153,49,424.04,530.23,28.87,75.41,0.5252,-1,-1,-1
153,52,1501.83,557.04,57.42,110.14,0.6614,-1,-1,-1
153,53,337.21,536.07,28.52,65.69,0.3114,-1,-1,-1
154,43,1672.18,570.59,34.56,89.71,0.2669,-1,-1,-1
154,49,417.06,532.12,30.09,76.83,0.5157,-1,-1,-1
154,52,1497.16,553.73,53.82,113.19,0.6689,-1,-1,-1
154,53,331.22,538.67,27.06,65.36,0.2296,-1,-1,-1
155,49,410.85,530.34,29.73,79.29,0.5748,-1,-1,-1
155,52,1491.76,552.33,50.71,113.10,0.6495,-1,-1,-1
155,53,325.17,539.22,26.81,66.19,0.2823,-1,-1,-1
156,49,403.44,532.60,30.72,78.77,0.5339,-1,-1,-1
156,52,1487.59,550.47,46.88,115.38,0.6682,-1,-1,-1
157,49,397.74,534.95,30.29,77.78,0.5838,-1,-1,-1
157,52,1481.16,551.03,45.34,113.79,0.6720,-1,-1,-1
157,55,1301.64,521.33,30.35,72.48,0.3436,-1,-1,-1
158,49,392.88,535.84,29.10,78.75,0.5319,-1,-1,-1
158,52,1474.57,548.54,45.43,116.04,0.7304,-1,-1,-1
158,55,1297.31,520.90,31.02,73.92,0.3213,-1,-1,-1
158,56,1437.07,533.73,22.29,88.70,0.4271,-1,-1,-1
159,49,387.65,537.62,28.52,78.28,0.5667,-1,-1,-1
159,52,1469.84,546.23,44.28,117.87,0.7112,-1,-1,-1
159,55,1294.26,518.52,28.80,73.91,0.2481,-1,-1,-1
159,56,1432.52,532.99,23.22,89.76,0.2420,-1,-1,-1
160,49,380.43,538.80,30.43,79.49,0.5007,-1,-1,-1
160,52,1465.87,545.72,43.13,119.00,0.6753,-1,-1,-1
160,55,1284.41,519.30,34.76,74.16,0.2908,-1,-1,-1
161,49,376.52,538.65,30.10,79.29,0.4978,-1,-1,-1
161,52,1461.41,546.39,43.37,117.94,0.6508,-1,-1,-1
161,55,1283.57,517.80,31.59,75.88,0.3037,-1,-1,-1
162,49,371.16,539.58,31.25,78.40,0.5280,-1,-1,-1
162,52,1457.33,549.15,44.01,113.58,0.6770,-1,-1,-1
162,55,1277.32,524.10,32.11,71.25,0.1501,-1,-1,-1
163,49,364.79,540.64,31.54,79.73,0.4652,-1,-1,-1
163,52,1451.13,549.73,46.43,113.45,0.6457,-1,-1,-1
164,49,360.42,540.19,32.25,80.06,0.5371,-1,-1,-1
164,52,1446.79,548.79,47.13,114.24,0.6249,-1,-1,-1
165,49,355.20,541.56,32.13,80.49,0.5057,-1,-1,-1
165,52,1439.37,547.96,50.37,115.53,0.6663,-1,-1,-1
166,49,350.23,543.10,30.00,79.50,0.5511,-1,-1,-1
166,52,1433.91,548.22,50.45,115.55,0.6798,-1,-1,-1
167,49,345.33,543.29,30.90,78.81,0.6244,-1,-1,-1
167,52,1431.61,545.04,47.03,117.18,0.6658,-1,-1,-1
168,49,339.13,543.08,32.96,79.41,0.5757,-1,-1,-1
168,52,1428.35,543.32,44.47,117.22,0.6641,-1,-1,-1
169,49,334.43,543.73,34.03,79.06,0.5617,-1,-1,-1
169,52,1424.96,543.95,42.52,117.47,0.6759,-1,-1,-1
170,49,330.48,543.18,32.19,78.94,0.5520,-1,-1,-1
170,52,1421.01,540.60,41.71,120.24,0.6740,-1,-1,-1
171,49,325.39,543.71,32.05,77.92,0.5632,-1,-1,-1
171,52,1415.40,539.47,43.84,123.27,0.5670,-1,-1,-1
172,49,320.78,541.94,31.56,78.12,0.5779,-1,-1,-1
172,52,1410.84,535.48,43.23,125.80,0.6204,-1,-1,-1
173,49,315.28,541.23,32.89,80.84,0.5737,-1,-1,-1
173,52,1406.13,532.80,43.79,128.47,0.5631,-1,-1,-1
174,49,310.99,542.79,34.19,79.40,0.6001,-1,-1,-1
174,52,1402.43,531.18,45.39,131.02,0.6384,-1,-1,-1
175,49,306.60,541.62,34.93,79.73,0.4848,-1,-1,-1
175,52,1393.87,532.07,52.21,131.50,0.6645,-1,-1,-1
176,49,302.01,542.07,34.36,80.60,0.5860,-1,-1,-1
176,52,1388.15,534.64,55.33,129.55,0.6767,-1,-1,-1
177,49,297.21,542.03,34.91,78.49,0.6517,-1,-1,-1
177,52,1384.55,534.34,56.30,130.39,0.7054,-1,-1,-1
178,49,293.25,542.40,34.38,80.92,0.6082,-1,-1,-1
178,52,1384.84,534.73,53.99,130.59,0.6719,-1,-1,-1
179,49,289.29,540.83,34.81,82.99,0.6119,-1,-1,-1
179,52,1385.32,535.93,50.73,129.47,0.6810,-1,-1,-1
180,49,284.45,543.52,35.91,81.93,0.5634,-1,-1,-1
180,52,1383.99,535.35,49.17,130.37,0.7040,-1,-1,-1
180,58,1608.24,543.46,38.63,128.57,0.4055,-1,-1,-1
181,49,280.76,543.43,35.75,83.24,0.5570,-1,-1,-1
181,52,1383.41,536.39,44.21,127.99,0.7124,-1,-1,-1
181,58,1601.00,544.77,49.36,128.30,0.3670,-1,-1,-1
182,49,275.47,543.86,35.43,83.42,0.5938,-1,-1,-1
182,52,1379.94,537.01,43.51,127.76,0.7275,-1,-1,-1
182,58,1602.59,545.84,48.10,127.50,0.4360,-1,-1,-1
183,49,271.91,544.54,34.08,84.80,0.6421,-1,-1,-1
183,52,1376.00,536.78,43.87,128.52,0.7399,-1,-1,-1
183,58,1606.81,549.63,44.25,124.53,0.4207,-1,-1,-1
184,49,267.10,546.32,34.46,84.34,0.6225,-1,-1,-1
184,52,1373.17,536.03,43.10,129.44,0.7634,-1,-1,-1
184,58,1608.81,545.75,42.13,128.41,0.4364,-1,-1,-1
185,49,262.52,547.83,34.94,83.53,0.5510,-1,-1,-1
185,52,1370.57,534.62,43.87,131.36,0.7475,-1,-1,-1
185,58,1608.58,543.74,41.92,131.19,0.4627,-1,-1,-1
186,49,259.05,547.45,35.40,84.66,0.5228,-1,-1,-1
186,52,1369.20,534.22,42.64,132.37,0.7192,-1,-1,-1
186,58,1607.28,545.02,43.66,128.74,0.3661,-1,-1,-1
187,49,254.74,548.58,34.99,85.64,0.5690,-1,-1,-1
187,52,1366.72,533.68,42.57,133.12,0.7051,-1,-1,-1
187,58,1599.36,542.95,51.12,131.76,0.3333,-1,-1,-1
188,49,250.27,549.83,34.96,86.24,0.5666,-1,-1,-1
188,52,1364.53,534.17,43.64,134.26,0.6752,-1,-1,-1
188,58,1595.68,546.37,56.15,130.70,0.4374,-1,-1,-1
189,49,246.48,550.21,34.74,89.17,0.5181,-1,-1,-1
189,52,1359.29,532.58,48.09,137.33,0.6417,-1,-1,-1
189,58,1594.90,545.19,58.48,132.65,0.4622,-1,-1,-1
190,49,241.83,549.70,36.31,90.45,0.5532,-1,-1,-1
190,52,1356.29,533.63,50.14,136.06,0.6758,-1,-1,-1
190,58,1594.35,541.75,60.56,135.74,0.5133,-1,-1,-1
191,49,238.22,553.10,36.48,88.30,0.5020,-1,-1,-1
191,52,1353.59,534.60,51.73,135.29,0.6663,-1,-1,-1
191,58,1595.10,540.08,62.71,137.02,0.5088,-1,-1,-1
192,49,234.19,552.95,37.90,88.04,0.5345,-1,-1,-1
192,52,1351.59,539.77,51.50,129.54,0.6262,-1,-1,-1
192,58,1601.98,540.26,55.59,134.99,0.4879,-1,-1,-1
193,49,228.73,555.82,38.36,86.69,0.6065,-1,-1,-1
193,52,1349.74,540.88,51.79,130.00,0.6603,-1,-1,-1
193,58,1603.09,539.58,56.45,135.89,0.5483,-1,-1,-1
194,49,225.29,559.14,36.10,85.57,0.5888,-1,-1,-1
194,52,1347.98,541.99,50.12,128.66,0.6725,-1,-1,-1
194,58,1606.13,547.41,55.77,128.10,0.5190,-1,-1,-1
195,49,222.25,559.79,34.82,84.57,0.5122,-1,-1,-1
195,52,1345.93,541.40,49.29,129.63,0.6875,-1,-1,-1
195,58,1604.27,547.60,59.04,127.86,0.5450,-1,-1,-1
196,49,218.50,561.08,35.12,86.33,0.4654,-1,-1,-1
196,52,1345.52,542.17,47.26,130.84,0.6782,-1,-1,-1
196,58,1607.05,548.37,57.98,127.31,0.5421,-1,-1,-1
197,49,214.15,561.74,35.70,86.40,0.4672,-1,-1,-1
197,52,1345.19,541.43,45.44,131.79,0.6293,-1,-1,-1
197,58,1610.79,549.19,54.33,125.61,0.4579,-1,-1,-1
198,49,211.31,562.64,34.47,85.85,0.5394,-1,-1,-1
198,52,1345.06,542.67,43.57,128.66,0.4941,-1,-1,-1
198,58,1617.20,551.46,49.12,122.91,0.5008,-1,-1,-1
199,49,207.23,562.73,34.92,86.66,0.5186,-1,-1,-1
199,52,1344.11,543.66,43.55,126.74,0.6218,-1,-1,-1
199,58,1620.97,553.71,45.70,121.03,0.5727,-1,-1,-1
200,49,202.51,563.73,37.04,88.45,0.4726,-1,-1,-1
200,52,1342.56,544.83,44.63,126.58,0.6267,-1,-1,-1
200,58,1621.41,555.14,45.68,119.89,0.5277,-1,-1,-1
201,49,200.25,563.82,35.21,89.14,0.4735,-1,-1,-1
201,52,1341.37,547.70,44.77,124.00,0.6503,-1,-1,-1
201,58,1619.79,553.93,49.56,121.67,0.6185,-1,-1,-1
202,49,194.66,563.60,36.96,91.60,0.6059,-1,-1,-1
202,52,1339.67,548.74,45.48,124.43,0.6763,-1,-1,-1
202,58,1621.29,553.98,50.83,122.98,0.6072,-1,-1,-1
203,49,189.83,564.03,39.81,92.24,0.5574,-1,-1,-1
203,52,1337.30,551.38,47.32,120.86,0.7051,-1,-1,-1
203,58,1624.12,553.96,49.76,124.14,0.5664,-1,-1,-1
204,49,187.01,565.65,39.65,91.84,0.5613,-1,-1,-1
204,52,1336.23,551.31,47.85,121.24,0.7168,-1,-1,-1
204,58,1630.03,553.08,47.50,123.32,0.6135,-1,-1,-1
205,49,182.70,566.66,38.44,91.18,0.5739,-1,-1,-1
205,52,1335.14,547.87,47.67,124.60,0.7263,-1,-1,-1
205,58,1631.46,554.48,47.30,120.79,0.6115,-1,-1,-1
206,49,178.03,567.64,39.52,90.73,0.5752,-1,-1,-1
206,52,1335.07,547.99,47.29,125.21,0.7371,-1,-1,-1
206,58,1628.40,555.17,52.53,122.35,0.5101,-1,-1,-1
207,49,173.16,570.07,39.40,92.11,0.5725,-1,-1,-1
207,52,1334.18,549.28,47.07,126.38,0.7599,-1,-1,-1
207,58,1627.72,557.16,55.67,122.59,0.4882,-1,-1,-1
208,49,168.76,570.51,39.03,92.40,0.5600,-1,-1,-1
208,52,1332.83,547.94,48.67,128.82,0.7474,-1,-1,-1
208,58,1641.29,557.31,45.49,122.12,0.4171,-1,-1,-1
209,49,165.47,569.69,39.15,93.01,0.5244,-1,-1,-1
209,52,1331.42,545.36,49.38,132.12,0.7468,-1,-1,-1
209,58,1646.25,558.39,43.35,123.02,0.6142,-1,-1,-1
210,49,162.56,570.78,37.86,93.36,0.4564,-1,-1,-1
210,52,1330.39,543.25,49.06,134.35,0.7449,-1,-1,-1
210,58,1647.74,559.89,45.31,123.45,0.5731,-1,-1,-1
211,49,158.83,571.21,40.92,94.90,0.5727,-1,-1,-1
211,52,1330.01,545.20,47.83,133.76,0.7634,-1,-1,-1
211,58,1653.64,566.08,43.56,119.70,0.5296,-1,-1,-1
212,49,155.82,570.66,40.80,95.38,0.6044,-1,-1,-1
212,52,1328.58,546.32,48.76,132.36,0.7383,-1,-1,-1
212,58,1657.88,560.56,46.05,126.29,0.5281,-1,-1,-1
213,49,153.42,571.85,40.76,95.26,0.5522,-1,-1,-1
213,52,1328.88,548.41,49.10,131.70,0.7345,-1,-1,-1
213,58,1652.00,561.48,57.73,128.50,0.4816,-1,-1,-1
214,49,150.87,573.90,40.97,94.56,0.5941,-1,-1,-1
214,52,1329.88,547.39,49.27,133.42,0.6757,-1,-1,-1
214,58,1653.99,560.17,60.30,128.37,0.5132,-1,-1,-1
215,49,149.02,571.26,40.09,95.07,0.5917,-1,-1,-1
215,52,1330.36,547.96,49.49,134.89,0.6778,-1,-1,-1
215,58,1667.08,559.71,51.73,129.72,0.5428,-1,-1,-1
216,49,147.14,574.08,37.52,93.02,0.4253,-1,-1,-1
216,52,1331.81,550.17,48.68,134.96,0.6689,-1,-1,-1
216,58,1675.11,562.53,47.21,126.34,0.6051,-1,-1,-1
217,49,143.62,572.99,36.60,94.80,0.4762,-1,-1,-1
217,52,1332.89,550.26,48.70,135.52,0.7014,-1,-1,-1
217,58,1681.03,561.48,45.72,124.86,0.4835,-1,-1,-1
218,49,140.37,573.24,37.42,94.36,0.4896,-1,-1,-1
218,52,1335.14,549.11,47.69,135.56,0.7457,-1,-1,-1
218,58,1677.24,561.32,60.15,127.25,0.4890,-1,-1,-1
218,62,-0.63,578.17,20.12,84.23,0.4196,-1,-1,-1
219,49,139.82,572.82,38.32,94.90,0.4862,-1,-1,-1
219,52,1337.19,549.90,47.18,136.30,0.7612,-1,-1,-1
219,58,1689.69,561.38,53.14,126.29,0.5400,-1,-1,-1
219,62,-0.62,579.17,18.36,84.66,0.3336,-1,-1,-1
219,63,23.08,580.96,34.96,84.95,0.4327,-1,-1,-1
220,49,138.07,575.80,38.44,95.12,0.4596,-1,-1,-1
220,52,1338.95,548.69,48.13,138.33,0.7627,-1,-1,-1
220,58,1695.90,562.63,51.79,124.80,0.5392,-1,-1,-1
220,63,16.41,580.55,38.41,90.62,0.5612,-1,-1,-1
221,49,134.22,574.05,39.35,96.69,0.4649,-1,-1,-1
221,52,1342.05,548.00,47.65,141.10,0.7531,-1,-1,-1
221,58,1704.27,565.76,46.97,123.13,0.5218,-1,-1,-1
221,63,11.77,579.93,40.31,88.40,0.5348,-1,-1,-1
222,49,130.88,573.82,40.04,98.46,0.4811,-1,-1,-1
222,52,1345.71,545.62,45.62,140.11,0.7572,-1,-1,-1
222,58,1701.26,560.63,60.94,127.12,0.5033,-1,-1,-1
222,63,10.56,580.09,40.06,89.31,0.5541,-1,-1,-1
223,49,129.19,574.10,39.52,98.28,0.5022,-1,-1,-1
223,52,1347.42,546.70,46.50,140.03,0.7557,-1,-1,-1
223,58,1714.73,563.12,52.60,126.17,0.5337,-1,-1,-1
223,63,9.43,579.56,38.26,89.65,0.4608,-1,-1,-1
224,49,128.39,577.55,40.65,97.11,0.4719,-1,-1,-1
224,52,1348.93,544.19,47.29,141.22,0.7570,-1,-1,-1
224,58,1721.46,560.93,50.51,126.02,0.4782,-1,-1,-1
224,63,8.07,587.51,36.71,85.73,0.2199,-1,-1,-1
225,49,127.41,577.58,40.43,97.25,0.4994,-1,-1,-1
225,52,1350.97,545.58,48.02,139.21,0.7485,-1,-1,-1
225,58,1728.69,556.76,54.27,129.14,0.5429,-1,-1,-1
225,63,3.59,591.26,35.14,82.32,0.1935,-1,-1,-1
226,49,125.84,584.99,42.05,94.32,0.4238,-1,-1,-1
226,52,1352.52,546.68,48.12,137.65,0.7008,-1,-1,-1
226,58,1731.99,556.93,58.66,126.78,0.5111,-1,-1,-1
226,63,0.35,598.44,34.41,81.03,0.3552,-1,-1,-1
227,49,121.93,584.93,40.93,95.62,0.3098,-1,-1,-1
227,52,1354.43,547.27,48.90,139.29,0.7483,-1,-1,-1
227,58,1743.32,558.54,52.67,126.38,0.5236,-1,-1,-1
227,63,-0.38,596.36,32.51,83.19,0.3347,-1,-1,-1
228,49,118.75,586.45,38.75,96.06,0.3373,-1,-1,-1
228,52,1356.56,548.26,48.50,141.51,0.7463,-1,-1,-1
228,58,1751.00,554.58,53.98,128.68,0.5434,-1,-1,-1
228,63,-0.80,592.24,31.71,89.06,0.3095,-1,-1,-1
229,49,117.16,586.43,37.11,96.41,0.4067,-1,-1,-1
229,52,1358.61,548.17,48.37,141.28,0.7454,-1,-1,-1
229,58,1753.81,557.20,58.92,128.07,0.5028,-1,-1,-1
229,63,-0.65,591.62,30.10,90.18,0.2357,-1,-1,-1
230,49,116.88,587.09,34.75,97.17,0.3009,-1,-1,-1
230,52,1361.86,548.93,48.41,140.69,0.7491,-1,-1,-1
230,58,1763.86,555.40,55.56,127.36,0.5397,-1,-1,-1
230,63,-0.40,591.63,23.49,90.72,0.2031,-1,-1,-1
231,49,115.92,587.59,35.30,97.31,0.3338,-1,-1,-1
231,52,1363.96,551.91,49.35,138.79,0.7345,-1,-1,-1
231,58,1774.57,554.49,56.20,130.31,0.5590,-1,-1,-1
231,63,-0.38,592.11,21.23,88.67,0.2399,-1,-1,-1
232,49,113.20,589.94,37.47,96.39,0.2763,-1,-1,-1
232,52,1366.62,552.34,48.59,138.52,0.7349,-1,-1,-1
232,58,1778.27,553.24,62.16,131.31,0.5180,-1,-1,-1
232,63,-0.19,600.17,22.60,81.77,0.2920,-1,-1,-1
233,49,111.95,589.42,38.66,96.81,0.2297,-1,-1,-1
233,52,1368.64,551.37,48.79,140.80,0.7661,-1,-1,-1
233,58,1789.64,556.30,59.22,128.92,0.5370,-1,-1,-1
233,63,0.01,603.07,21.76,78.43,0.2339,-1,-1,-1
234,49,109.19,590.27,39.65,96.94,0.3436,-1,-1,-1
234,52,1371.02,552.80,48.56,138.73,0.7041,-1,-1,-1
234,58,1793.67,558.78,64.36,128.96,0.4532,-1,-1,-1
235,49,107.45,586.94,37.90,99.02,0.2830,-1,-1,-1
235,52,1374.59,553.70,48.65,136.98,0.6636,-1,-1,-1
235,58,1807.03,559.26,59.36,128.97,0.4599,-1,-1,-1
236,49,105.85,586.43,38.08,100.77,0.2908,-1,-1,-1
236,52,1377.87,552.83,51.24,136.79,0.7028,-1,-1,-1
236,58,1822.66,553.72,56.81,126.09,0.5267,-1,-1,-1
237,49,104.96,582.78,38.81,103.33,0.3074,-1,-1,-1
237,52,1380.26,551.87,53.72,137.20,0.6999,-1,-1,-1
237,58,1834.36,549.57,57.44,126.43,0.5034,-1,-1,-1
238,49,104.87,582.51,40.93,104.32,0.3777,-1,-1,-1
238,52,1384.56,553.01,51.47,136.75,0.7134,-1,-1,-1
238,58,1845.73,546.87,57.87,134.80,0.5070,-1,-1,-1
239,49,104.41,579.00,43.93,105.41,0.3826,-1,-1,-1
239,52,1386.95,553.22,51.24,137.22,0.6842,-1,-1,-1
239,58,1850.57,544.95,63.02,139.84,0.4651,-1,-1,-1
240,49,103.89,578.08,44.73,105.94,0.3988,-1,-1,-1
240,52,1390.54,550.46,50.35,141.31,0.7217,-1,-1,-1
240,58,1863.36,543.20,57.68,134.65,0.4512,-1,-1,-1
241,49,103.46,576.61,43.58,107.71,0.4285,-1,-1,-1
241,52,1396.15,548.56,48.84,144.68,0.7552,-1,-1,-1
241,58,1871.81,545.95,52.05,136.70,0.4767,-1,-1,-1
242,49,104.16,577.72,43.70,106.91,0.4135,-1,-1,-1
242,52,1400.93,548.23,48.71,145.95,0.6746,-1,-1,-1
242,58,1882.89,552.28,40.84,118.50,0.2192,-1,-1,-1
243,49,104.47,576.30,45.59,108.41,0.4093,-1,-1,-1
243,52,1405.32,550.29,47.95,143.48,0.6901,-1,-1,-1
243,58,1893.81,563.22,28.88,104.93,0.2036,-1,-1,-1
244,49,104.06,576.37,44.35,108.30,0.3628,-1,-1,-1
244,52,1410.53,553.87,48.03,139.95,0.7140,-1,-1,-1
245,49,105.25,577.06,43.71,109.28,0.3807,-1,-1,-1
245,52,1416.88,555.90,46.57,139.24,0.7655,-1,-1,-1
246,49,105.31,577.14,41.83,109.93,0.3632,-1,-1,-1
246,52,1422.72,554.89,46.59,140.86,0.7619,-1,-1,-1
247,49,104.70,579.29,41.67,110.03,0.4197,-1,-1,-1
247,52,1427.83,555.55,46.86,141.17,0.7415,-1,-1,-1
247,69,1318.11,582.19,45.98,133.73,0.4750,-1,-1,-1
248,49,105.08,581.41,40.59,109.03,0.3854,-1,-1,-1
248,52,1434.13,556.28,47.16,141.68,0.7561,-1,-1,-1
248,69,1327.59,583.29,47.35,132.00,0.3796,-1,-1,-1
249,49,105.57,584.04,42.41,109.28,0.4063,-1,-1,-1
249,52,1440.48,554.64,46.71,144.93,0.7948,-1,-1,-1
249,69,1334.66,582.13,48.81,132.59,0.3824,-1,-1,-1
250,49,106.08,586.26,43.51,108.45,0.4542,-1,-1,-1
250,52,1446.59,549.48,47.61,148.82,0.7218,-1,-1,-1
250,69,1340.22,581.18,48.03,131.10,0.3014,-1,-1,-1
251,49,107.20,587.30,42.62,108.45,0.3931,-1,-1,-1
251,52,1455.15,545.57,44.36,155.73,0.7527,-1,-1,-1
251,69,1353.06,582.32,46.74,130.53,0.2779,-1,-1,-1
252,49,110.19,588.75,38.22,105.09,0.3095,-1,-1,-1
252,52,1461.44,547.62,44.93,152.40,0.7404,-1,-1,-1
253,49,115.22,591.34,38.70,105.27,0.4483,-1,-1,-1
253,52,1468.83,541.84,45.08,156.73,0.7455,-1,-1,-1
254,49,118.85,591.28,38.61,105.76,0.4651,-1,-1,-1
254,52,1473.94,539.28,46.13,158.36,0.7033,-1,-1,-1
255,49,119.81,593.88,40.55,107.75,0.3868,-1,-1,-1
255,52,1481.31,536.11,45.09,157.21,0.7114,-1,-1,-1
256,49,123.33,593.94,40.97,110.80,0.4109,-1,-1,-1
256,52,1489.27,538.06,46.35,156.50,0.7257,-1,-1,-1
257,49,127.99,595.20,45.24,110.02,0.3283,-1,-1,-1
257,52,1498.02,537.43,45.14,154.16,0.7083,-1,-1,-1
258,49,131.55,596.48,45.23,109.76,0.3460,-1,-1,-1
258,52,1506.16,543.19,45.85,151.24,0.6423,-1,-1,-1
259,49,132.84,595.05,43.74,111.10,0.3772,-1,-1,-1
259,52,1512.98,549.62,49.40,145.95,0.5939,-1,-1,-1
259,70,0.57,610.37,25.84,95.15,0.4729,-1,-1,-1
260,49,133.22,598.84,42.61,109.42,0.3197,-1,-1,-1
260,52,1513.95,551.08,60.61,147.09,0.6694,-1,-1,-1
260,70,0.79,612.12,29.03,94.57,0.4129,-1,-1,-1
261,49,135.58,600.94,42.28,108.08,0.3941,-1,-1,-1
261,52,1520.98,553.34,64.48,145.47,0.5765,-1,-1,-1
261,70,0.20,612.12,31.18,96.42,0.5006,-1,-1,-1
262,49,140.17,601.14,37.79,108.03,0.4578,-1,-1,-1
262,52,1523.02,562.30,73.79,136.09,0.4398,-1,-1,-1
262,70,0.40,610.98,29.99,97.26,0.4984,-1,-1,-1
263,49,141.84,602.20,39.03,106.87,0.3133,-1,-1,-1
263,70,-0.11,612.31,32.43,95.49,0.4663,-1,-1,-1
264,49,144.64,601.39,41.12,107.58,0.2673,-1,-1,-1
264,70,0.13,612.01,33.46,96.47,0.5156,-1,-1,-1
265,49,147.00,600.58,44.22,109.34,0.3717,-1,-1,-1
265,70,-0.34,614.57,33.94,93.70,0.4631,-1,-1,-1
266,49,149.46,600.62,44.20,109.30,0.2731,-1,-1,-1
266,70,0.25,613.84,37.52,94.03,0.4623,-1,-1,-1
266,75,997.01,512.92,29.39,85.20,0.4399,-1,-1,-1
266,52,1573.74,574.72,65.30,136.51,0.4049,-1,-1,-1
267,49,151.20,600.16,44.40,111.38,0.4010,-1,-1,-1
267,70,-0.12,613.68,41.19,94.70,0.4943,-1,-1,-1
267,75,1003.83,517.38,27.15,80.68,0.3558,-1,-1,-1
268,49,154.28,600.24,44.37,111.38,0.2467,-1,-1,-1
268,70,2.28,612.57,42.43,98.34,0.4669,-1,-1,-1
268,75,1008.70,517.64,28.49,81.89,0.3297,-1,-1,-1
268,77,1050.40,510.91,36.81,99.22,0.4425,-1,-1,-1
269,49,155.04,598.89,44.03,112.96,0.3899,-1,-1,-1
269,70,3.79,610.57,44.59,99.87,0.4942,-1,-1,-1
269,75,1021.93,512.94,25.96,89.03,0.3662,-1,-1,-1
269,77,1058.66,507.72,40.61,99.93,0.4786,-1,-1,-1
270,49,157.22,594.92,43.18,114.02,0.3389,-1,-1,-1
270,70,5.94,608.45,46.38,99.22,0.4642,-1,-1,-1
270,75,1024.68,509.32,26.94,88.66,0.3831,-1,-1,-1
270,77,1065.55,504.67,38.93,96.66,0.4245,-1,-1,-1
271,49,161.47,595.18,42.39,112.50,0.4304,-1,-1,-1
271,70,10.49,609.55,44.21,97.18,0.5401,-1,-1,-1
271,75,1027.20,510.14,27.73,87.16,0.3106,-1,-1,-1
271,77,1070.02,505.55,37.90,96.71,0.4254,-1,-1,-1
271,79,1584.88,592.45,53.60,187.55,0.4663,-1,-1,-1
272,49,164.05,593.73,41.97,112.53,0.2739,-1,-1,-1
272,70,11.79,605.66,44.09,99.64,0.5138,-1,-1,-1
272,75,1032.62,514.64,27.01,81.05,0.3015,-1,-1,-1
272,77,1075.13,508.45,36.64,97.38,0.3737,-1,-1,-1
273,49,167.30,592.22,45.96,115.03,0.3818,-1,-1,-1
273,70,13.38,606.36,45.02,100.42,0.5929,-1,-1,-1
273,75,1036.23,514.45,31.03,81.97,0.2426,-1,-1,-1
273,77,1079.96,507.77,42.19,99.37,0.3637,-1,-1,-1
274,49,167.53,590.14,47.37,115.33,0.2279,-1,-1,-1
274,70,13.83,601.35,44.33,102.52,0.4455,-1,-1,-1
274,75,1051.05,508.24,25.65,88.33,0.3397,-1,-1,-1
274,77,1088.37,506.70,41.19,95.85,0.4813,-1,-1,-1
274,80,1064.70,506.42,24.08,91.68,0.3772,-1,-1,-1
275,49,172.32,591.43,45.83,115.97,0.2951,-1,-1,-1
275,70,15.27,598.87,47.06,106.31,0.6144,-1,-1,-1
275,75,1051.59,509.92,28.64,87.28,0.3625,-1,-1,-1
275,77,1094.83,507.11,37.44,96.21,0.3927,-1,-1,-1
275,80,1071.49,505.98,27.54,92.88,0.1716,-1,-1,-1
275,79,1639.21,581.32,84.44,224.64,0.4295,-1,-1,-1
276,49,174.43,590.60,45.67,116.90,0.4254,-1,-1,-1
276,70,16.85,599.94,47.78,105.37,0.6279,-1,-1,-1
276,75,1055.81,511.04,29.47,87.34,0.2828,-1,-1,-1
276,77,1100.66,506.87,35.40,96.76,0.3072,-1,-1,-1
276,80,1076.80,504.99,28.16,94.57,0.2818,-1,-1,-1
276,79,1655.31,580.72,81.92,234.50,0.6511,-1,-1,-1
277,49,177.04,589.95,44.75,117.52,0.3450,-1,-1,-1
277,70,19.13,598.43,47.83,107.02,0.6056,-1,-1,-1
277,75,1058.66,505.67,32.86,91.49,0.3837,-1,-1,-1
277,77,1103.38,503.74,38.08,98.91,0.3152,-1,-1,-1
277,80,1080.33,504.81,30.62,94.20,0.2509,-1,-1,-1
277,79,1670.08,588.29,82.02,231.81,0.5055,-1,-1,-1
278,49,177.11,591.14,46.34,118.60,0.3741,-1,-1,-1
278,70,20.82,598.65,48.13,108.86,0.5956,-1,-1,-1
278,75,1070.72,505.59,28.22,93.39,0.3923,-1,-1,-1
278,77,1109.36,505.81,40.96,96.76,0.3398,-1,-1,-1
278,80,1091.29,504.95,33.53,97.16,0.2388,-1,-1,-1
278,79,1682.56,594.26,85.12,230.73,0.4514,-1,-1,-1
278,81,1176.58,515.75,31.20,95.92,0.3973,-1,-1,-1
279,49,178.93,591.34,46.57,118.80,0.4374,-1,-1,-1
279,70,23.34,598.21,48.51,109.80,0.6058,-1,-1,-1
279,75,1072.71,508.67,30.36,91.16,0.4359,-1,-1,-1
279,77,1116.67,517.26,36.33,84.96,0.3125,-1,-1,-1
279,80,1095.99,506.61,33.78,95.72,0.1787,-1,-1,-1
279,79,1695.42,595.23,88.87,235.66,0.5978,-1,-1,-1
280,49,180.76,598.43,45.30,114.05,0.4650,-1,-1,-1
280,70,24.60,600.28,48.85,111.47,0.6286,-1,-1,-1
280,75,1075.41,508.27,31.07,89.59,0.2941,-1,-1,-1
280,77,1117.50,522.85,34.79,80.76,0.2126,-1,-1,-1
280,80,1105.19,512.53,32.38,90.61,0.1875,-1,-1,-1
280,79,1716.89,600.54,86.54,238.53,0.2899,-1,-1,-1
281,49,184.44,599.51,45.19,114.97,0.4178,-1,-1,-1
281,70,25.52,601.68,50.48,112.56,0.6286,-1,-1,-1
281,75,1081.59,510.26,31.61,80.98,0.1576,-1,-1,-1
281,77,1123.36,510.57,38.30,92.82,0.3443,-1,-1,-1
281,79,1725.35,606.26,101.52,237.18,0.5484,-1,-1,-1
282,49,187.29,598.90,47.36,116.56,0.4728,-1,-1,-1
282,70,28.36,604.14,49.73,111.20,0.6182,-1,-1,-1
282,77,1124.51,508.97,42.15,94.78,0.2781,-1,-1,-1
282,79,1734.21,609.66,114.80,238.15,0.6271,-1,-1,-1
283,49,188.87,600.02,50.67,117.72,0.4684,-1,-1,-1
283,70,30.44,608.86,48.76,109.04,0.6025,-1,-1,-1
283,77,1128.26,510.93,38.35,94.15,0.1584,-1,-1,-1
283,79,1769.57,609.16,102.71,242.24,0.6215,-1,-1,-1
284,49,192.07,601.43,49.27,117.87,0.3813,-1,-1,-1
284,70,32.85,610.23,48.33,109.67,0.6394,-1,-1,-1
284,79,1795.11,609.48,102.71,245.62,0.7479,-1,-1,-1
284,87,1755.56,549.91,57.29,183.16,0.6228,-1,-1,-1
284,88,1293.42,535.08,41.64,121.69,0.3889,-1,-1,-1
285,49,194.80,601.42,50.91,119.54,0.4395,-1,-1,-1
285,70,35.41,611.83,47.36,110.09,0.6388,-1,-1,-1
285,79,1821.13,611.63,96.73,247.28,0.8108,-1,-1,-1
285,87,1768.00,550.03,59.88,183.32,0.6448,-1,-1,-1
285,88,1301.14,536.78,47.49,118.55,0.4237,-1,-1,-1
285,81,1254.83,536.26,44.17,122.56,0.3722,-1,-1,-1
286,49,197.45,601.60,51.90,121.18,0.4208,-1,-1,-1
286,70,36.65,612.97,47.83,111.45,0.6464,-1,-1,-1
286,79,1842.31,610.86,83.49,251.76,0.7455,-1,-1,-1
286,87,1779.75,546.98,62.08,188.65,0.7142,-1,-1,-1
286,88,1312.46,535.95,44.53,118.07,0.3429,-1,-1,-1
286,81,1266.10,541.59,40.14,112.19,0.2248,-1,-1,-1
287,49,199.33,605.33,51.80,120.53,0.4334,-1,-1,-1
287,70,37.20,613.75,49.15,112.39,0.6323,-1,-1,-1
287,79,1864.42,614.49,63.09,252.57,0.7013,-1,-1,-1
287,87,1796.29,547.92,62.02,191.37,0.7020,-1,-1,-1
287,88,1327.09,534.96,38.52,121.14,0.2519,-1,-1,-1
287,81,1264.38,542.14,49.64,120.13,0.1903,-1,-1,-1
288,49,200.93,605.26,47.87,122.09,0.4925,-1,-1,-1
288,70,38.35,614.58,50.87,112.36,0.6126,-1,-1,-1
288,79,1887.83,639.91,38.36,227.82,0.5868,-1,-1,-1
288,87,1807.36,547.10,68.17,194.74,0.6716,-1,-1,-1
288,88,1334.95,532.24,36.81,122.58,0.3047,-1,-1,-1
289,49,201.59,607.28,42.90,120.84,0.3893,-1,-1,-1
289,70,38.53,615.14,51.24,113.84,0.5697,-1,-1,-1
289,87,1821.70,545.21,67.18,198.05,0.7279,-1,-1,-1
290,49,203.32,605.89,45.86,122.89,0.4323,-1,-1,-1
290,70,40.23,613.14,52.41,116.03,0.6098,-1,-1,-1
290,87,1835.88,543.57,71.91,199.91,0.7608,-1,-1,-1
291,49,208.54,608.39,49.33,121.72,0.2535,-1,-1,-1
291,70,42.45,614.21,54.24,118.40,0.6152,-1,-1,-1
291,87,1851.78,539.82,65.02,204.24,0.7573,-1,-1,-1
292,49,209.95,609.07,53.68,123.60,0.3703,-1,-1,-1
292,70,43.17,613.41,54.48,121.50,0.6634,-1,-1,-1
292,87,1865.13,540.31,60.66,206.09,0.7129,-1,-1,-1
292,80,1208.46,519.09,48.09,80.96,0.3507,-1,-1,-1
293,49,214.08,611.56,51.46,124.01,0.4317,-1,-1,-1
293,70,44.84,615.16,54.01,123.17,0.6508,-1,-1,-1
293,87,1880.60,540.72,47.48,208.70,0.6244,-1,-1,-1
293,80,1217.42,518.78,45.74,83.26,0.1715,-1,-1,-1
294,49,215.74,612.04,50.32,124.48,0.4650,-1,-1,-1
294,70,45.90,618.59,54.23,121.61,0.6003,-1,-1,-1
295,49,214.64,614.05,45.22,123.52,0.4390,-1,-1,-1
295,70,46.15,620.33,55.89,120.19,0.6144,-1,-1,-1
296,49,215.48,613.70,46.13,124.40,0.4413,-1,-1,-1
296,70,48.57,620.47,57.08,119.15,0.5635,-1,-1,-1
297,49,221.61,614.29,45.08,124.14,0.3719,-1,-1,-1
297,70,49.82,620.74,57.63,119.89,0.6090,-1,-1,-1
297,91,1382.89,555.49,40.10,109.14,0.4537,-1,-1,-1
298,49,225.30,611.82,46.33,126.21,0.4184,-1,-1,-1
298,70,50.89,620.50,57.38,119.92,0.6082,-1,-1,-1
298,91,1389.77,546.91,41.91,118.72,0.4214,-1,-1,-1
298,92,1351.86,534.52,43.17,137.57,0.4125,-1,-1,-1
299,49,227.73,614.50,45.68,124.36,0.4652,-1,-1,-1
299,70,51.26,621.95,57.18,119.20,0.6155,-1,-1,-1
299,91,1397.18,560.05,42.21,110.77,0.3227,-1,-1,-1
299,92,1354.86,533.66,49.95,146.93,0.3324,-1,-1,-1
300,49,229.31,614.63,47.92,125.33,0.4987,-1,-1,-1
300,70,50.84,620.43,57.83,122.36,0.5867,-1,-1,-1
300,91,1400.41,554.73,49.30,120.50,0.3037,-1,-1,-1
301,49,229.78,616.15,49.72,125.99,0.4830,-1,-1,-1
301,70,50.69,623.24,56.39,122.48,0.5044,-1,-1,-1
301,91,1406.00,566.53,50.10,120.15,0.2949,-1,-1,-1
302,49,229.61,614.36,50.07,128.46,0.4957,-1,-1,-1
302,70,50.25,622.55,57.33,123.63,0.4920,-1,-1,-1
302,80,1288.05,527.71,35.08,88.00,0.3695,-1,-1,-1
303,49,228.63,620.81,50.51,127.45,0.4471,-1,-1,-1
303,70,47.73,627.70,56.45,123.78,0.4652,-1,-1,-1
303,80,1291.70,525.95,35.24,93.21,0.3426,-1,-1,-1
304,49,229.11,621.73,50.06,127.05,0.5148,-1,-1,-1
304,70,47.73,627.38,55.67,123.68,0.4480,-1,-1,-1
305,49,228.45,627.59,50.85,125.62,0.4841,-1,-1,-1
305,70,49.14,634.78,57.71,119.51,0.4621,-1,-1,-1
306,49,229.73,627.45,50.14,126.25,0.4850,-1,-1,-1
306,70,48.32,635.54,57.51,117.86,0.4345,-1,-1,-1
307,49,229.42,627.11,50.15,127.85,0.4913,-1,-1,-1
307,70,46.67,635.03,59.01,120.54,0.4808,-1,-1,-1
307,95,1340.92,529.95,40.80,106.39,0.4425,-1,-1,-1
308,49,228.35,630.60,48.66,130.33,0.4620,-1,-1,-1
308,70,45.30,638.94,61.05,125.04,0.5546,-1,-1,-1
308,95,1345.17,528.25,40.45,109.32,0.3948,-1,-1,-1
309,49,227.51,627.55,47.55,132.57,0.4384,-1,-1,-1
309,70,44.92,636.37,60.95,126.38,0.6164,-1,-1,-1
309,95,1354.92,531.50,37.64,108.43,0.2693,-1,-1,-1
310,49,226.29,630.40,49.10,132.84,0.4357,-1,-1,-1
310,70,43.73,638.93,61.35,126.56,0.5955,-1,-1,-1
310,95,1363.79,533.46,34.50,106.78,0.2342,-1,-1,-1
311,49,228.22,631.66,52.37,132.89,0.3678,-1,-1,-1
311,70,41.59,641.05,62.89,126.80,0.6292,-1,-1,-1
311,95,1364.17,530.08,39.76,114.37,0.3285,-1,-1,-1
312,49,226.93,630.53,52.61,133.50,0.3833,-1,-1,-1
312,70,40.34,640.90,62.42,126.61,0.5799,-1,-1,-1
313,49,228.20,635.21,55.08,133.19,0.3625,-1,-1,-1
313,70,39.11,643.32,63.57,128.68,0.6416,-1,-1,-1
314,49,228.02,637.81,52.40,134.27,0.3736,-1,-1,-1
314,70,37.95,645.10,61.98,128.74,0.5439,-1,-1,-1
315,49,228.10,636.81,51.27,136.13,0.4023,-1,-1,-1
315,70,37.25,644.38,60.51,129.06,0.5438,-1,-1,-1
316,49,226.99,637.50,50.61,136.88,0.3843,-1,-1,-1
316,70,35.35,645.32,58.62,129.87,0.4176,-1,-1,-1
316,98,1392.80,576.95,48.27,151.17,0.4471,-1,-1,-1
317,49,226.58,638.15,50.67,137.07,0.4154,-1,-1,-1
317,70,34.85,645.81,56.40,130.74,0.3997,-1,-1,-1
317,98,1395.96,553.89,55.58,182.57,0.4398,-1,-1,-1
318,49,226.48,639.78,48.52,136.15,0.3959,-1,-1,-1
318,70,34.32,647.07,56.06,131.32,0.4660,-1,-1,-1
318,98,1398.68,554.26,60.51,186.23,0.4633,-1,-1,-1
319,49,226.68,641.09,50.77,136.05,0.3736,-1,-1,-1
319,70,33.16,648.23,55.01,131.47,0.4419,-1,-1,-1
319,98,1400.50,576.57,59.38,167.09,0.4030,-1,-1,-1
319,91,1520.08,587.92,48.53,139.18,0.3924,-1,-1,-1
320,49,225.88,641.04,52.02,138.06,0.4202,-1,-1,-1
320,70,29.91,648.01,57.45,133.46,0.4502,-1,-1,-1
320,98,1403.18,588.00,58.20,157.13,0.2552,-1,-1,-1
320,91,1525.30,590.13,48.05,134.61,0.4288,-1,-1,-1
321,49,224.93,639.98,53.14,140.14,0.4290,-1,-1,-1
321,70,27.03,648.35,59.62,135.29,0.5092,-1,-1,-1
321,98,1404.01,597.88,59.60,147.95,0.3550,-1,-1,-1
321,91,1531.24,594.40,47.55,130.03,0.4018,-1,-1,-1
322,49,223.98,638.34,53.67,142.15,0.4616,-1,-1,-1
322,70,24.52,648.38,60.20,136.21,0.4720,-1,-1,-1
322,98,1404.87,605.84,62.47,141.44,0.3369,-1,-1,-1
322,91,1534.74,589.47,54.70,136.75,0.5018,-1,-1,-1
323,49,222.88,636.21,54.51,145.06,0.3646,-1,-1,-1
323,70,21.18,647.89,61.20,137.71,0.5179,-1,-1,-1
323,98,1405.32,596.07,67.07,152.98,0.4150,-1,-1,-1
323,91,1539.82,585.88,56.72,141.23,0.5776,-1,-1,-1
324,49,215.54,634.22,49.61,145.01,0.3555,-1,-1,-1
324,70,17.25,646.12,61.39,138.31,0.5101,-1,-1,-1
324,98,1406.67,603.32,70.58,146.41,0.2117,-1,-1,-1
324,91,1543.38,589.78,56.95,137.63,0.5380,-1,-1,-1
325,49,218.68,633.82,53.97,146.71,0.3881,-1,-1,-1
325,70,14.74,646.95,62.03,137.22,0.5181,-1,-1,-1
325,98,1413.25,598.55,68.05,151.55,0.5530,-1,-1,-1
325,91,1548.49,603.79,53.64,126.97,0.4965,-1,-1,-1
326,49,219.12,635.23,54.19,146.69,0.4113,-1,-1,-1
326,70,11.16,647.64,61.49,137.28,0.5601,-1,-1,-1
326,98,1414.90,599.47,65.60,150.44,0.5391,-1,-1,-1
326,91,1551.32,595.88,51.52,136.18,0.4850,-1,-1,-1
327,49,214.70,636.18,56.50,144.61,0.4917,-1,-1,-1
327,70,8.18,645.99,61.25,137.42,0.6158,-1,-1,-1
327,98,1417.51,600.26,63.71,150.43,0.6185,-1,-1,-1
327,91,1555.39,600.92,52.37,132.95,0.4788,-1,-1,-1
327,101,1780.80,539.62,40.23,111.90,0.4470,-1,-1,-1
328,49,209.32,638.22,60.79,147.00,0.4099,-1,-1,-1
328,70,5.73,652.30,61.04,134.46,0.6030,-1,-1,-1
328,98,1418.77,596.62,65.13,154.44,0.6021,-1,-1,-1
328,91,1558.88,593.52,53.25,140.88,0.3883,-1,-1,-1
328,101,1786.46,540.31,40.24,117.54,0.5422,-1,-1,-1
329,49,203.19,631.94,52.50,149.79,0.3333,-1,-1,-1
329,70,7.80,648.27,54.26,135.42,0.4845,-1,-1,-1
329,98,1419.18,597.49,64.45,152.93,0.5802,-1,-1,-1
329,91,1562.49,588.00,53.38,148.98,0.4984,-1,-1,-1
329,101,1792.15,539.49,43.41,123.08,0.2188,-1,-1,-1
330,49,200.62,631.78,50.50,150.75,0.3513,-1,-1,-1
330,70,5.11,651.19,51.82,132.47,0.5153,-1,-1,-1
330,98,1421.86,597.12,60.89,154.24,0.5070,-1,-1,-1
330,91,1563.10,587.04,57.27,155.49,0.4764,-1,-1,-1
330,101,1797.31,540.81,44.80,123.15,0.4914,-1,-1,-1
331,49,197.08,631.30,49.78,152.66,0.3487,-1,-1,-1
331,70,3.23,651.11,50.88,132.76,0.5149,-1,-1,-1
331,98,1427.61,596.33,57.63,154.51,0.6447,-1,-1,-1
331,91,1556.25,564.74,68.32,177.74,0.3547,-1,-1,-1
331,101,1802.34,535.74,49.30,126.85,0.5363,-1,-1,-1
332,49,192.77,628.70,50.23,152.28,0.3297,-1,-1,-1
332,70,1.38,646.80,47.01,132.99,0.5161,-1,-1,-1
332,98,1430.05,599.83,56.67,151.11,0.6267,-1,-1,-1
332,91,1566.35,582.98,61.27,154.85,0.4262,-1,-1,-1
332,101,1805.43,534.10,49.10,127.68,0.3528,-1,-1,-1
333,49,188.16,627.47,60.58,153.60,0.3902,-1,-1,-1
333,70,-0.50,645.87,44.19,133.41,0.5680,-1,-1,-1
333,98,1430.08,596.87,60.72,155.10,0.5239,-1,-1,-1
333,91,1571.59,575.00,58.34,164.19,0.3443,-1,-1,-1
333,101,1812.38,528.36,48.97,129.84,0.4402,-1,-1,-1
334,49,182.06,629.90,50.10,151.71,0.3490,-1,-1,-1
334,70,-0.75,646.16,39.55,132.44,0.5768,-1,-1,-1
334,98,1424.19,594.48,67.74,157.86,0.5211,-1,-1,-1
334,91,1578.61,580.26,56.35,156.86,0.4692,-1,-1,-1
334,101,1819.27,524.06,49.51,130.35,0.5161,-1,-1,-1
335,49,175.72,630.19,46.64,150.80,0.3750,-1,-1,-1
335,70,-0.90,645.40,33.90,133.15,0.4921,-1,-1,-1
335,98,1416.84,594.08,80.84,159.42,0.3427,-1,-1,-1
335,91,1583.06,586.74,57.66,148.78,0.3752,-1,-1,-1
335,101,1825.22,519.91,49.22,134.81,0.6376,-1,-1,-1
336,49,174.79,628.67,44.89,154.16,0.3996,-1,-1,-1
336,70,-0.57,647.69,29.46,133.87,0.5375,-1,-1,-1
336,98,1418.82,589.36,84.78,163.60,0.5722,-1,-1,-1
336,91,1578.80,552.20,61.24,191.46,0.3026,-1,-1,-1
336,101,1828.39,514.32,52.64,136.66,0.5639,-1,-1,-1
337,49,174.30,628.79,49.68,158.20,0.4052,-1,-1,-1
337,70,-0.42,646.96,24.06,135.88,0.4218,-1,-1,-1
337,98,1425.06,592.60,82.37,166.92,0.6618,-1,-1,-1
337,91,1575.58,539.50,65.86,211.12,0.4365,-1,-1,-1
337,101,1836.39,517.64,50.59,137.90,0.4645,-1,-1,-1
338,49,171.92,633.46,54.12,158.96,0.4139,-1,-1,-1
338,70,-0.60,663.44,19.05,125.66,0.3363,-1,-1,-1
338,98,1428.83,592.96,85.72,167.15,0.5655,-1,-1,-1
338,91,1574.31,532.55,68.84,217.36,0.3700,-1,-1,-1
338,101,1841.76,517.57,50.86,134.26,0.5996,-1,-1,-1
339,49,168.16,637.85,57.07,158.29,0.4986,-1,-1,-1
339,98,1427.20,598.17,92.72,167.60,0.7191,-1,-1,-1
339,91,1579.85,534.95,70.17,225.39,0.5213,-1,-1,-1
339,101,1846.58,519.19,49.66,133.70,0.5667,-1,-1,-1
340,49,167.95,639.88,55.55,157.08,0.4730,-1,-1,-1
340,98,1430.33,597.28,93.02,169.53,0.7526,-1,-1,-1
340,91,1577.23,534.99,77.77,230.21,0.5742,-1,-1,-1
340,101,1850.36,518.17,50.24,132.69,0.5756,-1,-1,-1
341,49,158.69,640.83,49.53,160.82,0.3651,-1,-1,-1
341,98,1433.76,601.81,90.19,171.58,0.7355,-1,-1,-1
341,91,1591.13,545.18,63.00,226.43,0.3670,-1,-1,-1
341,101,1853.25,521.41,50.94,132.35,0.2683,-1,-1,-1
342,49,156.85,643.12,47.07,161.32,0.4898,-1,-1,-1
342,98,1426.71,603.27,93.01,175.42,0.6930,-1,-1,-1
342,91,1587.92,552.70,69.10,221.66,0.3157,-1,-1,-1
342,101,1861.49,522.59,46.81,133.66,0.2670,-1,-1,-1
343,49,148.27,649.19,49.30,162.25,0.5285,-1,-1,-1
343,98,1437.76,612.68,78.17,172.05,0.6041,-1,-1,-1
343,91,1576.68,549.61,82.01,229.59,0.4119,-1,-1,-1
343,101,1867.05,531.33,49.99,129.00,0.2874,-1,-1,-1
344,49,140.44,653.36,55.12,163.26,0.4860,-1,-1,-1
344,98,1441.42,617.81,73.29,171.67,0.6753,-1,-1,-1
344,91,1573.36,561.04,89.98,224.25,0.3273,-1,-1,-1
344,101,1875.25,534.99,45.23,130.84,0.4552,-1,-1,-1
345,49,136.51,659.65,54.23,164.21,0.3694,-1,-1,-1
345,98,1443.99,620.61,70.60,179.02,0.6134,-1,-1,-1
345,91,1572.25,585.07,66.99,191.80,0.3963,-1,-1,-1
345,101,1878.13,537.87,43.28,132.64,0.4705,-1,-1,-1
346,49,129.50,663.66,55.32,168.42,0.3676,-1,-1,-1
346,98,1441.83,623.53,69.03,181.79,0.5912,-1,-1,-1
346,91,1572.98,592.47,57.40,187.34,0.4138,-1,-1,-1
346,101,1880.35,536.54,41.18,138.98,0.4743,-1,-1,-1
347,49,119.90,669.31,56.39,170.07,0.4566,-1,-1,-1
347,98,1435.55,627.21,75.00,185.11,0.5993,-1,-1,-1
347,91,1573.44,595.60,57.59,191.92,0.5165,-1,-1,-1
347,101,1884.75,540.49,36.42,138.02,0.3244,-1,-1,-1
347,107,1362.10,580.89,62.24,194.78,0.3553,-1,-1,-1
348,49,117.37,671.00,56.04,170.52,0.5843,-1,-1,-1
348,98,1443.88,630.39,65.83,186.99,0.6564,-1,-1,-1
348,91,1574.96,599.16,61.65,190.01,0.5148,-1,-1,-1
348,107,1355.63,591.50,66.83,186.43,0.2938,-1,-1,-1
349,49,107.76,673.77,61.51,170.32,0.4650,-1,-1,-1
349,98,1444.73,634.17,67.83,190.67,0.6875,-1,-1,-1
349,91,1577.28,609.60,63.15,185.16,0.4367,-1,-1,-1
349,107,1355.27,598.82,63.74,182.09,0.4163,-1,-1,-1
349,108,1395.32,595.51,65.21,190.36,0.5119,-1,-1,-1
350,49,102.62,671.94,60.57,173.10,0.4883,-1,-1,-1
350,98,1443.76,638.38,75.10,191.12,0.6503,-1,-1,-1
350,91,1579.62,614.51,69.91,183.86,0.5738,-1,-1,-1
350,107,1356.39,604.91,65.23,179.94,0.4028,-1,-1,-1
350,108,1395.76,597.88,60.92,190.24,0.4075,-1,-1,-1
351,49,95.90,672.70,60.30,175.45,0.5600,-1,-1,-1
351,98,1441.34,643.88,81.50,189.30,0.7042,-1,-1,-1
351,91,1581.15,611.16,70.17,187.22,0.4102,-1,-1,-1
351,107,1354.94,607.95,70.02,178.10,0.4139,-1,-1,-1
351,108,1393.75,600.39,63.06,190.93,0.3519,-1,-1,-1
351,109,144.61,667.86,50.70,157.20,0.3899,-1,-1,-1
352,49,87.73,674.02,62.27,176.52,0.5697,-1,-1,-1
352,98,1432.29,649.20,92.03,190.23,0.6594,-1,-1,-1
352,91,1583.23,609.44,77.34,200.18,0.5264,-1,-1,-1
352,107,1357.20,607.29,66.09,182.22,0.4532,-1,-1,-1
352,108,1398.87,599.74,49.84,192.13,0.1847,-1,-1,-1
352,109,140.79,669.87,50.97,160.39,0.2834,-1,-1,-1
353,49,80.62,678.11,65.36,173.31,0.4339,-1,-1,-1
353,98,1435.06,651.76,93.01,191.67,0.6676,-1,-1,-1
353,91,1583.64,610.67,75.21,202.69,0.5756,-1,-1,-1
353,107,1357.02,605.14,64.92,186.39,0.4916,-1,-1,-1
353,108,1398.96,599.97,48.68,192.71,0.4510,-1,-1,-1
353,109,136.21,670.98,51.55,162.09,0.3596,-1,-1,-1
354,49,77.98,681.81,66.23,172.74,0.5197,-1,-1,-1
354,98,1442.92,655.65,86.53,195.74,0.6894,-1,-1,-1
354,91,1583.06,617.56,73.57,200.86,0.5588,-1,-1,-1
354,107,1349.77,605.74,69.18,188.39,0.4860,-1,-1,-1
354,108,1395.81,601.69,59.17,193.30,0.3477,-1,-1,-1
354,109,129.89,671.46,53.48,164.38,0.3777,-1,-1,-1
355,49,81.85,679.48,55.41,177.46,0.4127,-1,-1,-1
355,98,1444.87,657.45,85.07,196.64,0.6566,-1,-1,-1
355,91,1582.82,625.59,73.63,195.83,0.5786,-1,-1,-1
355,107,1349.29,607.41,64.67,190.18,0.4303,-1,-1,-1
355,108,1392.54,604.20,60.63,196.70,0.4293,-1,-1,-1
355,109,122.95,668.26,49.87,166.73,0.4648,-1,-1,-1
356,49,64.46,681.40,63.68,177.96,0.4241,-1,-1,-1
356,98,1441.65,659.05,91.91,198.66,0.6952,-1,-1,-1
356,91,1581.49,631.25,77.03,196.43,0.5770,-1,-1,-1
356,107,1347.64,604.89,63.82,195.15,0.3902,-1,-1,-1
356,108,1391.28,608.83,60.86,199.11,0.3672,-1,-1,-1
356,109,115.98,666.10,53.63,171.42,0.3936,-1,-1,-1
357,49,69.44,680.15,54.06,177.49,0.3899,-1,-1,-1
357,98,1445.90,665.33,88.53,198.20,0.7572,-1,-1,-1
357,91,1578.25,641.47,82.63,193.81,0.6404,-1,-1,-1
357,107,1347.73,590.86,58.58,209.99,0.3654,-1,-1,-1
357,108,1386.65,611.98,65.22,200.36,0.3771,-1,-1,-1
357,109,110.40,670.25,51.10,172.93,0.2815,-1,-1,-1
358,49,61.73,682.74,57.26,180.38,0.5443,-1,-1,-1
358,98,1448.74,670.37,84.33,194.98,0.7842,-1,-1,-1
358,91,1575.91,646.94,89.33,191.65,0.6255,-1,-1,-1
358,107,1349.65,595.69,52.69,204.57,0.4392,-1,-1,-1
358,108,1386.12,614.13,68.51,199.84,0.5231,-1,-1,-1
358,109,104.02,673.47,49.90,174.56,0.2296,-1,-1,-1
359,49,50.53,690.30,57.58,177.34,0.3690,-1,-1,-1
359,98,1450.16,679.33,80.62,193.68,0.6677,-1,-1,-1
359,91,1577.44,650.63,92.56,194.13,0.6683,-1,-1,-1
359,107,1346.33,594.42,53.37,191.45,0.4115,-1,-1,-1
359,108,1385.70,615.35,71.01,202.08,0.4642,-1,-1,-1
359,109,97.10,674.32,47.95,173.79,0.4345,-1,-1,-1
360,49,41.54,691.57,58.39,178.25,0.4084,-1,-1,-1
360,98,1452.88,684.48,76.43,193.73,0.7213,-1,-1,-1
360,91,1579.32,656.58,92.81,196.44,0.6186,-1,-1,-1
360,107,1342.55,594.44,56.30,208.62,0.5521,-1,-1,-1
360,108,1380.48,620.76,76.86,200.00,0.4151,-1,-1,-1
360,109,92.69,674.44,48.53,171.53,0.3972,-1,-1,-1
361,49,34.20,690.53,59.91,181.88,0.4913,-1,-1,-1
361,98,1454.20,686.38,72.58,197.82,0.7348,-1,-1,-1
361,91,1579.73,661.09,93.81,195.75,0.6780,-1,-1,-1
361,107,1341.56,593.37,55.02,209.16,0.4559,-1,-1,-1
361,108,1376.74,621.20,78.44,201.49,0.4502,-1,-1,-1
361,109,84.50,679.81,52.35,171.41,0.4341,-1,-1,-1
362,49,25.16,691.88,65.44,184.22,0.4408,-1,-1,-1
362,98,1453.86,685.71,75.33,203.76,0.7320,-1,-1,-1
362,91,1581.87,663.53,91.37,200.46,0.6443,-1,-1,-1
362,107,1341.31,597.97,54.58,218.22,0.5294,-1,-1,-1
362,108,1374.75,623.60,84.10,205.82,0.4946,-1,-1,-1
362,109,77.58,682.30,49.77,172.50,0.4968,-1,-1,-1
363,49,17.44,694.23,66.96,189.01,0.3859,-1,-1,-1
363,98,1454.53,682.15,75.36,215.00,0.7406,-1,-1,-1
363,91,1583.05,662.81,87.57,204.08,0.5625,-1,-1,-1
363,107,1339.62,599.30,55.36,221.28,0.5457,-1,-1,-1
363,108,1375.93,620.08,84.17,212.21,0.4929,-1,-1,-1
363,109,69.23,684.10,51.30,176.46,0.4350,-1,-1,-1
364,49,10.14,695.60,66.35,188.70,0.4325,-1,-1,-1
364,98,1452.46,688.07,80.41,220.44,0.7584,-1,-1,-1
364,91,1582.03,664.66,82.80,212.05,0.6292,-1,-1,-1
364,107,1337.95,608.02,55.43,207.20,0.3122,-1,-1,-1
364,108,1374.36,627.88,68.97,211.40,0.4714,-1,-1,-1
364,109,63.34,684.72,51.31,178.37,0.3715,-1,-1,-1
365,49,4.01,700.78,64.64,192.06,0.4497,-1,-1,-1
365,98,1449.55,692.08,88.47,221.28,0.6988,-1,-1,-1
365,91,1582.64,666.43,78.47,214.37,0.5975,-1,-1,-1
365,107,1338.00,623.30,51.26,176.56,0.3369,-1,-1,-1
365,108,1372.65,630.22,70.53,215.54,0.5356,-1,-1,-1
365,109,54.24,691.61,54.93,178.82,0.3847,-1,-1,-1
366,49,4.46,704.36,57.13,190.54,0.5091,-1,-1,-1
366,98,1448.46,697.02,94.18,223.58,0.7253,-1,-1,-1
366,91,1580.35,665.92,76.75,217.95,0.6737,-1,-1,-1
366,107,1338.69,631.92,51.02,201.28,0.3635,-1,-1,-1
366,108,1372.08,632.67,69.73,217.71,0.6042,-1,-1,-1
366,109,48.51,693.78,53.91,176.11,0.5618,-1,-1,-1
367,49,1.31,713.09,53.92,187.87,0.5156,-1,-1,-1
367,98,1451.97,704.38,93.26,222.73,0.7107,-1,-1,-1
367,91,1578.42,663.86,80.60,229.18,0.6498,-1,-1,-1
367,107,1335.46,639.08,50.36,175.64,0.4946,-1,-1,-1
367,108,1372.88,637.55,68.82,215.94,0.5760,-1,-1,-1
367,109,43.09,701.77,51.60,173.88,0.5367,-1,-1,-1
368,49,-1.33,715.75,48.35,190.31,0.4644,-1,-1,-1
368,98,1455.12,710.70,92.12,223.81,0.7127,-1,-1,-1
368,91,1576.43,664.90,85.05,235.04,0.6304,-1,-1,-1
368,107,1333.86,644.54,49.79,169.88,0.4757,-1,-1,-1
368,108,1372.32,639.73,64.75,217.53,0.5891,-1,-1,-1
368,109,35.31,706.60,53.00,174.56,0.3835,-1,-1,-1
369,49,-1.70,716.74,43.86,195.38,0.4829,-1,-1,-1
369,98,1459.51,711.23,90.73,227.87,0.5707,-1,-1,-1
369,91,1576.59,664.11,86.17,238.45,0.6316,-1,-1,-1
369,107,1329.83,645.65,54.86,195.61,0.5574,-1,-1,-1
369,108,1373.02,641.62,63.06,217.89,0.5802,-1,-1,-1
369,109,26.15,709.14,55.39,178.69,0.6029,-1,-1,-1
370,49,-1.92,719.63,33.76,195.56,0.3763,-1,-1,-1
370,98,1460.26,715.31,92.44,230.25,0.6383,-1,-1,-1
370,91,1568.14,663.67,96.97,241.08,0.6565,-1,-1,-1
370,107,1326.88,645.61,58.00,211.69,0.3464,-1,-1,-1
370,108,1369.15,643.84,64.67,220.43,0.5170,-1,-1,-1
370,109,14.65,711.87,56.79,181.03,0.4460,-1,-1,-1
370,112,1505.25,576.56,42.58,67.49,0.3458,-1,-1,-1
371,49,-0.98,723.64,28.84,189.47,0.3568,-1,-1,-1
371,98,1461.36,718.63,92.47,230.39,0.7186,-1,-1,-1
371,91,1560.73,666.13,107.78,239.18,0.6947,-1,-1,-1
371,107,1325.17,650.33,58.60,215.77,0.2765,-1,-1,-1
371,108,1366.53,645.06,66.90,222.43,0.4880,-1,-1,-1
371,109,9.17,714.37,55.90,185.28,0.5524,-1,-1,-1
371,112,1505.10,576.98,44.45,67.59,0.3103,-1,-1,-1
372,98,1460.94,720.10,94.06,232.44,0.7244,-1,-1,-1
372,91,1556.09,668.03,113.99,241.32,0.6669,-1,-1,-1
372,107,1321.55,650.15,55.14,180.64,0.2569,-1,-1,-1
372,108,1362.89,646.23,69.74,224.13,0.5200,-1,-1,-1
372,109,1.67,717.12,57.56,184.23,0.6471,-1,-1,-1
372,112,1505.37,578.93,45.29,65.53,0.2168,-1,-1,-1
373,98,1460.07,720.60,96.03,235.02,0.7239,-1,-1,-1
373,91,1559.26,670.56,113.09,244.25,0.6847,-1,-1,-1
373,107,1317.95,650.29,56.06,171.96,0.3113,-1,-1,-1
373,108,1360.05,648.61,72.02,224.57,0.4941,-1,-1,-1
373,109,-2.08,725.37,53.84,181.16,0.5496,-1,-1,-1
373,112,1506.46,578.12,42.56,65.77,0.2512,-1,-1,-1
374,98,1456.54,722.26,96.62,237.28,0.7138,-1,-1,-1
374,91,1558.79,675.64,113.33,244.48,0.6547,-1,-1,-1
374,107,1313.40,646.25,56.06,169.23,0.3208,-1,-1,-1
374,108,1358.30,652.26,73.84,223.57,0.5884,-1,-1,-1
374,109,-2.82,729.52,45.68,177.97,0.6577,-1,-1,-1
374,112,1506.26,580.33,42.11,63.61,0.1779,-1,-1,-1
375,98,1455.46,723.86,90.25,239.37,0.7044,-1,-1,-1
375,91,1560.17,674.59,109.29,245.86,0.6330,-1,-1,-1
375,107,1312.92,645.80,54.89,171.16,0.2546,-1,-1,-1
375,108,1357.12,655.58,76.76,222.85,0.5840,-1,-1,-1
375,109,-2.54,733.03,37.83,179.29,0.5737,-1,-1,-1
376,98,1455.78,725.49,84.44,241.58,0.7020,-1,-1,-1
376,91,1558.89,677.38,106.04,244.52,0.6108,-1,-1,-1
376,108,1352.35,654.21,78.75,222.90,0.5088,-1,-1,-1
376,109,-2.15,734.90,26.86,174.91,0.5310,-1,-1,-1
376,113,1704.58,609.33,48.62,139.61,0.3564,-1,-1,-1
377,98,1455.55,725.61,82.75,246.37,0.6784,-1,-1,-1
377,91,1555.68,681.23,102.00,239.14,0.5969,-1,-1,-1
377,108,1347.14,650.69,85.29,226.71,0.5839,-1,-1,-1
377,113,1706.09,608.21,41.94,141.14,0.2310,-1,-1,-1
378,98,1456.41,726.30,81.03,252.57,0.6445,-1,-1,-1
378,91,1551.02,683.08,101.56,242.68,0.6499,-1,-1,-1
378,108,1341.54,648.20,87.00,231.13,0.4302,-1,-1,-1
378,113,1708.32,609.28,39.30,137.04,0.1791,-1,-1,-1
379,98,1456.16,726.35,79.80,259.93,0.6688,-1,-1,-1
379,91,1547.64,679.80,95.44,247.62,0.7072,-1,-1,-1
379,108,1336.78,648.34,72.02,199.55,0.3057,-1,-1,-1
379,113,1710.35,608.43,39.32,134.22,0.2193,-1,-1,-1
379,114,1718.70,600.77,61.80,144.36,0.3526,-1,-1,-1
380,98,1454.31,725.77,79.81,266.21,0.6928,-1,-1,-1
380,91,1541.57,679.77,95.80,251.29,0.6643,-1,-1,-1
380,108,1331.41,648.09,64.10,184.06,0.4129,-1,-1,-1
380,113,1710.63,607.10,38.37,136.76,0.2840,-1,-1,-1
380,114,1726.54,600.76,50.40,144.67,0.3179,-1,-1,-1
381,98,1452.70,726.85,87.65,268.70,0.7050,-1,-1,-1
381,91,1532.66,679.52,90.32,257.48,0.6150,-1,-1,-1
381,108,1327.35,647.47,60.33,182.38,0.4176,-1,-1,-1
381,113,1711.61,602.67,50.80,141.62,0.3309,-1,-1,-1
381,114,1734.17,596.34,46.78,144.95,0.2558,-1,-1,-1
382,98,1449.94,731.00,89.79,269.66,0.6865,-1,-1,-1
382,91,1532.17,678.82,82.02,260.07,0.5855,-1,-1,-1
382,108,1323.07,648.30,58.77,181.67,0.6209,-1,-1,-1
382,113,1713.45,593.83,58.76,150.35,0.4632,-1,-1,-1
382,114,1719.04,591.47,58.61,151.86,0.4632,-1,-1,-1
382,115,1444.83,559.64,44.53,82.93,0.3740,-1,-1,-1
383,98,1446.87,736.07,94.22,269.21,0.7161,-1,-1,-1
383,91,1528.34,684.60,82.24,254.21,0.5602,-1,-1,-1
383,108,1320.05,648.83,55.17,184.76,0.6668,-1,-1,-1
383,113,1712.00,594.03,56.39,148.43,0.3534,-1,-1,-1
383,114,1712.67,593.48,55.56,148.67,0.3534,-1,-1,-1
383,115,1442.01,562.37,44.41,79.82,0.2836,-1,-1,-1
384,98,1443.61,739.92,99.14,271.17,0.7348,-1,-1,-1
384,91,1520.77,684.76,87.66,258.00,0.5851,-1,-1,-1
384,108,1316.70,647.95,53.00,186.77,0.6727,-1,-1,-1
384,113,1711.34,595.30,55.88,147.95,0.3830,-1,-1,-1
384,114,1710.31,595.44,54.93,147.76,0.3830,-1,-1,-1
384,115,1439.30,562.17,46.20,80.09,0.3172,-1,-1,-1
385,98,1440.17,742.28,99.72,272.14,0.7481,-1,-1,-1
385,91,1517.52,687.98,90.57,253.99,0.6054,-1,-1,-1
385,108,1308.35,645.91,56.46,190.47,0.1845,-1,-1,-1
385,113,1714.94,592.80,65.63,153.50,0.4331,-1,-1,-1
385,114,1713.78,593.01,65.34,153.40,0.4331,-1,-1,-1
385,115,1436.22,565.82,48.08,76.36,0.3919,-1,-1,-1
386,98,1434.46,745.73,97.17,274.47,0.7487,-1,-1,-1
386,91,1512.29,693.42,94.64,253.47,0.5701,-1,-1,-1
386,113,1717.32,593.86,67.51,156.53,0.3018,-1,-1,-1
386,115,1433.05,561.89,47.09,81.13,0.3879,-1,-1,-1
386,112,1493.08,558.47,49.59,75.13,0.3481,-1,-1,-1
386,107,1243.69,642.98,59.82,219.06,0.3640,-1,-1,-1
387,98,1431.71,745.99,93.67,275.64,0.7025,-1,-1,-1
387,91,1506.37,693.29,96.92,256.10,0.6553,-1,-1,-1
387,113,1724.05,588.98,66.95,156.07,0.3177,-1,-1,-1
387,115,1431.23,561.51,40.58,76.28,0.2985,-1,-1,-1
387,112,1492.13,554.80,51.78,76.46,0.4322,-1,-1,-1
387,107,1238.54,642.65,64.02,219.94,0.4951,-1,-1,-1
388,98,1428.50,747.40,91.93,280.89,0.6605,-1,-1,-1
388,91,1496.46,685.82,102.35,269.16,0.5974,-1,-1,-1
388,113,1724.91,588.63,71.80,161.03,0.2883,-1,-1,-1
388,115,1429.55,565.55,39.72,71.37,0.2372,-1,-1,-1
388,112,1488.84,557.84,54.58,75.60,0.3930,-1,-1,-1
388,107,1233.65,646.84,59.49,217.07,0.4926,-1,-1,-1
389,98,1425.87,748.01,93.05,287.95,0.5931,-1,-1,-1
389,91,1487.30,684.81,109.48,273.90,0.6406,-1,-1,-1
389,113,1730.51,589.59,66.77,162.49,0.3028,-1,-1,-1
389,112,1487.41,562.33,53.94,72.73,0.2666,-1,-1,-1
389,107,1219.85,646.20,65.83,219.66,0.4830,-1,-1,-1
390,98,1417.30,749.01,99.26,291.41,0.6095,-1,-1,-1
390,91,1484.59,689.00,108.77,269.49,0.5612,-1,-1,-1
390,113,1734.53,589.09,62.32,161.41,0.2935,-1,-1,-1
390,112,1483.27,559.14,48.22,74.78,0.3224,-1,-1,-1
390,107,1220.62,646.94,61.35,224.32,0.4834,-1,-1,-1
390,108,1274.45,644.05,58.82,223.40,0.4331,-1,-1,-1
391,98,1408.31,752.85,108.22,297.06,0.5774,-1,-1,-1
391,91,1480.65,707.14,108.42,250.47,0.5664,-1,-1,-1
391,113,1735.33,604.36,57.31,156.62,0.2575,-1,-1,-1
391,112,1481.59,559.68,50.77,80.56,0.4340,-1,-1,-1
391,107,1214.49,649.98,59.22,223.87,0.3407,-1,-1,-1
391,118,1530.95,564.01,45.21,83.36,0.3900,-1,-1,-1
391,115,1413.96,555.91,44.51,87.78,0.5165,-1,-1,-1
392,98,1399.30,755.32,109.32,297.37,0.6735,-1,-1,-1
392,91,1471.01,707.93,112.13,251.56,0.5198,-1,-1,-1
392,113,1734.23,592.97,57.75,169.24,0.3318,-1,-1,-1
392,112,1474.13,561.25,48.36,75.43,0.2623,-1,-1,-1
392,107,1198.63,647.80,66.91,228.27,0.4906,-1,-1,-1
392,118,1525.33,560.37,43.79,90.50,0.3366,-1,-1,-1
392,119,1339.13,553.06,52.33,112.53,0.3810,-1,-1,-1
392,115,1406.98,552.11,46.58,91.32,0.3670,-1,-1,-1
392,108,1251.47,646.84,66.04,233.23,0.4927,-1,-1,-1
393,98,1393.61,761.06,111.27,297.88,0.6515,-1,-1,-1
393,91,1459.33,707.88,90.16,199.02,0.3620,-1,-1,-1
393,113,1731.89,602.62,59.24,162.69,0.4079,-1,-1,-1
393,112,1469.31,563.07,49.15,78.37,0.5495,-1,-1,-1
393,107,1189.99,647.23,67.86,231.60,0.4799,-1,-1,-1
393,118,1519.55,562.81,43.86,91.21,0.4266,-1,-1,-1
393,119,1334.69,553.84,52.39,116.27,0.4282,-1,-1,-1
393,115,1393.27,546.87,56.42,97.11,0.2982,-1,-1,-1
393,108,1237.84,649.87,69.80,242.26,0.2964,-1,-1,-1
394,98,1387.45,764.17,107.98,299.60,0.5831,-1,-1,-1
394,91,1446.49,700.87,101.02,252.28,0.2481,-1,-1,-1
394,113,1730.05,603.50,57.21,159.92,0.4590,-1,-1,-1
394,112,1462.75,562.06,52.92,77.79,0.3512,-1,-1,-1
394,107,1182.00,649.80,66.89,230.12,0.5015,-1,-1,-1
394,118,1516.41,563.43,43.54,91.93,0.3002,-1,-1,-1
394,119,1329.13,554.03,50.45,116.40,0.4489,-1,-1,-1
394,115,1384.47,547.35,58.18,98.26,0.4484,-1,-1,-1
395,98,1379.89,767.46,102.79,301.94,0.6790,-1,-1,-1
395,91,1440.84,707.07,89.89,255.96,0.5118,-1,-1,-1
395,113,1727.97,600.36,56.76,165.31,0.4611,-1,-1,-1
395,112,1458.39,560.61,47.49,80.19,0.3552,-1,-1,-1
395,107,1170.52,649.25,69.47,236.58,0.6525,-1,-1,-1
395,118,1509.27,563.43,43.52,88.19,0.3352,-1,-1,-1
395,119,1321.76,556.06,51.38,121.13,0.5622,-1,-1,-1
395,115,1384.48,547.71,52.52,97.61,0.5514,-1,-1,-1
396,98,1372.22,770.93,104.78,302.87,0.7461,-1,-1,-1
396,91,1431.86,704.94,87.89,254.20,0.4948,-1,-1,-1
396,113,1726.20,598.08,57.29,169.91,0.4980,-1,-1,-1
396,112,1447.56,558.55,48.75,82.09,0.3514,-1,-1,-1
396,107,1161.26,648.69,70.44,227.33,0.5778,-1,-1,-1
396,118,1502.41,561.54,42.99,87.55,0.2984,-1,-1,-1
396,119,1315.31,557.77,51.77,122.81,0.4676,-1,-1,-1
396,115,1381.43,547.42,47.71,99.23,0.4157,-1,-1,-1
397,98,1365.02,772.79,103.20,305.46,0.6440,-1,-1,-1
397,91,1419.41,713.44,87.71,260.16,0.4163,-1,-1,-1
397,113,1723.51,600.64,56.54,168.98,0.5076,-1,-1,-1
397,112,1443.93,561.00,50.62,83.08,0.5600,-1,-1,-1
397,107,1149.42,648.71,72.46,230.72,0.6025,-1,-1,-1
397,118,1495.81,562.46,44.86,89.60,0.4560,-1,-1,-1
397,119,1311.60,561.41,49.85,122.45,0.4727,-1,-1,-1
397,115,1372.77,549.18,46.15,98.60,0.4724,-1,-1,-1
398,98,1356.45,771.37,109.93,306.46,0.5333,-1,-1,-1
398,91,1403.83,715.41,83.21,195.70,0.3366,-1,-1,-1
398,113,1717.19,604.29,56.34,165.69,0.4393,-1,-1,-1
398,112,1436.61,559.26,51.50,86.37,0.3245,-1,-1,-1
398,107,1140.36,648.55,73.82,237.53,0.5449,-1,-1,-1
398,118,1489.22,562.97,40.50,85.69,0.2811,-1,-1,-1
398,119,1302.21,558.91,48.15,125.31,0.6488,-1,-1,-1
398,115,1366.09,550.37,47.29,96.66,0.4548,-1,-1,-1
399,98,1348.00,769.73,111.57,310.79,0.3335,-1,-1,-1
399,91,1400.69,705.71,75.51,172.88,0.2414,-1,-1,-1
399,113,1713.11,604.82,58.80,163.68,0.4787,-1,-1,-1
399,112,1429.65,559.96,47.80,80.07,0.2176,-1,-1,-1
399,107,1129.07,651.89,69.95,229.67,0.6109,-1,-1,-1
399,118,1479.85,558.95,43.22,91.56,0.3647,-1,-1,-1
399,119,1293.54,554.46,49.77,128.22,0.5964,-1,-1,-1
399,115,1360.38,553.95,41.60,93.69,0.3336,-1,-1,-1
400,98,1339.39,770.93,111.75,310.87,0.3856,-1,-1,-1
400,91,1383.04,714.61,75.48,157.20,0.4167,-1,-1,-1
400,113,1710.97,608.82,65.48,162.68,0.3388,-1,-1,-1
400,112,1420.78,561.63,50.14,82.09,0.5254,-1,-1,-1
400,107,1112.67,652.67,87.24,256.30,0.5451,-1,-1,-1
400,118,1471.81,559.26,44.26,93.16,0.4436,-1,-1,-1
400,119,1288.45,556.64,43.38,126.90,0.6083,-1,-1,-1
400,115,1350.03,550.48,42.92,97.86,0.5130,-1,-1,-1
401,98,1324.96,772.20,114.29,309.04,0.5653,-1,-1,-1
401,91,1374.50,722.84,68.79,148.95,0.3487,-1,-1,-1
401,113,1706.99,610.03,60.61,161.61,0.3395,-1,-1,-1
401,112,1411.24,560.24,51.67,83.76,0.3437,-1,-1,-1
401,107,1095.44,655.90,85.76,252.09,0.7007,-1,-1,-1
401,118,1464.45,558.72,44.29,91.98,0.3094,-1,-1,-1
401,119,1278.18,554.05,45.84,130.26,0.6619,-1,-1,-1
401,115,1340.59,546.70,44.36,100.67,0.4687,-1,-1,-1
402,98,1314.49,775.64,115.44,305.24,0.6448,-1,-1,-1
402,91,1363.46,721.26,63.72,147.62,0.2084,-1,-1,-1
402,113,1702.72,610.12,68.95,166.13,0.1891,-1,-1,-1
402,112,1400.17,557.64,55.50,89.64,0.2987,-1,-1,-1
402,107,1076.19,655.93,97.09,252.85,0.6523,-1,-1,-1
402,118,1454.90,556.51,45.30,96.46,0.3016,-1,-1,-1
402,119,1268.17,552.31,46.94,129.97,0.4939,-1,-1,-1
402,115,1325.76,541.44,49.23,107.37,0.4397,-1,-1,-1
403,98,1303.13,766.97,122.31,312.93,0.6407,-1,-1,-1
403,91,1341.31,726.80,71.31,143.36,0.2049,-1,-1,-1
403,113,1697.59,611.70,66.94,170.12,0.2015,-1,-1,-1
403,112,1393.62,558.50,55.10,88.18,0.4315,-1,-1,-1
403,107,1059.03,656.17,107.71,273.58,0.6647,-1,-1,-1
403,118,1445.97,556.88,49.35,98.78,0.3681,-1,-1,-1
403,119,1261.18,552.97,42.29,129.23,0.4628,-1,-1,-1
403,115,1315.10,541.75,50.91,106.56,0.5202,-1,-1,-1
404,98,1287.06,767.63,127.41,312.16,0.7311,-1,-1,-1
404,91,1330.37,722.23,66.03,140.03,0.1943,-1,-1,-1
404,113,1691.91,611.59,56.81,172.78,0.2073,-1,-1,-1
404,112,1384.46,557.20,54.91,89.53,0.4260,-1,-1,-1
404,107,1058.67,659.08,99.52,280.84,0.6716,-1,-1,-1
404,118,1435.54,559.76,48.10,92.99,0.4463,-1,-1,-1
404,119,1251.16,549.13,43.56,130.85,0.4947,-1,-1,-1
404,115,1308.58,542.26,47.96,106.60,0.5543,-1,-1,-1
405,98,1264.21,778.32,137.84,302.32,0.6210,-1,-1,-1
405,91,1316.32,725.21,60.73,133.74,0.2201,-1,-1,-1
405,113,1687.85,610.80,69.68,179.28,0.1862,-1,-1,-1
405,112,1374.48,558.55,52.60,88.42,0.3299,-1,-1,-1
405,107,1041.23,660.04,103.93,282.40,0.6304,-1,-1,-1
405,118,1425.13,559.72,47.00,94.70,0.4478,-1,-1,-1
405,119,1241.58,547.02,40.03,134.00,0.4920,-1,-1,-1
405,115,1296.74,541.42,49.24,108.70,0.4407,-1,-1,-1
406,98,1220.35,781.90,166.99,297.86,0.5779,-1,-1,-1
406,91,1296.77,725.36,63.18,130.57,0.3596,-1,-1,-1
406,112,1363.63,555.49,56.05,91.60,0.2645,-1,-1,-1
406,107,1016.34,661.24,113.85,284.36,0.7467,-1,-1,-1
406,118,1415.13,556.84,47.04,95.69,0.3943,-1,-1,-1
406,119,1229.68,547.34,42.32,130.65,0.6197,-1,-1,-1
406,115,1289.51,541.47,45.87,106.65,0.6222,-1,-1,-1
407,98,1191.67,781.83,181.01,298.11,0.6123,-1,-1,-1
407,112,1352.24,557.32,49.69,91.76,0.3668,-1,-1,-1
407,107,996.66,663.88,119.44,286.76,0.5517,-1,-1,-1
407,118,1404.27,553.97,47.06,102.07,0.4213,-1,-1,-1
407,119,1218.17,544.06,43.41,137.40,0.5248,-1,-1,-1
407,115,1278.91,546.77,44.33,103.24,0.5676,-1,-1,-1
407,113,1673.39,603.31,72.86,187.18,0.3394,-1,-1,-1
408,98,1188.54,790.60,169.81,288.60,0.5678,-1,-1,-1
408,112,1340.83,558.74,47.60,89.53,0.3600,-1,-1,-1
408,107,991.10,666.73,110.24,289.11,0.6287,-1,-1,-1
408,118,1394.33,555.88,45.07,97.77,0.4107,-1,-1,-1
408,119,1205.15,545.45,45.33,134.36,0.5757,-1,-1,-1
408,115,1267.20,543.83,43.58,105.05,0.6265,-1,-1,-1
408,113,1667.34,603.47,72.36,193.61,0.2403,-1,-1,-1
409,98,1185.65,792.31,154.08,287.68,0.7033,-1,-1,-1
409,112,1328.43,558.26,46.39,91.57,0.3676,-1,-1,-1
409,107,967.41,665.96,117.68,292.53,0.6842,-1,-1,-1
409,118,1381.96,553.21,45.44,102.94,0.4233,-1,-1,-1
409,119,1193.39,543.55,45.87,137.65,0.5569,-1,-1,-1
409,115,1252.33,546.14,47.38,104.79,0.4838,-1,-1,-1
409,113,1658.11,588.59,69.39,212.05,0.3448,-1,-1,-1
410,98,1182.24,804.89,137.25,275.42,0.5441,-1,-1,-1
410,112,1323.13,559.06,48.81,90.93,0.3963,-1,-1,-1
410,107,945.05,668.00,117.86,294.56,0.7119,-1,-1,-1
410,118,1371.57,550.52,43.93,107.08,0.3417,-1,-1,-1
410,119,1180.26,542.95,46.66,136.85,0.5673,-1,-1,-1
410,115,1239.55,542.78,48.07,107.01,0.5803,-1,-1,-1
410,113,1649.80,589.95,67.62,215.57,0.3474,-1,-1,-1
411,98,1164.52,813.54,136.92,265.92,0.7390,-1,-1,-1
411,112,1307.02,558.21,48.63,92.79,0.4078,-1,-1,-1
411,107,930.66,669.39,115.39,294.29,0.5428,-1,-1,-1
411,118,1357.45,550.34,46.61,107.39,0.4497,-1,-1,-1
411,119,1167.76,541.04,46.01,140.20,0.3982,-1,-1,-1
411,115,1227.45,544.29,47.46,107.62,0.5131,-1,-1,-1
411,113,1637.77,600.93,64.18,201.96,0.2845,-1,-1,-1
412,98,1149.08,822.95,133.17,255.04,0.6996,-1,-1,-1
412,112,1293.51,556.71,44.70,93.08,0.3485,-1,-1,-1
412,107,903.92,667.51,130.59,300.48,0.6780,-1,-1,-1
412,118,1345.38,552.37,44.25,103.26,0.5035,-1,-1,-1
412,119,1152.38,540.46,47.98,137.58,0.5157,-1,-1,-1
412,115,1215.04,540.45,44.98,110.63,0.5604,-1,-1,-1
412,113,1631.55,603.05,59.72,198.60,0.4097,-1,-1,-1
413,98,1120.61,818.14,141.67,261.19,0.5992,-1,-1,-1
413,112,1279.76,555.74,42.16,94.18,0.4545,-1,-1,-1
413,107,889.97,669.27,129.79,300.40,0.6614,-1,-1,-1
413,118,1331.19,550.29,43.95,107.52,0.4293,-1,-1,-1
413,119,1138.39,541.29,45.64,138.29,0.4519,-1,-1,-1
413,115,1198.62,538.01,46.66,115.64,0.5650,-1,-1,-1
413,113,1617.89,601.53,59.61,201.14,0.2243,-1,-1,-1
414,98,1111.03,824.76,130.75,254.78,0.6701,-1,-1,-1
414,112,1265.79,553.23,43.88,97.68,0.4608,-1,-1,-1
414,107,866.59,671.29,120.18,302.24,0.7009,-1,-1,-1
414,118,1318.03,551.68,45.53,105.09,0.4727,-1,-1,-1
414,119,1124.79,548.55,47.98,122.85,0.2784,-1,-1,-1
414,115,1182.64,538.18,48.93,115.67,0.6610,-1,-1,-1
415,98,1080.06,822.81,138.30,256.47,0.5636,-1,-1,-1
415,112,1252.11,556.08,49.17,94.27,0.4585,-1,-1,-1
415,107,840.10,671.72,120.35,304.90,0.7166,-1,-1,-1
415,118,1304.54,550.30,44.16,108.25,0.5070,-1,-1,-1
415,119,1110.09,545.61,47.24,130.20,0.4881,-1,-1,-1
415,115,1165.72,536.12,51.14,117.83,0.6299,-1,-1,-1
416,98,1065.61,827.19,131.07,250.00,0.6422,-1,-1,-1
416,112,1237.71,554.00,43.98,94.90,0.4522,-1,-1,-1
416,107,814.18,672.26,114.27,307.72,0.7553,-1,-1,-1
416,118,1287.88,551.38,46.87,106.17,0.4722,-1,-1,-1
416,119,1095.02,539.22,48.79,138.56,0.5351,-1,-1,-1
416,115,1148.46,535.14,51.63,118.30,0.5831,-1,-1,-1
417,98,1029.21,830.69,142.14,246.52,0.5397,-1,-1,-1
417,112,1222.28,554.68,46.53,93.59,0.4343,-1,-1,-1
417,107,785.45,674.82,113.07,308.75,0.7304,-1,-1,-1
417,118,1274.23,551.39,44.55,107.24,0.3935,-1,-1,-1
417,119,1081.46,539.02,48.75,132.31,0.4162,-1,-1,-1
417,115,1134.10,533.31,53.10,118.77,0.5393,-1,-1,-1
418,98,1015.96,833.80,130.52,245.04,0.6615,-1,-1,-1
418,112,1207.09,556.57,43.01,91.79,0.5133,-1,-1,-1
418,107,755.36,675.66,113.15,311.33,0.7946,-1,-1,-1
418,118,1256.99,551.69,44.51,106.67,0.4058,-1,-1,-1
418,119,1062.48,539.05,49.99,136.41,0.4719,-1,-1,-1
418,115,1117.02,531.48,55.79,118.86,0.7112,-1,-1,-1
418,123,1796.74,583.38,84.71,199.03,0.4687,-1,-1,-1
418,124,1621.32,604.63,72.28,173.46,0.4241,-1,-1,-1
419,98,1004.31,836.44,116.51,242.86,0.6643,-1,-1,-1
419,112,1192.18,551.90,41.52,95.25,0.5641,-1,-1,-1
419,107,720.46,676.69,120.40,315.26,0.7996,-1,-1,-1
419,118,1240.71,549.81,46.29,106.16,0.3749,-1,-1,-1
419,119,1047.02,538.81,50.53,134.06,0.4720,-1,-1,-1
419,115,1101.63,530.81,52.93,118.58,0.5705,-1,-1,-1
419,123,1779.82,575.92,95.51,209.58,0.4980,-1,-1,-1
419,124,1608.18,610.94,75.69,168.86,0.5803,-1,-1,-1
420,98,976.17,837.54,116.86,242.21,0.7124,-1,-1,-1
420,112,1176.84,552.48,45.25,94.13,0.5381,-1,-1,-1
420,107,688.67,679.31,125.69,315.91,0.7663,-1,-1,-1
420,118,1225.23,551.77,45.84,105.89,0.3605,-1,-1,-1
420,119,1032.12,533.05,51.02,135.73,0.4455,-1,-1,-1
420,115,1088.56,530.88,51.91,116.76,0.6096,-1,-1,-1
420,123,1767.26,575.04,78.02,202.25,0.6185,-1,-1,-1
420,124,1590.74,613.18,78.23,166.24,0.4450,-1,-1,-1
420,125,904.57,782.83,110.00,296.96,0.5557,-1,-1,-1
421,98,946.97,835.78,118.27,244.36,0.6579,-1,-1,-1
421,112,1160.08,553.34,45.92,94.80,0.5058,-1,-1,-1
421,107,657.88,680.55,128.95,317.91,0.7828,-1,-1,-1
421,118,1206.88,550.44,46.51,107.31,0.4579,-1,-1,-1
421,119,1011.68,535.48,52.22,138.35,0.5131,-1,-1,-1
421,115,1071.05,531.56,54.14,117.18,0.6502,-1,-1,-1
421,123,1752.33,577.64,70.07,202.69,0.6453,-1,-1,-1
421,124,1580.05,611.70,77.66,168.03,0.4711,-1,-1,-1
421,125,872.21,773.09,118.14,307.17,0.3357,-1,-1,-1
422,98,915.55,843.05,120.66,236.78,0.7687,-1,-1,-1
422,112,1142.83,551.62,44.25,95.14,0.4906,-1,-1,-1
422,107,625.38,679.24,138.38,325.63,0.8119,-1,-1,-1
422,118,1189.15,547.66,49.23,109.71,0.3941,-1,-1,-1
422,119,990.08,529.16,57.35,142.86,0.5408,-1,-1,-1
422,115,1052.45,529.52,53.07,117.13,0.5807,-1,-1,-1
422,123,1732.83,579.33,73.96,203.04,0.2692,-1,-1,-1
422,124,1558.66,609.55,83.25,171.13,0.5048,-1,-1,-1
422,125,851.81,786.63,107.43,292.53,0.5142,-1,-1,-1
423,98,882.75,848.47,122.07,231.45,0.7497,-1,-1,-1
423,112,1123.99,552.18,48.38,94.95,0.3632,-1,-1,-1
423,107,597.60,682.31,136.83,325.34,0.7453,-1,-1,-1
423,118,1170.59,548.55,47.82,107.53,0.1543,-1,-1,-1
423,119,970.03,528.02,56.04,141.21,0.5009,-1,-1,-1
423,115,1032.14,528.19,56.77,119.02,0.5553,-1,-1,-1
423,123,1717.56,578.48,68.57,203.55,0.5409,-1,-1,-1
423,124,1549.80,608.18,72.32,171.29,0.6357,-1,-1,-1
423,125,816.77,799.59,108.68,278.71,0.5449,-1,-1,-1
424,98,855.48,855.91,118.29,224.13,0.7105,-1,-1,-1
424,112,1105.19,551.71,45.51,94.71,0.4101,-1,-1,-1
424,107,562.75,686.95,143.95,325.08,0.7652,-1,-1,-1
424,118,1154.29,546.63,47.56,110.98,0.1724,-1,-1,-1
424,119,953.21,527.00,53.68,140.29,0.5572,-1,-1,-1
424,115,1012.52,528.50,58.87,117.59,0.5796,-1,-1,-1
424,123,1694.71,573.75,69.39,206.43,0.5573,-1,-1,-1
424,124,1536.81,609.81,67.80,170.21,0.6043,-1,-1,-1
424,125,786.97,813.40,108.56,266.14,0.4699,-1,-1,-1
425,98,821.82,861.95,119.13,218.12,0.7476,-1,-1,-1
425,112,1085.31,552.38,46.01,95.64,0.2154,-1,-1,-1
425,107,522.71,687.25,149.27,329.60,0.7404,-1,-1,-1
425,119,933.20,526.05,54.40,142.03,0.4811,-1,-1,-1
425,115,993.71,527.84,57.15,120.74,0.5311,-1,-1,-1
425,123,1672.96,572.42,71.56,207.98,0.6589,-1,-1,-1
425,124,1520.39,609.38,66.15,169.70,0.6158,-1,-1,-1
425,125,752.95,806.61,108.41,272.30,0.5018,-1,-1,-1
426,98,790.11,867.43,118.40,212.58,0.7128,-1,-1,-1
426,112,1067.79,549.96,45.46,97.25,0.3570,-1,-1,-1
426,107,484.14,691.52,137.21,329.81,0.6080,-1,-1,-1
426,119,914.99,522.99,54.96,145.28,0.5140,-1,-1,-1
426,115,975.49,527.22,56.93,121.55,0.5633,-1,-1,-1
426,123,1654.15,575.94,71.09,203.16,0.6671,-1,-1,-1
426,124,1506.53,609.80,62.25,167.50,0.5682,-1,-1,-1
426,125,720.85,815.55,101.07,264.10,0.3794,-1,-1,-1
426,118,1111.68,545.17,45.65,111.97,0.3401,-1,-1,-1
427,98,755.73,873.59,119.10,206.87,0.4977,-1,-1,-1
427,112,1045.92,551.58,47.01,98.72,0.2489,-1,-1,-1
427,107,440.81,696.53,168.00,333.66,0.6912,-1,-1,-1
427,119,895.10,526.23,55.25,140.85,0.4801,-1,-1,-1
427,115,956.66,529.89,54.94,121.31,0.5067,-1,-1,-1
427,123,1632.20,579.43,73.79,203.67,0.5688,-1,-1,-1
427,124,1488.65,608.93,64.98,170.40,0.5369,-1,-1,-1
427,125,686.33,897.57,100.73,182.79,0.2287,-1,-1,-1
427,118,1089.97,546.41,47.77,112.95,0.3189,-1,-1,-1
428,98,720.25,884.86,118.47,195.88,0.5370,-1,-1,-1
428,112,1024.63,551.51,47.86,102.93,0.2220,-1,-1,-1
428,107,406.31,700.54,176.42,340.07,0.5711,-1,-1,-1
428,119,868.94,528.62,60.28,142.23,0.5738,-1,-1,-1
428,115,936.92,530.82,55.96,123.85,0.5224,-1,-1,-1
428,123,1610.82,582.98,75.93,204.61,0.5802,-1,-1,-1
428,124,1470.74,609.20,65.34,172.55,0.4352,-1,-1,-1
428,125,645.46,947.41,106.94,131.49,0.3139,-1,-1,-1
428,118,1064.48,549.58,63.56,117.08,0.2101,-1,-1,-1
429,98,684.82,893.38,116.49,186.82,0.6580,-1,-1,-1
429,112,1012.05,554.34,42.22,104.34,0.2723,-1,-1,-1
429,107,382.75,703.76,145.29,323.37,0.4227,-1,-1,-1
429,119,852.04,530.93,54.88,137.84,0.4167,-1,-1,-1
429,115,917.52,531.00,54.43,125.46,0.4321,-1,-1,-1
429,123,1585.48,586.73,81.55,203.88,0.4164,-1,-1,-1
429,124,1453.11,610.42,69.13,178.43,0.4652,-1,-1,-1
429,118,1049.80,551.95,56.78,119.58,0.3356,-1,-1,-1
429,127,655.00,780.05,81.44,148.24,0.4406,-1,-1,-1
430,98,638.00,904.23,125.54,176.37,0.6652,-1,-1,-1
430,112,997.40,558.30,36.44,105.08,0.2613,-1,-1,-1
430,107,329.08,708.67,163.91,331.74,0.7221,-1,-1,-1
430,119,826.83,531.81,63.88,136.81,0.3031,-1,-1,-1
430,115,893.82,531.66,57.26,126.71,0.3252,-1,-1,-1
430,123,1561.22,588.26,80.99,202.36,0.6544,-1,-1,-1
430,124,1437.19,612.35,70.35,184.27,0.6185,-1,-1,-1
430,118,1028.21,555.38,53.13,121.04,0.4406,-1,-1,-1
430,127,616.87,789.09,82.17,161.95,0.4113,-1,-1,-1
430,129,540.51,858.24,122.42,211.34,0.5320,-1,-1,-1
430,113,1367.09,635.55,83.49,199.05,0.3547,-1,-1,-1
431,98,609.62,915.15,111.55,165.03,0.5316,-1,-1,-1
431,112,977.65,560.88,37.13,107.49,0.4600,-1,-1,-1
431,107,298.63,713.10,148.00,329.78,0.5726,-1,-1,-1
431,119,801.77,540.29,64.39,134.85,0.4177,-1,-1,-1
431,115,870.30,534.61,60.25,129.30,0.2371,-1,-1,-1
431,123,1540.22,592.86,83.28,205.27,0.4344,-1,-1,-1
431,124,1415.01,616.66,73.39,183.66,0.4846,-1,-1,-1
431,118,1011.33,560.42,48.79,121.68,0.4652,-1,-1,-1
431,127,565.24,798.26,89.87,175.07,0.3681,-1,-1,-1
431,113,1347.64,632.54,81.79,208.10,0.2745,-1,-1,-1
432,98,572.53,925.53,105.34,154.45,0.6391,-1,-1,-1
432,112,959.66,563.42,35.81,106.22,0.4745,-1,-1,-1
432,107,249.17,716.27,161.78,345.06,0.3326,-1,-1,-1
432,119,780.58,538.61,65.93,134.98,0.2819,-1,-1,-1
432,123,1516.20,592.82,84.36,206.01,0.6078,-1,-1,-1
432,124,1399.50,618.74,76.76,181.15,0.4413,-1,-1,-1
432,118,988.68,559.07,51.66,127.45,0.5241,-1,-1,-1
432,127,520.75,806.14,93.44,172.44,0.4851,-1,-1,-1
432,113,1328.60,634.13,82.51,214.97,0.3290,-1,-1,-1
432,129,444.17,870.23,144.38,209.37,0.5054,-1,-1,-1
433,98,528.92,937.20,107.18,143.37,0.6462,-1,-1,-1
433,112,938.96,566.30,34.61,105.31,0.4258,-1,-1,-1
433,107,210.70,724.74,156.96,332.04,0.5648,-1,-1,-1
433,119,758.27,539.98,62.41,137.16,0.4255,-1,-1,-1
433,123,1495.68,595.88,90.59,210.35,0.5098,-1,-1,-1
433,124,1380.81,625.21,79.96,180.31,0.3765,-1,-1,-1
433,118,964.53,561.70,54.91,130.62,0.4860,-1,-1,-1
433,127,480.70,814.51,87.98,162.93,0.5408,-1,-1,-1
433,113,1310.97,649.36,78.02,205.42,0.3046,-1,-1,-1
433,129,350.16,871.57,193.08,209.66,0.6784,-1,-1,-1
434,98,484.60,947.92,106.43,130.41,0.6239,-1,-1,-1
434,112,918.14,567.49,33.28,106.91,0.2724,-1,-1,-1
434,107,164.38,728.87,118.15,338.48,0.6667,-1,-1,-1
434,119,737.30,539.16,60.66,135.65,0.3649,-1,-1,-1
434,123,1474.48,595.34,82.34,210.83,0.5550,-1,-1,-1
434,124,1360.18,626.14,86.03,182.75,0.5637,-1,-1,-1
434,118,938.86,562.32,58.65,131.09,0.5065,-1,-1,-1
434,127,434.73,818.81,92.39,171.60,0.5505,-1,-1,-1
434,113,1285.26,635.43,90.35,223.44,0.4436,-1,-1,-1
434,129,294.51,878.71,201.83,202.44,0.7393,-1,-1,-1
435,98,434.57,960.21,109.76,118.84,0.6150,-1,-1,-1
435,112,887.03,566.40,41.89,109.78,0.3151,-1,-1,-1
435,107,115.54,734.35,103.97,341.81,0.6873,-1,-1,-1
435,119,716.05,541.90,62.41,133.32,0.3425,-1,-1,-1
435,123,1453.76,598.88,77.27,209.67,0.5298,-1,-1,-1
435,124,1342.03,629.25,84.37,181.60,0.5609,-1,-1,-1
435,118,920.76,564.40,57.46,132.66,0.3001,-1,-1,-1
435,127,389.37,826.60,99.73,170.10,0.5314,-1,-1,-1
435,113,1265.27,638.83,87.85,225.73,0.4014,-1,-1,-1
435,129,255.26,887.29,192.94,193.65,0.7124,-1,-1,-1
436,98,383.99,968.32,111.60,111.23,0.5863,-1,-1,-1
436,112,869.55,567.36,37.48,112.81,0.3414,-1,-1,-1
436,107,61.41,736.18,105.67,343.45,0.7330,-1,-1,-1
436,119,693.35,542.14,58.76,134.05,0.4105,-1,-1,-1
436,123,1430.77,600.43,75.10,209.11,0.6335,-1,-1,-1
436,124,1322.86,631.09,86.98,181.79,0.6079,-1,-1,-1
436,118,897.50,565.34,58.23,131.46,0.4337,-1,-1,-1
436,127,340.91,832.18,99.89,176.48,0.5250,-1,-1,-1
436,113,1241.46,639.11,85.43,230.39,0.5580,-1,-1,-1
436,129,224.35,893.23,172.69,187.31,0.7745,-1,-1,-1
437,98,332.89,977.88,103.06,101.22,0.5183,-1,-1,-1
437,112,845.73,568.37,39.13,117.74,0.3731,-1,-1,-1
437,107,7.80,739.79,124.18,342.38,0.7426,-1,-1,-1
437,119,672.09,547.70,60.42,132.33,0.3874,-1,-1,-1
437,123,1409.20,601.05,69.16,209.10,0.5367,-1,-1,-1
437,124,1301.60,633.35,89.07,182.70,0.6758,-1,-1,-1
437,118,877.96,567.81,55.72,131.01,0.4127,-1,-1,-1
437,127,292.43,843.22,98.19,174.71,0.5842,-1,-1,-1
437,113,1223.05,644.27,78.35,232.67,0.5706,-1,-1,-1
437,129,178.57,902.97,167.30,177.88,0.7789,-1,-1,-1
437,131,921.56,558.84,44.43,129.60,0.5288,-1,-1,-1
438,98,275.36,991.84,94.24,86.74,0.4964,-1,-1,-1
438,112,824.97,567.41,36.39,117.92,0.2865,-1,-1,-1
438,107,-14.25,739.26,87.27,303.21,0.4103,-1,-1,-1
438,119,649.14,547.25,62.09,133.27,0.5398,-1,-1,-1
438,123,1385.45,597.81,67.33,208.68,0.6426,-1,-1,-1
438,124,1282.27,631.69,85.49,184.56,0.5936,-1,-1,-1
438,118,856.95,567.25,56.44,132.97,0.4911,-1,-1,-1
438,127,242.97,841.27,98.76,188.93,0.4770,-1,-1,-1
438,113,1204.30,644.45,75.27,237.04,0.5704,-1,-1,-1
438,129,125.70,911.76,162.79,168.34,0.7473,-1,-1,-1
438,131,901.55,560.86,41.67,117.55,0.2840,-1,-1,-1
439,98,214.52,1001.97,96.37,76.81,0.5590,-1,-1,-1
439,112,794.79,566.24,45.46,118.89,0.2839,-1,-1,-1
439,119,626.77,548.02,61.75,134.57,0.4494,-1,-1,-1
439,123,1361.34,599.02,66.01,210.12,0.6038,-1,-1,-1
439,124,1263.44,632.44,79.57,183.66,0.5901,-1,-1,-1
439,118,834.48,567.56,54.85,134.42,0.4638,-1,-1,-1
439,127,193.15,849.14,97.46,186.87,0.2429,-1,-1,-1
439,113,1180.34,646.19,83.61,240.29,0.6064,-1,-1,-1
439,129,68.65,920.31,159.01,159.55,0.7723,-1,-1,-1
439,131,881.19,561.25,40.82,120.08,0.3217,-1,-1,-1
440,98,153.15,1014.64,100.51,65.33,0.3626,-1,-1,-1
440,112,766.02,567.27,45.90,119.02,0.2421,-1,-1,-1
440,119,601.90,551.86,53.56,130.13,0.6285,-1,-1,-1
440,123,1336.10,600.24,67.75,209.57,0.6070,-1,-1,-1
440,124,1242.82,633.76,79.84,189.93,0.5396,-1,-1,-1
440,118,812.08,568.77,53.08,136.59,0.4419,-1,-1,-1
440,127,136.37,860.99,96.39,184.53,0.4745,-1,-1,-1
440,113,1153.98,653.00,90.54,240.35,0.6821,-1,-1,-1
440,129,4.38,930.93,162.00,149.54,0.7368,-1,-1,-1
440,131,860.11,562.53,42.65,126.64,0.2598,-1,-1,-1
440,115,670.95,544.88,53.67,134.02,0.3846,-1,-1,-1
441,112,752.39,566.92,41.06,125.54,0.3928,-1,-1,-1
441,119,578.63,549.08,53.17,132.79,0.5486,-1,-1,-1
441,123,1308.62,598.98,71.18,217.46,0.5848,-1,-1,-1
441,124,1223.65,633.76,75.36,195.02,0.5350,-1,-1,-1
441,118,791.21,568.61,50.64,137.46,0.3847,-1,-1,-1
441,127,77.32,869.93,106.99,201.24,0.4315,-1,-1,-1
441,113,1129.13,656.51,95.81,240.83,0.7630,-1,-1,-1
441,129,-18.27,941.49,117.69,138.82,0.5770,-1,-1,-1
441,131,836.60,561.97,44.17,131.31,0.4579,-1,-1,-1
441,115,645.63,540.20,55.66,137.79,0.3379,-1,-1,-1
442,112,734.59,569.18,37.13,129.71,0.4355,-1,-1,-1
442,119,554.84,550.00,51.44,130.85,0.5147,-1,-1,-1
442,123,1284.94,600.53,69.64,216.05,0.6018,-1,-1,-1
442,124,1206.45,636.50,71.92,194.76,0.5192,-1,-1,-1
442,118,769.02,568.38,49.54,139.05,0.4436,-1,-1,-1
442,127,11.52,879.32,117.49,200.70,0.6595,-1,-1,-1
442,113,1103.26,666.80,99.64,233.50,0.7682,-1,-1,-1
442,131,813.58,564.65,45.92,129.87,0.3317,-1,-1,-1
442,115,621.15,537.52,58.63,142.74,0.3751,-1,-1,-1
443,112,712.59,570.62,36.55,132.64,0.4566,-1,-1,-1
443,119,531.09,563.58,47.17,119.01,0.5186,-1,-1,-1
443,123,1256.86,602.12,71.51,219.86,0.5905,-1,-1,-1
443,124,1185.39,636.86,72.21,197.39,0.6803,-1,-1,-1
443,118,746.88,569.83,47.97,138.03,0.3591,-1,-1,-1
443,113,1079.07,673.29,105.96,228.52,0.7825,-1,-1,-1
443,131,790.39,567.28,48.06,129.28,0.2771,-1,-1,-1
443,115,595.48,528.93,62.65,149.62,0.3990,-1,-1,-1
444,112,689.93,572.39,36.07,132.21,0.3760,-1,-1,-1
444,119,505.00,566.36,45.85,117.09,0.5784,-1,-1,-1
444,123,1230.09,603.71,73.73,217.49,0.6595,-1,-1,-1
444,124,1163.01,638.22,73.06,197.20,0.7124,-1,-1,-1
444,118,722.15,568.38,48.75,140.52,0.3354,-1,-1,-1
444,113,1052.26,676.40,106.96,230.60,0.7158,-1,-1,-1
444,131,770.13,567.07,46.42,129.95,0.3312,-1,-1,-1
444,115,572.57,531.81,57.42,145.66,0.1785,-1,-1,-1
445,112,665.49,573.20,36.71,135.85,0.4711,-1,-1,-1
445,119,480.63,570.05,44.81,118.32,0.5718,-1,-1,-1
445,123,1203.77,602.34,69.94,222.09,0.6144,-1,-1,-1
445,124,1139.85,637.43,75.39,202.45,0.6517,-1,-1,-1
445,118,699.54,569.29,47.31,139.92,0.3693,-1,-1,-1
445,113,1027.33,677.65,102.25,233.65,0.7714,-1,-1,-1
445,131,744.36,567.20,46.82,132.60,0.3651,-1,-1,-1
445,115,550.32,519.71,59.65,156.96,0.3545,-1,-1,-1
446,112,640.51,573.31,37.68,136.43,0.3513,-1,-1,-1
446,119,454.14,570.86,46.45,118.45,0.5701,-1,-1,-1
446,123,1178.47,602.86,72.98,221.80,0.6724,-1,-1,-1
446,124,1116.53,639.72,75.04,200.85,0.6798,-1,-1,-1
446,118,674.36,567.95,47.74,143.03,0.4169,-1,-1,-1
446,113,999.54,676.67,99.46,239.79,0.7730,-1,-1,-1
446,115,524.53,515.93,60.40,160.68,0.4142,-1,-1,-1
447,112,616.54,573.01,40.13,138.01,0.3543,-1,-1,-1
447,119,427.52,572.80,47.04,117.56,0.5538,-1,-1,-1
447,123,1153.00,601.26,72.60,223.38,0.6953,-1,-1,-1
447,124,1090.26,642.91,76.15,202.43,0.6834,-1,-1,-1
447,118,652.47,569.91,43.02,141.72,0.1651,-1,-1,-1
447,113,974.20,673.25,95.45,248.97,0.6439,-1,-1,-1
447,115,498.99,515.17,61.38,160.61,0.3601,-1,-1,-1
448,112,576.95,570.60,51.32,142.59,0.2853,-1,-1,-1
448,119,399.79,574.28,48.32,116.02,0.4296,-1,-1,-1
448,123,1125.15,602.83,68.58,220.84,0.6608,-1,-1,-1
448,124,1066.95,640.42,74.50,203.92,0.6315,-1,-1,-1
448,113,943.42,671.16,94.77,253.42,0.6800,-1,-1,-1
448,115,477.38,515.73,58.02,161.21,0.3581,-1,-1,-1
448,132,1000.16,615.63,64.30,166.03,0.3890,-1,-1,-1
449,112,542.79,566.63,51.96,148.48,0.4475,-1,-1,-1
449,119,370.66,570.56,52.83,119.59,0.6232,-1,-1,-1
449,123,1097.77,604.50,64.57,219.90,0.5668,-1,-1,-1
449,124,1041.08,639.06,78.36,207.70,0.6349,-1,-1,-1
449,113,913.08,670.20,104.94,264.51,0.6896,-1,-1,-1
449,115,449.91,507.12,64.41,170.50,0.3373,-1,-1,-1
449,132,974.87,615.55,61.47,143.85,0.2257,-1,-1,-1
449,131,651.98,562.08,45.85,135.76,0.3426,-1,-1,-1
450,119,340.90,568.44,54.15,121.06,0.5484,-1,-1,-1
450,123,1070.43,605.36,61.08,219.89,0.4625,-1,-1,-1
450,124,1019.28,641.17,72.81,203.23,0.5216,-1,-1,-1
450,113,882.44,674.06,99.39,259.80,0.6483,-1,-1,-1
450,115,424.88,503.86,67.64,178.42,0.2409,-1,-1,-1
450,132,943.51,614.55,69.35,201.17,0.4250,-1,-1,-1
450,133,1833.61,775.81,79.45,303.14,0.7835,-1,-1,-1
450,131,626.98,559.36,46.48,138.18,0.2810,-1,-1,-1
451,119,313.49,566.65,52.79,122.58,0.3530,-1,-1,-1
451,123,1039.51,606.30,60.94,227.61,0.3174,-1,-1,-1
451,124,990.25,636.53,83.05,212.95,0.5234,-1,-1,-1
451,113,850.99,680.51,93.54,266.86,0.7650,-1,-1,-1
451,132,916.28,616.21,70.30,218.00,0.4352,-1,-1,-1
451,133,1804.17,774.39,104.72,304.32,0.8401,-1,-1,-1
451,131,604.39,559.00,45.64,139.12,0.2980,-1,-1,-1
452,119,284.74,567.44,48.49,123.14,0.4945,-1,-1,-1
452,124,964.31,620.73,86.78,232.37,0.4451,-1,-1,-1
452,113,818.59,685.81,100.53,270.26,0.8028,-1,-1,-1
452,132,893.31,619.39,66.17,222.55,0.3655,-1,-1,-1
452,133,1772.04,774.21,134.92,303.46,0.8553,-1,-1,-1
452,131,580.52,559.76,44.94,138.71,0.1803,-1,-1,-1
452,112,481.68,566.93,42.39,148.87,0.3986,-1,-1,-1
453,119,252.68,569.64,50.65,123.77,0.3510,-1,-1,-1
453,124,939.19,618.21,89.41,236.79,0.5614,-1,-1,-1
453,113,786.42,691.61,104.16,269.04,0.7357,-1,-1,-1
453,133,1739.72,773.44,167.29,304.59,0.8488,-1,-1,-1
453,131,555.66,559.93,47.76,140.86,0.2745,-1,-1,-1
453,112,457.65,567.28,41.26,152.62,0.3806,-1,-1,-1
454,119,224.20,570.96,50.93,124.03,0.3433,-1,-1,-1
454,124,914.44,614.35,84.13,244.91,0.6743,-1,-1,-1
454,113,751.50,695.36,104.14,271.67,0.7773,-1,-1,-1
454,133,1710.32,772.72,184.37,307.79,0.8562,-1,-1,-1
454,131,527.02,560.95,51.07,141.06,0.3214,-1,-1,-1
454,112,429.56,569.50,42.41,155.24,0.4400,-1,-1,-1
454,132,840.86,620.44,64.52,220.94,0.4261,-1,-1,-1
455,124,887.11,616.80,82.07,248.19,0.7287,-1,-1,-1
455,113,716.13,699.56,101.45,274.40,0.7854,-1,-1,-1
455,133,1680.22,773.37,192.70,308.36,0.8523,-1,-1,-1
455,131,499.33,563.69,48.16,143.35,0.3968,-1,-1,-1
455,112,400.89,571.66,43.42,158.02,0.4812,-1,-1,-1
455,132,813.40,630.57,62.25,218.97,0.6826,-1,-1,-1
456,124,860.00,614.34,78.99,251.36,0.6912,-1,-1,-1
456,113,679.89,697.43,94.33,288.86,0.7836,-1,-1,-1
456,133,1646.75,768.94,197.81,311.85,0.8585,-1,-1,-1
456,131,474.03,561.57,46.95,146.14,0.4926,-1,-1,-1
456,112,372.45,572.12,42.13,161.00,0.3424,-1,-1,-1
456,132,782.97,632.18,65.23,222.72,0.5982,-1,-1,-1
457,124,826.65,619.91,85.10,251.62,0.5786,-1,-1,-1
457,113,643.85,697.01,90.75,303.58,0.7722,-1,-1,-1
457,133,1612.39,763.18,198.95,316.82,0.8524,-1,-1,-1
457,131,444.31,562.36,51.12,146.06,0.4456,-1,-1,-1
457,112,342.92,570.55,42.01,158.50,0.3937,-1,-1,-1
457,132,755.03,633.11,70.58,225.69,0.6255,-1,-1,-1
458,124,795.50,621.59,88.32,256.16,0.7007,-1,-1,-1
458,113,607.07,700.52,99.07,314.12,0.7407,-1,-1,-1
458,133,1577.92,761.00,200.39,318.57,0.8505,-1,-1,-1
458,131,412.62,561.30,55.83,148.31,0.4301,-1,-1,-1
458,112,311.96,572.60,44.07,162.85,0.4708,-1,-1,-1
458,132,721.98,638.52,70.82,224.70,0.6316,-1,-1,-1
458,119,87.45,551.80,62.95,149.87,0.5286,-1,-1,-1
459,124,766.30,658.43,88.26,223.95,0.4768,-1,-1,-1
459,113,566.05,704.38,102.22,322.75,0.7353,-1,-1,-1
459,133,1543.43,756.69,200.78,323.91,0.8502,-1,-1,-1
459,131,385.40,562.27,48.81,153.16,0.2455,-1,-1,-1
459,112,279.51,575.43,46.74,164.28,0.4416,-1,-1,-1
459,132,691.09,647.31,70.77,217.19,0.5329,-1,-1,-1
459,119,53.58,555.03,60.38,150.63,0.4968,-1,-1,-1
460,124,729.71,668.47,94.76,219.13,0.6046,-1,-1,-1
460,113,521.50,707.21,104.42,333.60,0.7355,-1,-1,-1
460,133,1507.96,757.66,199.60,323.54,0.8536,-1,-1,-1
460,131,357.23,565.81,55.43,151.56,0.4218,-1,-1,-1
460,112,247.65,578.11,46.97,162.39,0.3299,-1,-1,-1
460,132,658.69,650.91,71.65,220.63,0.6612,-1,-1,-1
460,119,18.72,551.73,60.01,154.89,0.1797,-1,-1,-1
461,124,702.46,650.67,88.74,242.33,0.6979,-1,-1,-1
461,113,474.71,720.94,108.02,332.54,0.7103,-1,-1,-1
461,133,1473.29,759.69,196.16,321.10,0.8649,-1,-1,-1
461,131,328.19,565.03,51.55,154.86,0.3654,-1,-1,-1
461,112,217.80,580.62,45.95,161.56,0.3329,-1,-1,-1
461,132,624.05,654.08,72.87,225.35,0.6034,-1,-1,-1
461,119,-5.31,554.21,43.55,156.55,0.3966,-1,-1,-1
462,124,669.89,639.96,91.19,257.99,0.5890,-1,-1,-1
462,113,427.51,731.16,118.08,328.99,0.7560,-1,-1,-1
462,133,1439.39,769.88,193.95,310.66,0.8505,-1,-1,-1
462,131,298.30,566.95,53.06,153.80,0.3399,-1,-1,-1
462,112,183.70,580.53,48.59,167.31,0.4218,-1,-1,-1
462,132,591.33,654.52,73.53,229.28,0.5048,-1,-1,-1
462,136,133.28,582.35,64.20,165.05,0.3652,-1,-1,-1
463,124,634.37,646.09,102.12,259.44,0.7212,-1,-1,-1
463,113,382.40,739.39,124.74,330.07,0.7758,-1,-1,-1
463,133,1404.60,784.62,191.11,296.25,0.8486,-1,-1,-1
463,131,267.86,575.69,55.33,148.72,0.2645,-1,-1,-1
463,112,144.44,586.67,57.00,164.43,0.3593,-1,-1,-1
463,132,555.29,655.57,76.58,233.55,0.5829,-1,-1,-1
463,136,95.23,613.95,60.74,135.20,0.3795,-1,-1,-1
464,124,598.86,645.43,107.16,265.49,0.6788,-1,-1,-1
464,113,333.98,748.60,136.60,329.52,0.6680,-1,-1,-1
464,133,1370.00,799.31,190.22,281.91,0.8722,-1,-1,-1
464,131,232.94,578.46,60.45,150.56,0.2678,-1,-1,-1
464,112,106.74,589.03,59.69,167.43,0.3384,-1,-1,-1
464,132,519.34,659.58,84.65,235.40,0.5353,-1,-1,-1
464,136,60.06,610.38,58.77,144.22,0.2415,-1,-1,-1
465,124,559.62,647.36,112.54,268.48,0.7090,-1,-1,-1
465,113,282.90,750.98,152.57,331.77,0.7200,-1,-1,-1
465,133,1334.33,814.38,189.66,266.18,0.8568,-1,-1,-1
465,112,68.62,587.53,62.11,170.93,0.2974,-1,-1,-1
465,132,484.07,658.83,87.07,239.38,0.6626,-1,-1,-1
465,136,22.73,618.38,57.76,138.35,0.2179,-1,-1,-1
465,118,122.21,575.76,58.80,167.63,0.3645,-1,-1,-1
466,124,526.60,673.01,109.49,252.12,0.6716,-1,-1,-1
466,113,227.51,757.88,166.88,326.42,0.8048,-1,-1,-1
466,133,1299.33,827.22,188.64,253.58,0.8279,-1,-1,-1
466,112,28.37,592.03,67.34,170.09,0.3247,-1,-1,-1
466,132,445.47,654.82,93.79,249.24,0.6196,-1,-1,-1
466,118,88.49,577.41,58.12,169.33,0.1862,-1,-1,-1
467,124,488.79,681.50,113.06,251.48,0.6665,-1,-1,-1
467,113,172.97,763.48,174.96,320.87,0.8410,-1,-1,-1
467,133,1266.29,838.49,185.46,241.69,0.7981,-1,-1,-1
467,112,-3.50,586.41,56.61,173.93,0.2725,-1,-1,-1
467,132,405.52,662.39,101.90,249.43,0.5689,-1,-1,-1
467,118,52.01,576.66,58.97,169.94,0.1556,-1,-1,-1
467,131,132.57,564.55,73.55,174.79,0.3775,-1,-1,-1
468,124,453.04,694.45,109.19,244.24,0.6066,-1,-1,-1
468,113,115.81,765.91,182.96,317.12,0.8536,-1,-1,-1
468,133,1233.51,848.62,182.78,231.27,0.8419,-1,-1,-1
468,132,369.83,665.11,91.22,252.17,0.3703,-1,-1,-1
468,118,19.36,578.68,55.49,169.91,0.2129,-1,-1,-1
468,131,106.51,574.46,65.83,170.97,0.3263,-1,-1,-1
469,124,413.09,697.26,112.32,245.92,0.5592,-1,-1,-1
469,113,56.26,772.61,189.54,308.91,0.8414,-1,-1,-1
469,133,1202.27,855.79,176.44,223.85,0.8573,-1,-1,-1
469,132,331.78,667.68,79.19,243.52,0.5330,-1,-1,-1
470,124,373.64,699.37,112.89,250.41,0.6652,-1,-1,-1
470,113,2.69,775.40,186.91,306.23,0.8448,-1,-1,-1
470,133,1168.44,856.32,174.38,222.93,0.8428,-1,-1,-1
470,132,290.06,662.73,98.45,262.48,0.5168,-1,-1,-1
471,124,337.77,699.55,110.91,254.64,0.6806,-1,-1,-1
471,113,-16.56,782.40,151.12,296.55,0.7705,-1,-1,-1
471,133,1131.32,854.39,174.40,224.24,0.8499,-1,-1,-1
471,132,250.39,660.79,98.21,273.93,0.5281,-1,-1,-1
472,124,298.57,698.64,109.83,257.11,0.6604,-1,-1,-1
472,133,1092.72,852.45,175.36,226.30,0.8267,-1,-1,-1
472,132,212.36,654.54,107.34,281.90,0.5760,-1,-1,-1
473,124,258.65,699.62,106.93,261.80,0.6885,-1,-1,-1
473,133,1052.62,852.52,178.64,227.58,0.8491,-1,-1,-1
473,132,166.35,658.76,111.25,287.91,0.5628,-1,-1,-1
474,124,218.60,703.37,101.62,261.80,0.6903,-1,-1,-1
474,133,1011.89,851.90,182.79,228.40,0.8508,-1,-1,-1
474,132,122.47,657.58,113.88,293.07,0.6520,-1,-1,-1
475,124,175.04,702.71,100.69,269.46,0.7059,-1,-1,-1
475,133,970.26,851.80,181.01,228.22,0.8338,-1,-1,-1
475,132,74.66,663.23,104.68,292.11,0.5921,-1,-1,-1
476,124,126.43,705.32,107.89,273.16,0.7533,-1,-1,-1
476,133,928.55,858.51,175.14,222.47,0.7548,-1,-1,-1
476,132,25.71,679.07,104.24,279.79,0.6379,-1,-1,-1
477,124,79.25,704.90,111.56,280.35,0.7144,-1,-1,-1
477,133,886.17,863.29,187.80,217.07,0.6598,-1,-1,-1
477,132,-6.81,704.84,87.33,251.63,0.3805,-1,-1,-1
478,124,26.72,713.79,98.42,255.94,0.3684,-1,-1,-1
478,133,842.51,869.32,193.67,211.33,0.7546,-1,-1,-1
479,133,798.14,880.82,193.70,199.84,0.6746,-1,-1,-1
480,133,750.07,890.70,192.96,190.38,0.6640,-1,-1,-1
481,133,703.13,885.71,189.47,195.94,0.7855,-1,-1,-1
482,133,681.60,881.25,164.01,199.39,0.7741,-1,-1,-1
483,133,621.74,878.93,171.35,200.51,0.8149,-1,-1,-1
483,139,1791.41,657.60,96.81,235.71,0.7170,-1,-1,-1
483,140,1722.13,649.14,81.64,139.85,0.4869,-1,-1,-1
484,133,566.03,877.44,175.03,201.61,0.8335,-1,-1,-1
484,139,1751.88,656.62,96.24,239.49,0.6562,-1,-1,-1
484,140,1682.22,646.88,81.22,251.97,0.4630,-1,-1,-1
485,133,512.78,878.26,173.97,200.95,0.8322,-1,-1,-1
485,139,1710.76,659.09,91.24,236.99,0.6314,-1,-1,-1
485,140,1646.45,647.17,74.55,220.00,0.5513,-1,-1,-1
486,133,461.85,878.98,173.03,198.25,0.8497,-1,-1,-1
486,139,1671.38,657.92,83.79,212.22,0.6011,-1,-1,-1
486,140,1599.86,644.65,82.72,210.17,0.4136,-1,-1,-1
487,133,407.28,886.90,172.85,190.40,0.8557,-1,-1,-1
487,139,1629.37,659.28,82.28,204.00,0.3948,-1,-1,-1
487,140,1554.99,645.59,82.85,279.49,0.3261,-1,-1,-1
488,133,353.50,898.08,172.56,179.85,0.8582,-1,-1,-1
488,139,1588.75,660.43,79.24,164.18,0.3911,-1,-1,-1
488,140,1512.38,647.10,87.06,270.59,0.3613,-1,-1,-1
489,133,302.94,913.51,167.91,165.10,0.8445,-1,-1,-1
489,139,1548.69,660.83,72.66,144.37,0.3816,-1,-1,-1
489,140,1457.55,649.75,98.59,263.51,0.6564,-1,-1,-1
490,133,253.86,927.02,159.13,151.94,0.8214,-1,-1,-1
490,139,1505.74,666.55,73.01,137.55,0.4470,-1,-1,-1
490,140,1408.50,657.96,104.71,255.48,0.6961,-1,-1,-1
491,133,204.16,943.15,153.05,136.96,0.8063,-1,-1,-1
491,139,1455.63,671.79,81.35,135.70,0.3424,-1,-1,-1
491,140,1363.76,663.32,103.16,252.34,0.7025,-1,-1,-1
492,133,154.65,951.19,149.42,128.48,0.8022,-1,-1,-1
492,139,1411.26,677.06,85.94,136.91,0.3353,-1,-1,-1
492,140,1325.49,667.55,98.95,251.23,0.6259,-1,-1,-1
493,133,99.29,960.58,149.96,120.57,0.8062,-1,-1,-1
493,139,1369.77,679.14,82.97,134.42,0.3803,-1,-1,-1
493,140,1286.65,669.04,93.40,256.28,0.6423,-1,-1,-1
494,133,42.36,965.80,147.75,114.18,0.7975,-1,-1,-1
494,139,1326.52,682.69,81.10,137.61,0.4807,-1,-1,-1
494,140,1250.05,672.22,83.53,262.18,0.6540,-1,-1,-1
495,133,-4.32,968.17,134.59,111.96,0.8047,-1,-1,-1
495,139,1283.31,687.88,78.66,139.98,0.4730,-1,-1,-1
495,140,1213.38,677.24,70.74,263.97,0.5880,-1,-1,-1
496,133,-18.42,968.76,80.15,111.24,0.5919,-1,-1,-1
496,139,1238.45,694.71,76.66,141.29,0.2925,-1,-1,-1
496,140,1172.17,682.01,68.10,270.62,0.6292,-1,-1,-1
497,140,1128.88,681.03,64.94,271.80,0.5991,-1,-1,-1
498,140,1080.94,680.47,69.76,275.08,0.6583,-1,-1,-1
498,139,1135.49,691.06,90.21,229.44,0.4747,-1,-1,-1
499,140,1032.25,680.68,72.66,275.21,0.6608,-1,-1,-1
499,139,1096.12,687.73,89.31,253.34,0.5535,-1,-1,-1
500,140,981.81,678.80,79.19,275.81,0.7314,-1,-1,-1
500,139,1051.93,685.91,86.59,261.63,0.6235,-1,-1,-1
501,140,934.27,679.92,87.45,276.72,0.7282,-1,-1,-1
501,139,1008.89,685.84,85.91,273.02,0.6590,-1,-1,-1
502,140,883.28,680.18,92.44,275.40,0.6859,-1,-1,-1
502,139,962.05,684.27,83.23,279.38,0.5906,-1,-1,-1
503,140,833.55,682.49,97.02,272.58,0.6909,-1,-1,-1
503,139,914.08,683.51,81.48,279.26,0.5857,-1,-1,-1
504,140,786.09,682.25,99.30,275.50,0.7613,-1,-1,-1
504,139,871.53,684.82,80.79,283.45,0.5891,-1,-1,-1
504,142,1831.75,652.10,77.03,165.77,0.7213,-1,-1,-1
505,140,735.93,682.94,100.96,286.86,0.7849,-1,-1,-1
505,139,825.21,689.13,82.13,298.78,0.5896,-1,-1,-1
505,142,1798.65,647.22,80.12,174.44,0.6050,-1,-1,-1
506,140,688.14,686.95,95.63,292.79,0.7063,-1,-1,-1
506,139,774.00,693.73,87.79,302.85,0.5742,-1,-1,-1
506,142,1764.22,654.05,77.70,169.10,0.6666,-1,-1,-1
506,143,1844.71,660.15,57.44,177.37,0.6141,-1,-1,-1
507,140,638.39,692.29,92.09,293.98,0.7606,-1,-1,-1
507,139,700.30,699.06,109.98,314.33,0.7068,-1,-1,-1
507,142,1736.97,654.99,71.14,166.53,0.6425,-1,-1,-1
507,143,1813.07,654.00,74.00,181.64,0.7320,-1,-1,-1
508,140,591.27,699.10,86.37,296.76,0.7602,-1,-1,-1
508,139,642.55,708.88,118.08,325.97,0.7299,-1,-1,-1
508,142,1702.15,658.14,74.51,167.55,0.5621,-1,-1,-1
508,143,1780.63,661.45,78.07,179.84,0.6041,-1,-1,-1
509,140,541.66,707.43,82.46,303.88,0.6886,-1,-1,-1
509,139,591.57,716.20,116.53,326.82,0.7480,-1,-1,-1
509,142,1668.37,664.12,76.36,169.05,0.6941,-1,-1,-1
509,143,1746.17,660.84,78.61,180.87,0.7211,-1,-1,-1
510,140,488.41,713.10,85.32,306.28,0.6367,-1,-1,-1
510,139,544.89,723.98,111.07,332.44,0.6782,-1,-1,-1
510,142,1636.88,670.42,72.05,168.10,0.6838,-1,-1,-1
510,143,1710.81,666.95,77.74,181.47,0.6902,-1,-1,-1
511,140,433.79,720.59,87.50,301.01,0.6165,-1,-1,-1
511,139,493.98,733.31,109.38,333.01,0.7495,-1,-1,-1
511,142,1599.75,673.20,72.00,169.37,0.7165,-1,-1,-1
511,143,1676.82,668.61,73.39,182.69,0.7264,-1,-1,-1
512,140,380.40,727.10,87.47,311.07,0.5389,-1,-1,-1
512,139,425.42,742.34,127.71,326.75,0.7187,-1,-1,-1
512,142,1561.02,672.96,76.98,176.49,0.7047,-1,-1,-1
512,143,1641.08,672.81,75.54,184.41,0.6744,-1,-1,-1
513,140,293.96,732.82,117.90,315.56,0.6430,-1,-1,-1
513,139,372.96,747.86,127.67,332.62,0.7005,-1,-1,-1
513,142,1525.03,672.27,80.71,178.82,0.7514,-1,-1,-1
513,143,1607.57,672.82,71.23,188.52,0.6596,-1,-1,-1
513,145,1619.79,567.85,35.38,106.50,0.3501,-1,-1,-1
514,140,218.92,739.49,136.68,322.52,0.5430,-1,-1,-1
514,139,312.54,753.43,131.73,330.39,0.7654,-1,-1,-1
514,142,1492.49,675.78,77.05,179.36,0.6380,-1,-1,-1
514,143,1569.81,673.34,77.33,195.23,0.6805,-1,-1,-1
514,145,1590.59,569.74,35.88,112.03,0.5217,-1,-1,-1
515,140,156.93,747.00,148.83,326.56,0.3857,-1,-1,-1
515,139,261.72,758.03,128.54,324.96,0.6420,-1,-1,-1
515,142,1462.17,674.76,74.36,179.96,0.7028,-1,-1,-1
515,143,1536.85,673.51,73.00,198.30,0.6554,-1,-1,-1
515,145,1561.95,570.48,38.86,112.25,0.6315,-1,-1,-1
516,140,97.80,752.11,139.28,328.56,0.3563,-1,-1,-1
516,139,203.77,762.70,122.76,318.92,0.6316,-1,-1,-1
516,142,1430.27,674.14,72.50,180.07,0.7503,-1,-1,-1
516,143,1504.62,677.00,72.75,199.26,0.6131,-1,-1,-1
516,145,1535.29,570.96,39.36,113.22,0.6467,-1,-1,-1
517,140,70.34,755.23,102.94,282.07,0.3544,-1,-1,-1
517,139,124.59,766.85,146.99,313.33,0.7482,-1,-1,-1
517,142,1396.44,672.86,74.82,183.73,0.6918,-1,-1,-1
517,143,1472.53,674.02,74.01,200.89,0.6680,-1,-1,-1
517,145,1508.03,571.49,39.12,109.57,0.6152,-1,-1,-1
517,146,1849.73,738.06,63.92,268.51,0.6684,-1,-1,-1
518,140,8.30,758.76,101.01,302.53,0.4854,-1,-1,-1
518,139,65.06,774.52,143.10,307.12,0.6758,-1,-1,-1
518,142,1359.97,675.06,80.74,184.71,0.5467,-1,-1,-1
518,143,1442.55,679.66,60.34,194.85,0.6109,-1,-1,-1
518,145,1479.95,571.93,40.34,107.27,0.5770,-1,-1,-1
518,146,1822.58,734.67,83.01,272.59,0.6593,-1,-1,-1
519,139,1.86,782.55,148.33,299.74,0.8029,-1,-1,-1
519,142,1322.95,675.23,85.17,186.66,0.6924,-1,-1,-1
519,143,1411.15,677.83,60.43,195.33,0.6635,-1,-1,-1
519,145,1452.10,569.13,43.21,107.00,0.5473,-1,-1,-1
519,146,1785.15,733.05,100.74,272.42,0.7417,-1,-1,-1
520,139,-21.46,789.41,108.43,292.08,0.3791,-1,-1,-1
520,142,1288.23,675.43,87.02,188.54,0.7500,-1,-1,-1
520,143,1376.24,677.21,71.67,196.91,0.7171,-1,-1,-1
520,145,1426.65,570.00,43.02,103.44,0.5412,-1,-1,-1
520,146,1752.27,733.24,105.54,274.31,0.5995,-1,-1,-1
521,142,1253.94,679.81,88.28,185.45,0.7217,-1,-1,-1
521,143,1346.94,678.37,70.42,201.98,0.7112,-1,-1,-1
521,145,1400.88,570.43,43.50,101.94,0.5579,-1,-1,-1
521,146,1714.57,732.32,111.07,276.20,0.5822,-1,-1,-1
522,142,1224.21,679.98,83.98,185.68,0.7215,-1,-1,-1
522,143,1315.12,677.54,68.32,202.93,0.6762,-1,-1,-1
522,145,1375.01,569.63,46.52,101.29,0.5403,-1,-1,-1
522,146,1669.45,731.95,121.40,277.79,0.3797,-1,-1,-1
523,142,1193.83,683.23,79.39,182.32,0.7331,-1,-1,-1
523,143,1281.33,678.51,72.64,205.50,0.7021,-1,-1,-1
523,145,1350.03,569.16,50.28,101.44,0.5400,-1,-1,-1
523,146,1640.59,729.93,119.98,271.58,0.6685,-1,-1,-1
524,142,1164.93,685.74,76.45,184.35,0.7118,-1,-1,-1
524,143,1250.27,680.57,73.21,206.46,0.7239,-1,-1,-1
524,145,1323.97,570.05,53.12,100.54,0.5656,-1,-1,-1
524,146,1610.19,726.90,117.09,274.76,0.6905,-1,-1,-1
525,142,1133.40,682.49,72.51,191.89,0.6775,-1,-1,-1
525,143,1215.87,678.59,73.90,212.39,0.6373,-1,-1,-1
525,145,1299.23,570.05,53.91,101.18,0.5810,-1,-1,-1
525,146,1578.30,727.61,117.89,274.95,0.7927,-1,-1,-1
526,142,1101.03,684.46,71.23,194.43,0.7436,-1,-1,-1
526,143,1179.31,678.01,79.48,217.97,0.7257,-1,-1,-1
526,145,1275.52,572.11,50.95,99.42,0.5844,-1,-1,-1
526,146,1545.01,724.24,118.14,276.18,0.7742,-1,-1,-1
527,142,1071.55,684.29,69.51,195.47,0.6846,-1,-1,-1
527,143,1144.69,680.77,80.79,219.51,0.6787,-1,-1,-1
527,145,1253.06,572.93,48.38,99.05,0.5493,-1,-1,-1
527,146,1513.74,723.08,115.77,274.16,0.5372,-1,-1,-1
528,142,1038.04,685.79,70.35,200.67,0.6997,-1,-1,-1
528,143,1110.02,684.17,84.35,222.67,0.7574,-1,-1,-1
528,145,1229.41,573.16,49.39,99.70,0.6030,-1,-1,-1
528,146,1479.04,725.41,117.68,270.70,0.7009,-1,-1,-1
529,142,1004.42,687.39,72.76,206.86,0.7331,-1,-1,-1
529,143,1068.35,687.50,94.50,226.78,0.7584,-1,-1,-1
529,145,1206.61,572.78,48.76,100.54,0.5896,-1,-1,-1
529,146,1442.59,726.28,122.69,274.86,0.6292,-1,-1,-1
530,142,969.87,694.50,74.60,209.19,0.6681,-1,-1,-1
530,143,1031.88,690.45,99.10,229.88,0.6775,-1,-1,-1
530,145,1183.52,572.85,46.92,100.59,0.6145,-1,-1,-1
530,146,1409.84,728.29,126.48,283.70,0.7403,-1,-1,-1
531,142,936.93,698.74,75.85,207.22,0.6237,-1,-1,-1
531,143,996.81,695.73,104.82,231.24,0.7042,-1,-1,-1
531,145,1161.91,571.29,45.63,102.20,0.6201,-1,-1,-1
531,146,1379.38,727.02,130.41,290.19,0.8185,-1,-1,-1
532,142,899.31,702.35,82.47,211.42,0.6622,-1,-1,-1
532,143,962.48,701.49,106.98,237.23,0.6895,-1,-1,-1
532,145,1141.65,571.27,44.78,104.77,0.6682,-1,-1,-1
532,146,1351.34,731.97,135.04,291.15,0.7072,-1,-1,-1
533,142,862.45,706.69,85.24,210.03,0.6865,-1,-1,-1
533,143,935.40,702.55,102.98,241.66,0.7112,-1,-1,-1
533,145,1118.93,569.97,45.89,106.86,0.6541,-1,-1,-1
533,146,1325.72,734.49,122.44,292.97,0.7369,-1,-1,-1
534,142,832.65,706.16,84.41,212.44,0.6525,-1,-1,-1
534,143,910.20,705.82,97.72,236.94,0.7622,-1,-1,-1
534,145,1097.75,570.66,44.89,108.62,0.6534,-1,-1,-1
534,146,1299.12,737.12,116.09,294.09,0.7131,-1,-1,-1
535,142,801.99,706.13,83.44,220.86,0.6751,-1,-1,-1
535,143,880.89,707.73,93.05,242.81,0.7502,-1,-1,-1
535,145,1076.12,569.98,43.21,110.19,0.6551,-1,-1,-1
535,146,1273.91,738.88,112.95,294.90,0.7396,-1,-1,-1
536,142,770.80,706.58,78.88,226.70,0.6747,-1,-1,-1
536,143,846.86,707.73,94.19,249.61,0.8327,-1,-1,-1
536,145,1057.19,573.55,43.16,108.73,0.5825,-1,-1,-1
536,146,1249.52,738.60,110.21,294.39,0.7715,-1,-1,-1
537,142,738.98,705.14,69.31,235.13,0.6369,-1,-1,-1
537,143,818.06,709.72,89.01,252.11,0.7013,-1,-1,-1
537,145,1036.29,574.81,43.84,107.37,0.6602,-1,-1,-1
537,146,1223.72,734.22,106.93,297.09,0.6899,-1,-1,-1
538,142,703.49,708.89,66.35,234.65,0.5697,-1,-1,-1
538,143,779.86,711.06,88.93,259.22,0.6952,-1,-1,-1
538,145,1016.53,578.79,43.85,108.99,0.6525,-1,-1,-1
538,146,1196.59,737.22,104.57,295.77,0.7852,-1,-1,-1
539,142,666.98,713.12,70.84,233.07,0.7134,-1,-1,-1
539,143,744.80,713.77,91.12,267.14,0.7926,-1,-1,-1
539,145,995.74,577.81,43.45,110.21,0.6729,-1,-1,-1
539,146,1170.73,735.54,106.08,297.16,0.7507,-1,-1,-1
540,142,623.67,717.27,85.14,238.96,0.6407,-1,-1,-1
540,143,714.81,717.43,83.07,269.14,0.6594,-1,-1,-1
540,145,977.12,578.83,43.71,111.77,0.6849,-1,-1,-1
540,146,1141.92,737.86,105.57,302.11,0.7527,-1,-1,-1
541,142,577.38,722.65,99.83,246.71,0.7052,-1,-1,-1
541,143,673.60,723.71,95.79,274.55,0.6790,-1,-1,-1
541,145,956.70,580.17,43.77,112.73,0.6275,-1,-1,-1
541,146,1113.49,740.68,104.16,302.62,0.7251,-1,-1,-1
542,142,529.00,725.19,114.27,250.04,0.6912,-1,-1,-1
542,143,634.01,729.82,101.39,275.20,0.7086,-1,-1,-1
542,145,936.83,583.17,46.28,112.21,0.7009,-1,-1,-1
542,146,1073.77,749.02,114.79,310.48,0.6380,-1,-1,-1
543,142,489.70,731.27,125.56,255.10,0.7032,-1,-1,-1
543,143,598.87,735.64,102.64,280.49,0.7804,-1,-1,-1
543,145,917.27,584.50,47.75,111.26,0.6851,-1,-1,-1
543,146,1049.53,751.91,113.26,307.92,0.7283,-1,-1,-1
544,142,450.82,744.45,133.36,259.38,0.7274,-1,-1,-1
544,143,560.48,746.36,106.70,294.95,0.7091,-1,-1,-1
544,145,896.15,586.27,47.77,111.83,0.7090,-1,-1,-1
544,146,1024.23,758.44,112.28,309.19,0.7081,-1,-1,-1
545,142,420.07,745.94,135.29,252.20,0.7176,-1,-1,-1
545,143,527.75,746.64,107.48,295.83,0.7578,-1,-1,-1
545,145,877.95,583.82,49.58,112.12,0.7021,-1,-1,-1
545,146,993.61,755.90,114.81,314.14,0.7430,-1,-1,-1
546,142,385.83,745.43,128.40,258.58,0.7419,-1,-1,-1
546,143,488.75,748.74,111.17,302.88,0.7639,-1,-1,-1
546,145,857.62,583.64,48.81,112.17,0.7116,-1,-1,-1
546,146,969.39,756.47,113.67,311.91,0.6960,-1,-1,-1
547,142,357.47,747.58,112.54,263.03,0.7223,-1,-1,-1
547,143,456.91,752.89,105.56,300.58,0.8201,-1,-1,-1
547,145,838.65,584.15,50.44,112.29,0.7228,-1,-1,-1
547,146,937.96,755.30,120.74,313.29,0.7429,-1,-1,-1
548,142,319.15,750.95,105.50,271.74,0.7353,-1,-1,-1
548,143,417.75,753.68,101.63,305.70,0.7997,-1,-1,-1
548,145,819.00,584.71,51.87,112.34,0.7541,-1,-1,-1
548,146,913.07,760.04,118.15,306.84,0.7660,-1,-1,-1
549,142,282.82,758.79,104.54,271.67,0.7634,-1,-1,-1
549,143,377.94,758.27,107.74,310.87,0.7927,-1,-1,-1
549,145,798.71,582.79,53.76,113.35,0.7152,-1,-1,-1
549,146,885.55,754.93,121.77,310.13,0.7788,-1,-1,-1
550,142,243.67,759.45,100.92,281.31,0.7293,-1,-1,-1
550,143,336.72,759.96,114.82,313.90,0.7553,-1,-1,-1
550,145,779.82,583.02,53.54,115.29,0.7180,-1,-1,-1
550,146,860.57,757.11,119.17,310.03,0.7359,-1,-1,-1
551,142,200.47,762.57,100.18,294.40,0.7373,-1,-1,-1
551,143,293.99,764.77,111.41,310.31,0.7213,-1,-1,-1
551,145,761.77,584.70,52.06,116.00,0.6974,-1,-1,-1
551,146,843.01,769.22,112.19,299.22,0.6297,-1,-1,-1
552,142,157.73,767.51,100.69,304.86,0.6995,-1,-1,-1
552,143,247.17,768.24,113.97,311.60,0.7925,-1,-1,-1
552,145,743.06,584.60,54.54,115.26,0.7550,-1,-1,-1
552,146,807.78,731.91,122.63,342.84,0.7284,-1,-1,-1
553,142,111.10,773.42,101.95,307.44,0.6905,-1,-1,-1
553,143,198.07,775.76,117.90,306.43,0.7402,-1,-1,-1
553,145,724.59,583.14,55.81,117.42,0.7020,-1,-1,-1
553,146,789.04,739.39,119.15,339.12,0.7112,-1,-1,-1
554,142,66.08,780.84,104.14,301.99,0.7074,-1,-1,-1
554,143,147.53,782.19,124.59,300.72,0.7760,-1,-1,-1
554,145,704.88,582.48,56.67,118.96,0.7027,-1,-1,-1
554,146,765.51,751.73,118.91,328.08,0.7557,-1,-1,-1
555,142,19.78,789.81,107.19,293.33,0.7458,-1,-1,-1
555,143,101.25,794.02,133.35,288.91,0.7606,-1,-1,-1
555,145,688.24,583.96,53.77,118.67,0.7199,-1,-1,-1
555,146,726.35,757.34,134.51,317.84,0.7076,-1,-1,-1
555,151,765.96,546.68,38.49,78.98,0.4226,-1,-1,-1
556,142,-6.69,796.23,84.61,286.60,0.6618,-1,-1,-1
556,143,54.58,802.90,129.69,278.44,0.7983,-1,-1,-1
556,145,669.80,581.09,54.36,120.35,0.7647,-1,-1,-1
556,146,699.76,760.82,132.95,304.43,0.7482,-1,-1,-1
556,151,747.20,541.41,38.17,83.11,0.2386,-1,-1,-1
557,143,5.36,814.18,128.40,266.90,0.8289,-1,-1,-1
557,145,651.99,579.45,53.16,121.05,0.7397,-1,-1,-1
557,146,680.49,764.39,126.73,310.42,0.7032,-1,-1,-1
557,151,734.65,544.62,38.03,79.53,0.4042,-1,-1,-1
558,143,-12.02,817.74,86.75,259.04,0.7041,-1,-1,-1
558,145,633.21,576.70,54.90,124.23,0.7541,-1,-1,-1
558,146,653.39,763.87,126.40,310.78,0.7617,-1,-1,-1
558,151,721.55,548.28,33.38,73.98,0.2334,-1,-1,-1
559,145,616.16,575.94,53.98,125.82,0.7400,-1,-1,-1
559,146,627.52,764.78,127.62,310.98,0.8016,-1,-1,-1
559,151,702.46,541.76,35.70,80.24,0.3745,-1,-1,-1
560,145,598.25,579.48,53.42,125.89,0.7687,-1,-1,-1
560,146,606.91,761.68,124.59,317.26,0.7896,-1,-1,-1
560,151,688.04,538.42,38.51,82.92,0.3472,-1,-1,-1
561,145,580.20,576.05,57.13,129.97,0.7432,-1,-1,-1
561,146,579.71,758.57,125.56,320.99,0.8302,-1,-1,-1
561,151,675.68,543.91,31.27,75.31,0.2700,-1,-1,-1
562,145,562.43,579.60,58.28,129.89,0.7125,-1,-1,-1
562,146,552.65,758.30,127.32,322.12,0.7907,-1,-1,-1
562,151,665.95,544.78,27.54,77.04,0.3070,-1,-1,-1
563,145,545.33,582.58,60.35,130.48,0.7620,-1,-1,-1
563,146,529.49,757.19,123.03,323.06,0.8607,-1,-1,-1
564,145,530.83,585.17,60.25,128.42,0.6849,-1,-1,-1
564,146,503.47,758.64,124.45,321.86,0.8215,-1,-1,-1
565,145,513.92,584.24,60.81,131.31,0.7126,-1,-1,-1
565,146,474.81,760.50,129.55,319.52,0.7227,-1,-1,-1
566,145,496.39,585.48,64.21,130.95,0.7681,-1,-1,-1
566,146,440.63,765.17,141.14,315.08,0.7203,-1,-1,-1
567,145,481.43,587.82,63.47,132.27,0.7734,-1,-1,-1
567,146,416.53,775.47,141.81,305.01,0.8360,-1,-1,-1
568,145,463.45,588.25,64.59,134.08,0.7325,-1,-1,-1
568,146,382.59,783.45,150.76,296.06,0.7891,-1,-1,-1
569,145,443.78,588.58,69.83,136.08,0.6931,-1,-1,-1
569,146,356.74,789.10,154.75,290.80,0.7919,-1,-1,-1
570,145,428.87,588.50,69.01,138.52,0.7264,-1,-1,-1
570,146,330.16,790.79,156.59,288.48,0.7938,-1,-1,-1
571,145,413.56,591.13,68.77,138.90,0.7138,-1,-1,-1
571,146,304.48,795.25,157.70,284.92,0.8197,-1,-1,-1
572,145,397.13,594.34,69.50,138.08,0.6665,-1,-1,-1
572,146,282.07,798.04,153.77,279.71,0.5795,-1,-1,-1
572,152,1855.21,588.76,62.89,163.35,0.4283,-1,-1,-1
573,145,381.16,594.39,68.78,141.38,0.7178,-1,-1,-1
573,146,261.69,798.70,149.09,245.23,0.5712,-1,-1,-1
573,152,1860.98,590.32,56.67,161.60,0.4557,-1,-1,-1
574,145,365.89,597.21,70.55,141.46,0.7035,-1,-1,-1
574,146,226.93,800.18,156.34,267.85,0.5440,-1,-1,-1
574,152,1857.79,588.86,52.10,161.12,0.4108,-1,-1,-1
575,145,346.50,598.34,72.95,141.08,0.7106,-1,-1,-1
575,146,203.47,800.72,151.59,242.93,0.6270,-1,-1,-1
575,152,1839.28,588.08,65.18,173.30,0.2070,-1,-1,-1
576,145,329.63,599.58,73.87,144.14,0.7441,-1,-1,-1
576,146,169.63,806.20,157.93,261.14,0.6867,-1,-1,-1
576,152,1832.79,587.03,65.87,174.99,0.3959,-1,-1,-1
577,145,312.75,599.17,75.52,144.54,0.6863,-1,-1,-1
577,146,144.46,807.97,155.65,231.26,0.5247,-1,-1,-1
577,152,1827.53,583.53,64.31,180.49,0.4354,-1,-1,-1
578,145,295.60,598.04,76.30,148.84,0.7531,-1,-1,-1
578,146,111.19,811.20,161.95,254.87,0.4211,-1,-1,-1
578,152,1821.14,581.22,61.25,183.61,0.2792,-1,-1,-1
579,145,279.18,598.18,73.78,151.71,0.7546,-1,-1,-1
579,146,83.83,817.37,161.96,225.70,0.5873,-1,-1,-1
579,152,1815.36,585.04,58.94,182.09,0.5370,-1,-1,-1
580,145,263.91,600.34,74.09,151.17,0.6790,-1,-1,-1
580,146,54.19,822.96,162.62,238.30,0.4697,-1,-1,-1
580,152,1809.38,589.48,58.91,180.01,0.6318,-1,-1,-1
581,145,247.24,597.53,74.65,157.00,0.7598,-1,-1,-1
581,146,13.33,828.20,172.89,245.30,0.7612,-1,-1,-1
581,152,1803.52,590.15,60.19,181.76,0.4666,-1,-1,-1
582,145,231.14,598.91,72.92,158.15,0.7674,-1,-1,-1
582,146,-4.87,833.91,163.60,245.10,0.8050,-1,-1,-1
582,152,1796.29,589.18,63.05,184.30,0.5943,-1,-1,-1
583,145,212.67,599.72,77.71,159.98,0.7496,-1,-1,-1
583,146,-10.08,836.85,142.42,237.25,0.6352,-1,-1,-1
583,152,1789.88,600.17,64.67,174.18,0.5116,-1,-1,-1
584,145,196.76,598.95,79.42,165.80,0.7856,-1,-1,-1
584,146,-9.51,837.09,112.34,238.03,0.7330,-1,-1,-1
584,152,1784.12,611.19,64.42,163.87,0.4755,-1,-1,-1
585,145,184.72,600.99,77.07,170.83,0.8117,-1,-1,-1
585,146,-7.66,844.02,80.41,234.63,0.7105,-1,-1,-1
585,152,1778.91,608.43,65.16,165.38,0.3031,-1,-1,-1
586,145,168.81,604.37,79.09,170.58,0.7213,-1,-1,-1
586,152,1775.14,593.10,64.80,178.55,0.3876,-1,-1,-1
587,145,155.25,607.36,81.76,170.84,0.7766,-1,-1,-1
587,152,1773.95,591.00,57.78,168.62,0.3607,-1,-1,-1
588,145,141.78,609.51,82.40,173.45,0.7847,-1,-1,-1
588,152,1772.51,587.04,56.94,165.24,0.4643,-1,-1,-1
589,145,126.83,612.84,85.04,174.18,0.7694,-1,-1,-1
589,152,1768.37,583.81,55.97,163.54,0.5740,-1,-1,-1
590,145,114.46,614.01,85.65,177.22,0.7594,-1,-1,-1
590,152,1766.35,582.12,57.76,168.73,0.6646,-1,-1,-1
591,145,100.01,614.93,84.22,179.55,0.7862,-1,-1,-1
591,152,1765.42,581.96,60.21,169.67,0.7534,-1,-1,-1
591,157,1225.08,525.70,30.58,77.96,0.4291,-1,-1,-1
592,145,85.90,618.74,86.25,177.62,0.7912,-1,-1,-1
592,152,1764.32,578.57,62.11,168.43,0.7301,-1,-1,-1
592,157,1225.84,527.95,28.64,75.23,0.3662,-1,-1,-1
593,145,72.41,618.45,86.35,181.92,0.7663,-1,-1,-1
593,152,1764.42,581.80,62.55,168.58,0.7708,-1,-1,-1
593,157,1224.83,528.93,28.00,75.07,0.4409,-1,-1,-1
593,158,332.96,534.59,41.40,99.17,0.5746,-1,-1,-1
594,145,57.43,621.17,91.08,184.44,0.7571,-1,-1,-1
594,152,1762.16,579.98,66.12,171.70,0.7166,-1,-1,-1
594,157,1223.73,528.85,29.00,74.13,0.4172,-1,-1,-1
594,158,330.14,536.67,39.26,97.67,0.4646,-1,-1,-1
595,145,44.73,621.34,89.16,188.10,0.7899,-1,-1,-1
595,152,1753.79,581.81,76.97,175.98,0.7262,-1,-1,-1
595,157,1223.46,528.54,29.20,76.10,0.4104,-1,-1,-1
595,158,325.84,536.76,40.50,95.98,0.5058,-1,-1,-1
596,145,30.43,626.15,90.82,189.60,0.7928,-1,-1,-1
596,152,1751.01,579.62,82.48,177.62,0.7310,-1,-1,-1
596,157,1224.88,526.97,29.28,76.32,0.4221,-1,-1,-1
596,158,319.86,536.88,43.19,97.16,0.5003,-1,-1,-1
597,145,16.70,627.67,91.72,192.26,0.7592,-1,-1,-1
597,152,1755.36,584.78,80.36,173.31,0.7489,-1,-1,-1
597,157,1227.13,527.69,28.08,76.39,0.3632,-1,-1,-1
597,158,315.38,533.36,42.52,102.99,0.6774,-1,-1,-1
598,145,2.47,637.22,96.51,192.62,0.7891,-1,-1,-1
598,152,1758.78,584.23,81.78,171.51,0.7621,-1,-1,-1
598,157,1228.41,527.72,27.50,76.24,0.3452,-1,-1,-1
598,158,310.34,536.70,42.53,104.68,0.5361,-1,-1,-1
599,145,-2.90,640.62,88.65,193.15,0.7887,-1,-1,-1
599,152,1763.91,582.80,82.51,172.92,0.7710,-1,-1,-1
599,157,1230.52,525.85,27.94,78.72,0.4843,-1,-1,-1
599,158,307.99,541.41,42.03,100.62,0.4999,-1,-1,-1
600,145,-4.82,647.56,78.54,192.28,0.7799,-1,-1,-1
600,152,1766.58,582.21,82.83,176.33,0.7862,-1,-1,-1
600,157,1232.07,522.15,29.12,83.28,0.5879,-1,-1,-1
600,158,303.70,544.59,43.76,99.00,0.4881,-1,-1,-1
601,145,-4.81,651.42,65.75,192.70,0.7086,-1,-1,-1
601,152,1774.94,580.58,76.75,178.52,0.7812,-1,-1,-1
601,157,1233.74,522.77,29.11,82.99,0.4027,-1,-1,-1
601,158,298.41,541.52,47.02,103.23,0.4740,-1,-1,-1
602,145,-3.88,661.24,53.01,185.38,0.5064,-1,-1,-1
602,152,1783.89,577.74,70.05,181.57,0.7091,-1,-1,-1
602,157,1235.14,521.63,28.89,83.98,0.3458,-1,-1,-1
602,158,294.01,538.61,49.24,108.29,0.4386,-1,-1,-1
603,145,-2.73,671.64,37.71,178.72,0.4416,-1,-1,-1
603,152,1789.74,578.82,64.94,182.39,0.6265,-1,-1,-1
603,157,1236.04,519.82,30.51,87.26,0.4021,-1,-1,-1
603,158,290.32,527.50,49.37,120.70,0.5466,-1,-1,-1
604,152,1800.76,575.80,54.95,186.21,0.4709,-1,-1,-1
604,157,1237.76,519.91,30.44,88.40,0.5448,-1,-1,-1
604,158,287.91,540.58,48.62,109.68,0.6024,-1,-1,-1
605,152,1811.37,579.93,48.34,183.77,0.5071,-1,-1,-1
605,157,1240.10,518.66,30.11,88.71,0.6185,-1,-1,-1
605,158,284.67,523.80,51.36,125.62,0.4644,-1,-1,-1
606,152,1814.58,581.45,48.87,187.88,0.1584,-1,-1,-1
606,157,1243.37,515.81,28.76,90.84,0.6174,-1,-1,-1
606,158,281.75,528.92,51.24,121.10,0.5505,-1,-1,-1
607,157,1245.17,515.29,29.17,91.62,0.6151,-1,-1,-1
607,158,279.33,538.14,51.17,112.77,0.5706,-1,-1,-1
608,157,1247.91,516.41,29.57,91.23,0.3066,-1,-1,-1
608,158,277.01,540.35,49.87,108.60,0.6194,-1,-1,-1
609,157,1250.88,517.55,31.08,90.60,0.5396,-1,-1,-1
609,158,275.53,545.59,49.09,101.42,0.4792,-1,-1,-1
610,157,1252.66,517.62,32.51,91.81,0.4888,-1,-1,-1
610,158,273.80,529.08,49.62,114.60,0.5587,-1,-1,-1
611,157,1255.74,516.79,30.77,95.79,0.4308,-1,-1,-1
611,158,270.66,516.31,51.04,127.73,0.5750,-1,-1,-1
612,157,1259.40,519.36,30.00,94.60,0.4562,-1,-1,-1
612,158,267.44,507.16,50.73,137.12,0.6361,-1,-1,-1
612,159,1826.22,591.16,45.05,181.00,0.4173,-1,-1,-1
613,157,1263.10,521.92,29.70,93.15,0.5649,-1,-1,-1
613,158,263.27,499.54,53.46,144.08,0.6912,-1,-1,-1
613,159,1830.80,595.48,49.67,180.27,0.5438,-1,-1,-1
614,157,1266.15,524.15,29.57,91.64,0.6230,-1,-1,-1
614,158,259.74,497.52,54.43,146.77,0.7440,-1,-1,-1
614,159,1835.90,597.42,60.05,187.21,0.5610,-1,-1,-1
615,157,1267.90,525.01,30.03,91.31,0.6180,-1,-1,-1
615,158,257.42,496.24,53.13,148.45,0.7417,-1,-1,-1
615,159,1840.55,601.28,63.97,194.72,0.5262,-1,-1,-1
616,157,1269.65,527.52,30.69,93.67,0.6309,-1,-1,-1
616,158,254.84,498.00,50.46,147.30,0.6219,-1,-1,-1
616,159,1847.48,604.91,61.79,194.27,0.5736,-1,-1,-1
617,157,1271.79,528.02,30.61,95.78,0.5778,-1,-1,-1
617,158,253.67,497.86,50.28,145.00,0.6405,-1,-1,-1
617,159,1851.01,610.84,56.93,192.07,0.5695,-1,-1,-1
618,157,1274.64,530.71,31.91,96.37,0.5522,-1,-1,-1
618,158,250.30,500.76,49.69,143.57,0.6317,-1,-1,-1
618,159,1855.02,611.67,63.14,197.07,0.6581,-1,-1,-1
619,157,1276.14,531.88,33.64,96.25,0.6064,-1,-1,-1
619,158,248.07,503.80,49.58,142.76,0.6438,-1,-1,-1
619,159,1860.94,609.95,60.66,202.93,0.6305,-1,-1,-1
620,157,1276.34,532.50,36.10,98.42,0.6345,-1,-1,-1
620,158,246.13,504.40,49.76,142.90,0.5905,-1,-1,-1
620,159,1867.47,610.35,53.98,207.05,0.6591,-1,-1,-1
621,157,1281.17,530.34,35.07,101.95,0.6011,-1,-1,-1
621,158,244.56,501.37,49.64,147.08,0.6202,-1,-1,-1
621,159,1875.47,609.64,45.62,207.46,0.5314,-1,-1,-1
622,157,1286.52,530.64,31.96,105.16,0.5723,-1,-1,-1
622,158,241.84,500.66,49.12,148.26,0.6673,-1,-1,-1
622,159,1880.93,611.39,39.78,202.38,0.6150,-1,-1,-1
623,157,1291.73,528.41,33.38,104.49,0.6337,-1,-1,-1
623,158,239.09,499.62,49.03,153.69,0.6347,-1,-1,-1
623,159,1887.52,604.87,33.27,197.71,0.3994,-1,-1,-1
624,157,1295.56,529.99,35.17,105.53,0.6203,-1,-1,-1
624,158,237.93,498.01,48.15,153.86,0.6679,-1,-1,-1
624,159,1893.75,630.94,26.46,169.70,0.2399,-1,-1,-1
625,157,1300.31,534.66,35.77,103.63,0.6304,-1,-1,-1
625,158,236.51,508.99,48.39,148.76,0.6579,-1,-1,-1
626,157,1305.04,530.66,40.78,107.76,0.5578,-1,-1,-1
626,158,235.44,516.60,48.94,138.33,0.6768,-1,-1,-1
627,157,1311.24,529.38,39.61,109.34,0.6457,-1,-1,-1
627,158,235.04,533.08,48.27,128.56,0.6338,-1,-1,-1
628,157,1318.10,531.70,39.12,108.73,0.6342,-1,-1,-1
628,158,234.99,537.67,48.45,124.33,0.6426,-1,-1,-1
629,157,1324.13,529.59,39.83,107.08,0.7123,-1,-1,-1
629,158,234.61,551.05,47.93,117.56,0.7022,-1,-1,-1
630,157,1330.75,529.68,42.27,107.59,0.6755,-1,-1,-1
630,158,235.55,551.12,47.93,118.37,0.6715,-1,-1,-1
630,161,311.99,491.87,18.94,37.04,0.3589,-1,-1,-1
631,157,1339.88,528.90,39.81,109.34,0.6769,-1,-1,-1
631,158,236.42,552.02,50.59,117.35,0.6435,-1,-1,-1
632,157,1346.55,530.74,40.67,108.97,0.7132,-1,-1,-1
632,158,237.28,554.31,51.89,118.40,0.6209,-1,-1,-1
633,157,1354.15,534.63,42.71,108.95,0.6610,-1,-1,-1
633,158,238.51,551.87,53.85,122.18,0.6099,-1,-1,-1
634,157,1362.87,536.66,41.31,107.99,0.6405,-1,-1,-1
634,158,239.21,553.71,51.68,124.30,0.6022,-1,-1,-1
635,157,1370.08,533.77,43.63,115.93,0.7261,-1,-1,-1
635,158,241.90,549.27,52.41,127.38,0.5529,-1,-1,-1
636,157,1377.98,538.70,43.10,114.37,0.6076,-1,-1,-1
636,158,243.06,551.56,51.81,129.03,0.5862,-1,-1,-1
637,157,1389.01,539.48,41.24,115.56,0.4784,-1,-1,-1
637,158,245.25,542.99,53.42,138.09,0.5289,-1,-1,-1
638,157,1397.27,539.08,43.01,120.26,0.6066,-1,-1,-1
638,158,246.07,537.28,54.11,146.91,0.6135,-1,-1,-1
639,157,1411.09,548.88,38.61,114.61,0.4551,-1,-1,-1
639,158,248.70,536.21,54.28,149.04,0.6487,-1,-1,-1
640,157,1419.39,553.19,39.83,109.49,0.3656,-1,-1,-1
640,158,250.88,535.81,52.98,152.28,0.6525,-1,-1,-1
641,157,1430.62,554.39,38.33,106.41,0.5201,-1,-1,-1
641,158,254.31,537.45,52.38,152.35,0.6611,-1,-1,-1
642,157,1442.25,558.57,38.68,105.91,0.5630,-1,-1,-1
642,158,257.35,534.91,52.14,155.16,0.5651,-1,-1,-1
643,157,1454.93,562.32,36.80,98.78,0.3616,-1,-1,-1
643,158,260.06,530.93,51.16,160.85,0.5508,-1,-1,-1
644,157,1465.44,561.20,39.18,111.57,0.2456,-1,-1,-1
644,158,263.07,529.56,48.85,163.11,0.4253,-1,-1,-1
645,157,1479.45,564.44,36.09,85.94,0.4168,-1,-1,-1
645,158,266.64,556.93,47.78,137.46,0.3867,-1,-1,-1
646,157,1489.92,564.08,39.64,74.36,0.4665,-1,-1,-1
646,158,271.46,568.75,47.08,128.12,0.4154,-1,-1,-1
647,157,1503.04,568.65,37.84,69.13,0.2958,-1,-1,-1
647,158,275.54,545.97,44.56,150.66,0.4641,-1,-1,-1
648,157,1514.57,570.23,40.42,70.08,0.1560,-1,-1,-1
648,158,279.68,558.96,46.15,138.67,0.5229,-1,-1,-1
649,158,284.09,541.13,45.40,149.53,0.4939,-1,-1,-1
650,158,285.94,535.41,48.08,158.62,0.5935,-1,-1,-1
651,158,290.87,532.91,49.98,164.57,0.4293,-1,-1,-1
652,158,300.26,543.13,46.83,141.00,0.5725,-1,-1,-1
653,158,306.93,553.35,44.21,132.06,0.3337,-1,-1,-1
654,158,312.72,557.12,42.67,133.70,0.5726,-1,-1,-1
655,158,319.94,530.67,42.27,156.52,0.4945,-1,-1,-1
655,157,1618.12,563.47,48.61,57.98,0.3542,-1,-1,-1
656,158,327.43,534.20,44.70,163.61,0.5395,-1,-1,-1
656,157,1634.72,563.05,49.46,55.17,0.3289,-1,-1,-1
657,158,334.98,532.68,45.20,170.08,0.5519,-1,-1,-1
657,157,1656.09,566.08,47.62,59.51,0.3427,-1,-1,-1
658,158,345.87,561.25,44.53,145.17,0.3959,-1,-1,-1
658,157,1675.32,570.68,45.66,61.02,0.3262,-1,-1,-1
659,158,349.55,585.69,49.37,136.47,0.3628,-1,-1,-1
659,157,1694.23,584.94,49.77,60.67,0.2062,-1,-1,-1
660,158,356.78,588.03,47.24,131.91,0.4924,-1,-1,-1
660,157,1710.94,592.19,51.18,64.63,0.2557,-1,-1,-1
661,158,360.26,591.46,49.96,131.76,0.5637,-1,-1,-1
661,157,1724.43,598.08,57.26,64.88,0.3983,-1,-1,-1
662,158,366.23,595.72,52.60,127.14,0.5369,-1,-1,-1
662,157,1746.20,606.51,56.53,61.73,0.3074,-1,-1,-1
663,158,377.63,598.53,49.12,121.73,0.5336,-1,-1,-1
663,157,1765.54,613.19,54.65,65.44,0.2161,-1,-1,-1
664,158,382.68,593.03,53.18,124.10,0.6049,-1,-1,-1
664,157,1784.43,624.59,57.63,67.40,0.1675,-1,-1,-1
665,158,389.15,596.84,55.84,119.37,0.4860,-1,-1,-1
665,157,1802.25,621.84,61.15,74.64,0.1931,-1,-1,-1
666,158,394.72,593.70,62.05,119.43,0.6449,-1,-1,-1
666,157,1820.18,631.20,64.96,75.35,0.2609,-1,-1,-1
667,158,398.26,588.69,71.38,124.70,0.5617,-1,-1,-1
668,158,400.06,584.30,83.18,133.18,0.6016,-1,-1,-1
669,158,406.48,576.80,93.24,138.86,0.4365,-1,-1,-1
669,166,394.85,518.42,25.63,77.16,0.3688,-1,-1,-1
670,158,414.86,572.00,98.38,142.05,0.6277,-1,-1,-1
670,166,400.72,513.67,28.32,80.02,0.6398,-1,-1,-1
671,158,426.17,568.37,98.19,144.27,0.5765,-1,-1,-1
671,166,405.34,511.58,28.06,78.10,0.4921,-1,-1,-1
672,158,437.98,567.37,96.11,143.43,0.2274,-1,-1,-1
672,166,411.29,509.11,28.00,76.39,0.4475,-1,-1,-1
673,158,475.52,567.15,71.14,143.30,0.2427,-1,-1,-1
673,166,415.88,509.68,29.98,77.61,0.1857,-1,-1,-1
674,158,498.70,558.99,61.26,140.99,0.3765,-1,-1,-1
675,158,486.06,557.53,88.29,144.05,0.3060,-1,-1,-1
675,166,427.86,493.25,32.03,82.69,0.3896,-1,-1,-1
676,166,431.34,498.37,31.35,82.07,0.5492,-1,-1,-1
677,166,437.44,493.47,33.60,84.83,0.4568,-1,-1,-1
678,166,442.20,495.68,35.58,86.55,0.3790,-1,-1,-1
679,166,447.99,510.07,36.46,83.93,0.3661,-1,-1,-1
679,158,533.59,573.61,99.65,145.22,0.5492,-1,-1,-1
680,158,564.63,568.45,82.16,141.60,0.3370,-1,-1,-1
681,158,582.63,595.55,80.47,140.80,0.4250,-1,-1,-1
682,158,602.74,618.56,76.38,137.94,0.3639,-1,-1,-1
683,158,617.96,593.27,62.37,137.53,0.3245,-1,-1,-1
683,166,463.24,521.46,32.50,88.84,0.3559,-1,-1,-1
684,166,465.78,516.17,34.66,83.79,0.2997,-1,-1,-1
685,166,469.54,518.39,33.72,81.63,0.4306,-1,-1,-1
686,166,475.07,509.52,31.50,82.09,0.4774,-1,-1,-1
686,158,661.78,572.89,50.94,128.45,0.4332,-1,-1,-1
687,166,481.91,507.47,32.00,80.54,0.4386,-1,-1,-1
687,158,667.53,573.86,62.07,135.94,0.2949,-1,-1,-1
688,166,486.78,506.01,29.96,80.70,0.3723,-1,-1,-1
688,158,664.76,573.26,93.86,140.87,0.3336,-1,-1,-1
689,158,668.31,569.14,106.73,147.43,0.4291,-1,-1,-1
690,158,679.78,565.15,110.68,151.01,0.4662,-1,-1,-1
690,166,495.80,502.44,27.64,82.17,0.4606,-1,-1,-1
691,158,694.85,565.35,111.75,152.54,0.5892,-1,-1,-1
691,170,652.68,475.24,20.06,49.81,0.3818,-1,-1,-1
691,166,500.69,504.13,26.50,80.50,0.3198,-1,-1,-1
692,158,714.20,569.00,105.93,149.46,0.4479,-1,-1,-1
692,170,658.69,475.69,17.74,48.18,0.3417,-1,-1,-1
692,166,507.77,501.51,26.92,81.80,0.5562,-1,-1,-1
693,158,754.50,572.38,80.90,146.99,0.5255,-1,-1,-1
693,170,666.45,475.76,19.95,47.52,0.3278,-1,-1,-1
693,166,511.07,497.73,31.97,86.80,0.3800,-1,-1,-1
694,158,772.25,580.06,82.12,143.31,0.4815,-1,-1,-1
694,170,672.16,476.75,19.74,51.03,0.3576,-1,-1,-1
694,166,512.83,499.33,35.06,88.08,0.4959,-1,-1,-1
695,158,789.60,584.70,81.18,146.40,0.3590,-1,-1,-1
695,170,677.37,476.95,20.02,53.01,0.4115,-1,-1,-1
695,166,517.03,500.64,33.80,87.93,0.5228,-1,-1,-1
696,158,803.76,582.34,86.30,150.72,0.1961,-1,-1,-1
696,170,680.82,473.56,21.27,55.43,0.2940,-1,-1,-1
696,166,526.39,500.89,32.12,83.83,0.4362,-1,-1,-1
697,166,529.30,503.68,32.33,82.82,0.4885,-1,-1,-1
698,166,533.23,501.34,32.14,87.31,0.4732,-1,-1,-1
698,170,693.91,476.75,19.78,53.29,0.3752,-1,-1,-1
699,166,535.43,500.47,33.90,89.59,0.3028,-1,-1,-1
699,170,699.51,476.90,20.42,53.46,0.4813,-1,-1,-1
699,158,842.84,583.64,95.38,157.86,0.5785,-1,-1,-1
700,166,537.43,502.16,35.33,92.09,0.5294,-1,-1,-1
700,170,702.97,479.55,20.16,52.78,0.4622,-1,-1,-1
700,158,854.85,584.59,102.06,159.31,0.5884,-1,-1,-1
701,166,543.29,504.23,33.56,91.09,0.4031,-1,-1,-1
701,170,707.81,478.59,19.80,54.00,0.1807,-1,-1,-1
701,158,878.96,589.48,94.97,158.35,0.4995,-1,-1,-1
702,166,549.67,506.08,33.24,88.13,0.3620,-1,-1,-1
702,170,717.15,478.21,19.07,54.26,0.4290,-1,-1,-1
702,158,918.06,596.47,74.74,155.51,0.5881,-1,-1,-1
703,166,554.23,504.66,32.42,89.84,0.5539,-1,-1,-1
703,170,721.93,474.47,21.01,58.57,0.4195,-1,-1,-1
703,158,947.66,602.71,62.97,154.84,0.5376,-1,-1,-1
704,166,555.62,509.09,34.00,91.13,0.5844,-1,-1,-1
704,170,725.58,477.07,21.02,60.11,0.3660,-1,-1,-1
704,158,958.33,610.87,69.98,154.94,0.6474,-1,-1,-1
705,166,555.05,508.57,38.81,93.68,0.5363,-1,-1,-1
705,170,727.95,476.42,21.12,60.05,0.4064,-1,-1,-1
705,158,976.73,612.61,68.24,155.67,0.6481,-1,-1,-1
706,166,560.91,510.26,35.54,93.57,0.6116,-1,-1,-1
706,170,736.42,482.78,22.54,55.53,0.3618,-1,-1,-1
706,158,987.57,616.68,76.24,158.40,0.7583,-1,-1,-1
707,166,563.60,513.23,34.43,95.07,0.6616,-1,-1,-1
707,170,739.63,487.77,22.20,52.92,0.3386,-1,-1,-1
707,158,997.38,615.19,86.32,165.73,0.7423,-1,-1,-1
708,166,566.60,517.83,33.46,95.77,0.6891,-1,-1,-1
708,170,742.93,490.80,21.85,52.69,0.3710,-1,-1,-1
708,158,1000.04,617.04,102.41,171.15,0.6746,-1,-1,-1
709,166,568.54,520.88,34.41,97.77,0.6430,-1,-1,-1
709,170,745.64,492.73,22.38,53.44,0.3624,-1,-1,-1
709,158,1005.80,611.83,118.63,177.12,0.7636,-1,-1,-1
710,166,573.59,528.85,33.86,92.95,0.6403,-1,-1,-1
710,170,749.31,500.76,20.71,53.04,0.3888,-1,-1,-1
710,158,1017.07,621.87,124.54,180.00,0.7748,-1,-1,-1
711,166,575.77,533.44,34.73,89.84,0.5305,-1,-1,-1
711,170,750.80,503.05,20.19,52.13,0.4168,-1,-1,-1
711,158,1041.68,619.80,121.77,177.73,0.7111,-1,-1,-1
712,166,575.94,536.68,36.31,92.38,0.7177,-1,-1,-1
712,170,755.09,506.44,26.96,52.54,0.3848,-1,-1,-1
712,158,1066.56,630.72,113.82,178.06,0.4789,-1,-1,-1
713,166,577.06,534.64,37.22,94.13,0.7372,-1,-1,-1
713,170,760.39,504.98,25.26,50.87,0.3481,-1,-1,-1
713,158,1111.94,629.96,87.87,172.13,0.5796,-1,-1,-1
714,166,578.59,544.27,37.92,97.58,0.6552,-1,-1,-1
714,170,761.85,511.64,22.66,52.42,0.4318,-1,-1,-1
714,158,1128.98,635.19,97.04,170.46,0.7374,-1,-1,-1
715,166,579.94,540.20,38.25,101.53,0.5902,-1,-1,-1
715,170,764.66,505.81,20.92,58.57,0.4276,-1,-1,-1
715,158,1142.10,635.78,99.05,173.30,0.7451,-1,-1,-1
716,166,580.87,543.46,38.37,101.53,0.5081,-1,-1,-1
716,170,767.89,504.14,23.10,60.38,0.4151,-1,-1,-1
716,158,1156.53,632.37,102.28,178.06,0.7684,-1,-1,-1
717,166,580.59,544.70,39.53,102.06,0.5572,-1,-1,-1
717,170,771.35,508.35,22.30,55.77,0.3222,-1,-1,-1
717,158,1173.04,631.09,103.90,183.27,0.7812,-1,-1,-1
718,166,583.69,551.54,37.02,98.78,0.4841,-1,-1,-1
718,170,773.03,509.64,23.06,55.60,0.3734,-1,-1,-1
718,158,1189.72,626.73,108.95,192.36,0.7914,-1,-1,-1
719,166,585.42,547.28,37.54,100.16,0.5349,-1,-1,-1
719,170,776.40,506.22,22.76,59.07,0.2542,-1,-1,-1
719,158,1209.38,632.32,109.77,194.48,0.6608,-1,-1,-1
720,166,585.33,552.18,39.36,101.62,0.5675,-1,-1,-1
720,170,780.33,509.05,26.79,59.08,0.2573,-1,-1,-1
720,158,1228.79,631.71,114.47,197.58,0.6718,-1,-1,-1
721,166,587.98,551.92,40.79,102.92,0.4913,-1,-1,-1
721,170,783.60,511.86,26.12,56.90,0.3473,-1,-1,-1
721,158,1257.16,635.46,103.32,180.92,0.4787,-1,-1,-1
722,166,591.31,553.54,38.89,102.94,0.5360,-1,-1,-1
722,170,785.88,515.62,24.24,53.28,0.3642,-1,-1,-1
722,158,1290.51,644.95,91.06,193.14,0.4726,-1,-1,-1
723,166,594.16,551.32,39.15,105.06,0.3706,-1,-1,-1
723,170,790.64,514.31,25.45,54.67,0.3732,-1,-1,-1
723,158,1311.61,653.62,98.89,194.34,0.4478,-1,-1,-1
724,166,594.73,562.76,38.24,103.85,0.4859,-1,-1,-1
724,170,793.09,524.30,24.28,53.72,0.3642,-1,-1,-1
724,158,1343.31,663.54,93.82,196.41,0.5486,-1,-1,-1
725,166,595.31,565.81,37.79,104.03,0.5707,-1,-1,-1
725,170,796.75,525.32,23.31,53.19,0.4732,-1,-1,-1
725,158,1370.48,663.99,92.66,203.12,0.7108,-1,-1,-1
726,166,597.60,565.24,37.25,103.71,0.5734,-1,-1,-1
726,170,800.40,522.25,21.56,55.97,0.3632,-1,-1,-1
726,158,1386.49,672.93,101.71,208.04,0.6203,-1,-1,-1
727,166,597.72,571.48,41.04,105.98,0.7153,-1,-1,-1
727,170,801.85,527.29,21.40,55.55,0.2900,-1,-1,-1
727,158,1424.61,672.88,85.35,184.15,0.4060,-1,-1,-1
728,166,598.45,568.90,42.12,106.39,0.6729,-1,-1,-1
728,170,811.14,525.68,21.65,57.28,0.3867,-1,-1,-1
728,158,1419.38,681.86,117.36,209.20,0.5803,-1,-1,-1
729,166,598.78,566.80,43.65,109.28,0.6381,-1,-1,-1
729,170,814.45,524.40,20.81,57.18,0.3840,-1,-1,-1
729,158,1434.18,680.88,131.90,218.73,0.7226,-1,-1,-1
730,166,599.01,570.40,45.37,111.19,0.5670,-1,-1,-1
730,170,817.07,525.53,21.06,59.10,0.3511,-1,-1,-1
730,158,1496.32,688.17,100.34,225.00,0.4556,-1,-1,-1
731,166,600.43,564.98,46.86,114.98,0.6680,-1,-1,-1
731,170,819.04,524.09,22.34,59.34,0.4066,-1,-1,-1
731,158,1496.42,696.41,126.91,231.47,0.1730,-1,-1,-1
732,166,601.16,565.15,47.08,116.66,0.6757,-1,-1,-1
732,170,820.08,525.29,22.80,58.15,0.4915,-1,-1,-1
732,158,1546.25,701.32,100.83,231.51,0.5054,-1,-1,-1
733,166,602.30,567.10,46.85,116.07,0.6499,-1,-1,-1
733,170,821.38,522.95,23.87,60.03,0.5295,-1,-1,-1
733,158,1584.97,704.62,92.80,230.15,0.7019,-1,-1,-1
734,166,602.70,560.30,46.99,120.47,0.6868,-1,-1,-1
734,170,824.50,524.33,21.53,54.81,0.4011,-1,-1,-1
734,158,1597.77,708.44,108.38,231.97,0.6281,-1,-1,-1
735,166,602.26,562.43,47.65,121.79,0.6948,-1,-1,-1
735,170,824.75,526.35,23.02,52.31,0.2863,-1,-1,-1
735,158,1614.62,704.35,120.37,234.21,0.7441,-1,-1,-1
735,172,837.60,527.90,23.93,51.77,0.3768,-1,-1,-1
736,166,606.02,559.03,45.83,122.23,0.6750,-1,-1,-1
736,170,831.76,523.95,22.97,52.02,0.3822,-1,-1,-1
736,158,1631.76,705.01,132.00,245.33,0.7151,-1,-1,-1
736,172,835.68,524.63,23.25,52.13,0.3822,-1,-1,-1
737,166,606.90,560.56,46.15,122.34,0.6584,-1,-1,-1
737,170,834.42,523.28,24.11,52.65,0.3775,-1,-1,-1
737,158,1657.33,696.86,134.73,258.65,0.7946,-1,-1,-1
737,172,834.89,523.50,24.29,53.03,0.3775,-1,-1,-1
738,166,606.57,562.98,47.68,123.01,0.6593,-1,-1,-1
738,170,836.43,525.66,23.02,52.77,0.3541,-1,-1,-1
738,158,1684.85,705.39,139.08,263.67,0.7550,-1,-1,-1
738,172,835.93,525.66,22.94,53.16,0.3541,-1,-1,-1
739,166,606.83,564.30,49.22,123.79,0.6562,-1,-1,-1
739,170,839.21,524.79,22.64,54.40,0.3574,-1,-1,-1
739,158,1712.74,716.81,150.30,262.38,0.7532,-1,-1,-1
739,172,838.66,524.70,22.52,54.87,0.3574,-1,-1,-1
740,166,607.06,566.55,49.53,123.79,0.6847,-1,-1,-1
740,170,840.37,524.39,22.32,56.08,0.4218,-1,-1,-1
740,158,1741.95,732.28,148.90,254.84,0.7464,-1,-1,-1
740,172,839.83,524.26,22.19,56.56,0.4218,-1,-1,-1
741,166,607.98,568.66,49.36,124.25,0.6776,-1,-1,-1
741,170,842.35,526.83,22.60,55.60,0.4783,-1,-1,-1
741,158,1778.36,732.80,141.20,263.62,0.5816,-1,-1,-1
741,172,841.83,526.74,22.52,55.99,0.4783,-1,-1,-1
742,166,608.80,570.36,48.15,123.83,0.6455,-1,-1,-1
742,170,843.09,528.16,22.48,56.10,0.5105,-1,-1,-1
742,158,1822.44,749.10,106.55,258.75,0.4326,-1,-1,-1
742,172,842.61,528.08,22.40,56.43,0.5105,-1,-1,-1
743,166,607.38,571.41,50.84,125.24,0.6303,-1,-1,-1
743,170,844.18,528.91,22.24,55.44,0.4494,-1,-1,-1
743,172,843.78,528.86,22.17,55.71,0.4494,-1,-1,-1
744,166,605.83,571.64,51.04,126.96,0.6293,-1,-1,-1
744,170,844.60,528.67,21.99,55.83,0.4811,-1,-1,-1
744,172,844.26,528.62,21.93,56.06,0.4811,-1,-1,-1
745,166,604.29,573.22,52.37,128.55,0.6668,-1,-1,-1
745,170,844.47,526.37,22.23,59.61,0.4982,-1,-1,-1
745,172,844.18,526.31,22.19,59.85,0.4982,-1,-1,-1
746,166,603.12,573.85,51.37,130.38,0.6264,-1,-1,-1
746,170,844.27,525.40,22.95,62.47,0.5172,-1,-1,-1
746,172,844.01,525.33,22.92,62.71,0.5172,-1,-1,-1
747,166,603.06,574.96,51.29,132.33,0.6538,-1,-1,-1
747,170,844.48,524.95,23.82,63.87,0.5047,-1,-1,-1
747,172,844.25,524.88,23.80,64.09,0.5047,-1,-1,-1
748,166,602.87,575.17,51.38,133.35,0.6733,-1,-1,-1
748,170,846.24,527.08,23.40,61.67,0.2893,-1,-1,-1
749,166,602.77,576.77,51.35,132.30,0.6753,-1,-1,-1
749,170,846.89,527.59,22.66,61.13,0.3386,-1,-1,-1
750,166,602.29,578.73,51.48,130.78,0.6232,-1,-1,-1
750,170,848.30,528.28,22.51,58.35,0.3369,-1,-1,-1
