1,1,371.74,408.30,79.69,239.71,0.7909,-1,-1,-1
1,2,104.37,546.39,73.25,245.35,0.7260,-1,-1,-1
1,3,1095.29,980.85,73.73,99.15,0.6920,-1,-1,-1
1,4,1732.44,452.89,73.78,221.06,0.6220,-1,-1,-1
1,5,1355.87,569.75,82.08,221.03,0.5500,-1,-1,-1
1,6,0.22,880.53,41.50,199.47,0.5315,-1,-1,-1
1,7,1103.64,210.05,56.21,179.71,0.5269,-1,-1,-1
1,8,546.15,146.37,57.89,183.43,0.5198,-1,-1,-1
1,9,225.79,399.57,64.29,198.91,0.5118,-1,-1,-1
1,10,789.24,145.32,64.25,178.73,0.4614,-1,-1,-1
1,11,1047.12,133.11,62.93,182.85,0.4447,-1,-1,-1
1,12,273.15,379.05,52.48,212.40,0.3728,-1,-1,-1
1,13,504.23,134.74,51.32,176.84,0.3702,-1,-1,-1
2,1,372.18,408.13,80.16,239.81,0.7973,-1,-1,-1
2,2,104.30,546.51,72.99,245.60,0.7255,-1,-1,-1
2,3,1100.27,981.14,71.70,98.84,0.6895,-1,-1,-1
2,4,1730.74,454.78,75.06,216.11,0.6073,-1,-1,-1
2,5,1355.90,570.07,81.74,217.82,0.5680,-1,-1,-1
2,6,0.21,878.28,40.06,201.22,0.3839,-1,-1,-1
2,7,1098.84,211.59,58.05,178.49,0.4729,-1,-1,-1
2,8,545.67,146.77,57.58,183.99,0.5070,-1,-1,-1
2,9,225.23,398.29,65.14,199.29,0.4910,-1,-1,-1
2,10,789.59,145.30,64.41,178.88,0.4606,-1,-1,-1
2,11,1046.23,132.97,63.83,182.09,0.4650,-1,-1,-1
2,12,268.50,379.24,54.77,210.70,0.4318,-1,-1,-1
2,13,503.59,134.37,51.11,176.80,0.3706,-1,-1,-1
3,1,373.24,407.86,79.10,241.07,0.7819,-1,-1,-1
3,2,104.56,546.18,73.34,246.61,0.7315,-1,-1,-1
3,3,1104.59,980.94,71.74,99.06,0.6963,-1,-1,-1
3,4,1730.90,453.32,74.19,219.11,0.6000,-1,-1,-1
3,5,1356.34,570.04,81.26,216.83,0.5666,-1,-1,-1
3,6,0.22,877.57,39.70,201.54,0.3544,-1,-1,-1
3,7,1093.40,213.37,61.17,177.42,0.5645,-1,-1,-1
3,8,544.99,147.39,58.10,183.68,0.4875,-1,-1,-1
3,9,223.48,396.91,67.24,201.66,0.4723,-1,-1,-1
3,10,788.96,145.19,64.86,178.63,0.4541,-1,-1,-1
3,11,1045.48,132.81,64.38,179.92,0.4988,-1,-1,-1
3,12,261.46,368.54,63.58,223.68,0.3911,-1,-1,-1
3,13,503.93,133.86,50.01,170.56,0.3938,-1,-1,-1
4,1,372.85,407.38,79.78,241.15,0.7959,-1,-1,-1
4,2,104.25,545.84,73.24,247.16,0.7230,-1,-1,-1
4,3,1108.05,979.25,72.11,100.75,0.6950,-1,-1,-1
4,4,1729.71,452.69,74.00,217.33,0.6199,-1,-1,-1
4,5,1356.22,570.19,82.46,217.03,0.5754,-1,-1,-1
4,6,0.29,876.36,42.70,203.02,0.5373,-1,-1,-1
4,7,1087.97,211.66,63.68,179.61,0.5528,-1,-1,-1
4,8,546.02,145.76,56.44,183.72,0.4674,-1,-1,-1
4,9,221.81,396.73,69.41,202.41,0.4799,-1,-1,-1
4,10,789.36,144.76,64.27,178.23,0.4697,-1,-1,-1
4,11,1045.31,133.46,63.44,179.54,0.4595,-1,-1,-1
4,12,263.25,379.34,59.94,214.38,0.4012,-1,-1,-1
4,13,501.20,135.19,52.52,172.87,0.4398,-1,-1,-1
5,1,374.28,406.87,79.04,241.28,0.7978,-1,-1,-1
5,2,104.14,545.85,72.66,247.13,0.7243,-1,-1,-1
5,3,1112.22,976.62,72.21,103.39,0.6964,-1,-1,-1
5,4,1728.74,452.23,74.07,218.24,0.6542,-1,-1,-1
5,5,1355.91,570.14,82.43,214.46,0.6076,-1,-1,-1
5,6,0.29,874.51,44.78,204.62,0.5592,-1,-1,-1
5,7,1075.69,210.76,75.19,178.90,0.5394,-1,-1,-1
5,8,545.89,145.15,56.28,185.98,0.5050,-1,-1,-1
5,9,220.88,396.76,71.72,200.97,0.3747,-1,-1,-1
5,10,789.10,145.58,64.86,176.97,0.4967,-1,-1,-1
5,11,1044.27,134.04,64.89,165.63,0.3774,-1,-1,-1
5,12,266.11,380.33,53.73,210.14,0.3873,-1,-1,-1
5,13,501.16,135.46,51.41,168.88,0.4855,-1,-1,-1
6,1,374.95,406.09,79.21,240.36,0.7852,-1,-1,-1
6,2,104.31,545.99,72.60,246.86,0.7309,-1,-1,-1
6,3,1114.66,975.71,72.71,104.28,0.6912,-1,-1,-1
6,4,1727.15,454.14,74.80,216.39,0.6514,-1,-1,-1
6,5,1356.62,570.14,81.68,213.41,0.6186,-1,-1,-1
6,6,0.36,872.25,46.05,207.03,0.6048,-1,-1,-1
6,7,1065.29,209.43,85.64,179.52,0.5797,-1,-1,-1
6,8,545.43,147.13,55.55,186.27,0.5159,-1,-1,-1
6,9,219.24,393.52,74.72,203.28,0.3017,-1,-1,-1
6,10,788.15,145.36,65.08,177.73,0.5056,-1,-1,-1
6,11,1043.67,134.98,64.63,155.93,0.3077,-1,-1,-1
6,12,267.29,380.07,49.54,208.74,0.3933,-1,-1,-1
6,13,501.89,136.60,49.86,167.22,0.5138,-1,-1,-1
7,1,375.71,404.93,80.09,240.10,0.7800,-1,-1,-1
7,2,104.22,545.93,72.60,246.19,0.7311,-1,-1,-1
7,3,1116.90,974.10,71.48,105.85,0.7056,-1,-1,-1
7,4,1726.42,454.31,74.65,213.41,0.6315,-1,-1,-1
7,5,1356.44,570.27,82.02,212.73,0.6334,-1,-1,-1
7,6,0.40,870.89,47.11,208.44,0.5963,-1,-1,-1
7,7,1055.91,208.29,95.97,180.83,0.5515,-1,-1,-1
7,8,544.58,148.26,54.43,186.92,0.5409,-1,-1,-1
7,9,217.91,395.86,68.80,200.40,0.2902,-1,-1,-1
7,10,788.30,145.40,65.48,177.80,0.5154,-1,-1,-1
7,11,1042.90,136.45,64.25,154.85,0.2917,-1,-1,-1
7,12,266.50,380.43,48.70,200.42,0.3576,-1,-1,-1
7,13,501.79,138.65,49.05,165.57,0.4799,-1,-1,-1
8,1,376.58,402.88,80.08,239.20,0.7696,-1,-1,-1
8,2,104.66,546.21,72.82,246.53,0.7358,-1,-1,-1
8,3,1119.30,973.31,70.58,106.71,0.7071,-1,-1,-1
8,4,1724.51,454.68,75.51,209.75,0.6454,-1,-1,-1
8,5,1356.54,570.06,81.67,213.91,0.6125,-1,-1,-1
8,6,0.33,871.19,47.03,207.74,0.5826,-1,-1,-1
8,7,1051.59,210.61,101.19,178.35,0.5409,-1,-1,-1
8,8,544.54,147.32,53.26,188.46,0.5501,-1,-1,-1
8,9,215.30,389.44,66.42,204.29,0.1965,-1,-1,-1
8,10,787.98,145.94,65.63,177.00,0.5034,-1,-1,-1
8,11,1040.68,137.20,65.09,159.83,0.1705,-1,-1,-1
8,12,264.95,381.29,48.94,191.01,0.3175,-1,-1,-1
8,13,499.94,141.03,51.63,171.50,0.4575,-1,-1,-1
9,1,377.00,401.82,81.02,237.70,0.7678,-1,-1,-1
9,2,104.69,546.08,73.41,246.78,0.7443,-1,-1,-1
9,3,1123.82,973.26,68.38,106.76,0.6692,-1,-1,-1
9,4,1723.67,454.52,75.47,209.86,0.6349,-1,-1,-1
9,5,1356.69,570.37,81.31,213.96,0.6143,-1,-1,-1
9,6,0.30,869.75,46.98,209.24,0.5596,-1,-1,-1
9,7,1047.81,210.67,106.03,176.10,0.5086,-1,-1,-1
9,8,544.68,147.71,52.01,189.48,0.4971,-1,-1,-1
9,10,787.92,145.82,65.51,175.97,0.4782,-1,-1,-1
9,11,1038.94,137.19,70.57,163.86,0.2150,-1,-1,-1
9,12,265.05,380.87,46.99,181.79,0.2723,-1,-1,-1
9,13,500.31,141.90,50.32,173.11,0.4449,-1,-1,-1
10,1,377.44,400.48,81.28,236.45,0.7579,-1,-1,-1
10,2,104.81,545.90,73.82,246.72,0.7400,-1,-1,-1
10,3,1127.58,973.03,67.28,107.00,0.6880,-1,-1,-1
10,4,1723.80,454.73,74.75,209.63,0.6104,-1,-1,-1
10,5,1356.36,569.73,82.05,215.44,0.6147,-1,-1,-1
10,6,0.27,865.73,47.23,212.90,0.5661,-1,-1,-1
10,7,1044.46,211.37,109.14,173.64,0.4661,-1,-1,-1
10,8,543.80,148.50,51.80,191.47,0.4782,-1,-1,-1
10,10,788.03,145.84,65.28,176.77,0.4860,-1,-1,-1
10,11,1039.60,138.04,68.95,162.30,0.2764,-1,-1,-1
10,12,265.00,383.49,45.80,173.35,0.3154,-1,-1,-1
10,13,498.85,142.41,51.53,174.36,0.4337,-1,-1,-1
11,1,378.43,398.37,80.94,234.49,0.7550,-1,-1,-1
11,2,104.61,546.00,74.01,246.78,0.7417,-1,-1,-1
11,3,1130.42,973.39,67.39,106.61,0.6688,-1,-1,-1
11,4,1723.52,458.13,74.92,206.49,0.6067,-1,-1,-1
11,5,1356.32,569.72,82.27,215.76,0.6406,-1,-1,-1
11,6,0.21,862.64,46.70,215.69,0.5584,-1,-1,-1
11,7,1042.46,210.18,106.94,174.04,0.4522,-1,-1,-1
11,8,542.55,148.65,52.08,192.78,0.4813,-1,-1,-1
11,10,787.99,145.71,65.45,177.11,0.4864,-1,-1,-1
11,11,1037.31,138.51,72.55,168.23,0.2852,-1,-1,-1
11,12,262.19,384.76,47.99,186.57,0.3796,-1,-1,-1
11,13,498.47,142.84,51.26,175.42,0.4252,-1,-1,-1
11,14,1801.91,217.11,62.91,179.35,0.3489,-1,-1,-1
12,1,378.44,396.72,81.46,233.89,0.7530,-1,-1,-1
12,2,104.35,545.92,74.76,247.05,0.7371,-1,-1,-1
12,3,1133.72,973.18,67.15,106.80,0.6720,-1,-1,-1
12,4,1723.34,459.39,75.05,205.37,0.6362,-1,-1,-1
12,5,1356.80,569.62,81.00,215.40,0.6329,-1,-1,-1
12,6,0.35,857.00,47.05,220.53,0.5764,-1,-1,-1
12,7,1042.79,208.19,101.10,175.80,0.3598,-1,-1,-1
12,8,541.97,149.06,52.61,192.24,0.5006,-1,-1,-1
12,10,788.05,145.75,65.34,177.53,0.4828,-1,-1,-1
12,11,1035.76,139.49,70.33,171.85,0.1823,-1,-1,-1
12,12,260.76,386.17,48.28,186.23,0.2878,-1,-1,-1
12,13,497.41,143.92,52.35,174.75,0.4129,-1,-1,-1
12,14,1802.18,219.21,63.92,176.00,0.3372,-1,-1,-1
13,1,378.67,395.34,81.81,232.41,0.7610,-1,-1,-1
13,2,104.37,545.86,75.47,247.65,0.7420,-1,-1,-1
13,3,1136.20,972.79,66.42,107.14,0.6339,-1,-1,-1
13,4,1723.82,458.51,74.19,206.49,0.6621,-1,-1,-1
13,5,1356.71,569.95,81.07,213.94,0.6359,-1,-1,-1
13,6,0.38,852.05,46.57,225.13,0.5896,-1,-1,-1
13,7,1042.73,202.74,89.65,182.17,0.2678,-1,-1,-1
13,8,540.32,149.51,54.54,192.24,0.5203,-1,-1,-1
13,10,788.23,146.20,65.26,177.42,0.5103,-1,-1,-1
13,11,1034.18,140.60,69.08,174.93,0.2423,-1,-1,-1
13,12,260.96,383.85,47.17,185.95,0.2271,-1,-1,-1
13,13,496.81,144.85,52.74,174.96,0.3769,-1,-1,-1
13,14,1802.08,221.36,67.24,177.20,0.3713,-1,-1,-1
13,9,211.24,393.17,63.80,181.92,0.3489,-1,-1,-1
14,1,379.22,394.56,81.44,231.36,0.7606,-1,-1,-1
14,2,104.16,545.85,75.87,248.27,0.7475,-1,-1,-1
14,3,1139.19,972.55,64.76,107.42,0.6305,-1,-1,-1
14,4,1723.07,459.44,75.64,206.34,0.6575,-1,-1,-1
14,5,1357.13,569.92,80.62,214.23,0.6135,-1,-1,-1
14,6,0.28,849.27,46.90,228.18,0.6077,-1,-1,-1
14,7,1041.70,211.00,80.58,171.98,0.1829,-1,-1,-1
14,8,538.85,150.61,55.34,191.86,0.5044,-1,-1,-1
14,10,788.51,146.16,64.51,177.47,0.5246,-1,-1,-1
14,11,1032.74,141.67,66.75,176.47,0.2074,-1,-1,-1
14,12,260.06,384.04,46.61,185.48,0.2425,-1,-1,-1
14,13,495.01,144.44,54.00,176.07,0.4112,-1,-1,-1
14,14,1802.73,222.54,67.25,177.02,0.3743,-1,-1,-1
14,15,880.80,130.00,86.86,178.07,0.4139,-1,-1,-1
14,9,209.77,395.91,63.95,178.61,0.3795,-1,-1,-1
15,1,379.81,393.44,81.34,231.34,0.7611,-1,-1,-1
15,2,104.28,545.85,75.81,248.17,0.7549,-1,-1,-1
15,3,1141.05,972.89,64.27,106.71,0.5995,-1,-1,-1
15,4,1723.73,456.49,74.75,209.67,0.6507,-1,-1,-1
15,5,1356.91,570.39,80.48,213.17,0.6056,-1,-1,-1
15,6,0.19,848.31,47.34,229.87,0.5862,-1,-1,-1
15,7,1044.57,205.91,69.47,175.14,0.2946,-1,-1,-1
15,8,537.53,151.64,55.56,191.77,0.5038,-1,-1,-1
15,10,788.10,146.72,65.14,176.12,0.5364,-1,-1,-1
15,11,1031.99,142.84,64.87,176.04,0.2592,-1,-1,-1
15,12,259.60,383.33,45.78,185.15,0.2243,-1,-1,-1
15,13,494.20,143.91,54.02,177.38,0.3866,-1,-1,-1
15,14,1803.84,223.52,67.47,183.07,0.3943,-1,-1,-1
15,15,879.98,130.44,86.54,177.73,0.3794,-1,-1,-1
15,9,208.75,392.13,63.10,181.77,0.3146,-1,-1,-1
16,1,380.26,392.82,80.96,231.89,0.7659,-1,-1,-1
16,2,104.43,546.18,75.52,247.35,0.7503,-1,-1,-1
16,3,1144.71,972.78,63.10,106.37,0.5672,-1,-1,-1
16,4,1724.53,455.59,73.55,210.13,0.6556,-1,-1,-1
16,5,1356.82,570.28,80.28,213.48,0.6194,-1,-1,-1
16,6,0.20,848.30,48.38,230.16,0.5054,-1,-1,-1
16,7,1042.71,201.01,60.99,180.28,0.2300,-1,-1,-1
16,8,535.01,153.33,56.75,189.47,0.5244,-1,-1,-1
16,10,788.66,146.97,64.52,175.63,0.5039,-1,-1,-1
16,11,1032.35,144.18,63.14,174.48,0.2971,-1,-1,-1
16,12,252.64,385.38,52.14,184.01,0.3551,-1,-1,-1
16,13,493.43,143.60,54.49,178.30,0.3327,-1,-1,-1
16,14,1804.48,224.45,68.99,187.49,0.3867,-1,-1,-1
16,15,879.94,131.58,86.16,178.83,0.3332,-1,-1,-1
16,9,207.97,385.51,60.12,189.26,0.3669,-1,-1,-1
17,1,380.67,391.70,81.29,233.65,0.7511,-1,-1,-1
17,2,104.16,546.72,76.44,246.35,0.7453,-1,-1,-1
17,3,1148.47,972.90,60.57,106.80,0.5345,-1,-1,-1
17,4,1723.39,457.63,75.41,209.14,0.6399,-1,-1,-1
17,5,1356.68,570.07,81.27,214.49,0.6041,-1,-1,-1
17,6,0.23,847.75,50.19,231.74,0.5548,-1,-1,-1
17,7,1039.28,196.20,58.63,184.93,0.1947,-1,-1,-1
17,8,533.43,155.59,57.93,188.09,0.6085,-1,-1,-1
17,10,788.67,147.14,64.43,174.85,0.4923,-1,-1,-1
17,11,1034.53,144.93,59.34,176.39,0.2802,-1,-1,-1
17,12,248.66,383.04,55.71,187.27,0.3619,-1,-1,-1
17,13,493.13,144.74,54.36,177.61,0.3616,-1,-1,-1
17,14,1805.91,225.68,67.78,190.79,0.3620,-1,-1,-1
17,15,880.55,132.27,85.07,177.74,0.3201,-1,-1,-1
17,9,207.21,381.51,58.90,194.39,0.3340,-1,-1,-1
18,1,380.80,390.11,81.72,236.13,0.7520,-1,-1,-1
18,2,104.19,546.63,76.48,246.00,0.7479,-1,-1,-1
18,3,1151.85,973.06,58.16,106.85,0.5305,-1,-1,-1
18,4,1723.27,457.96,75.92,208.59,0.6457,-1,-1,-1
18,5,1356.70,569.96,80.95,214.46,0.6182,-1,-1,-1
18,6,0.25,847.17,51.71,232.63,0.5066,-1,-1,-1
18,8,531.88,156.16,57.85,187.11,0.6042,-1,-1,-1
18,10,789.03,147.27,64.10,174.45,0.5330,-1,-1,-1
18,11,1032.42,144.60,59.77,181.23,0.3230,-1,-1,-1
18,12,246.78,383.57,56.61,187.12,0.4081,-1,-1,-1
18,13,492.94,143.94,53.97,178.74,0.3680,-1,-1,-1
18,14,1806.42,226.52,68.88,191.88,0.3825,-1,-1,-1
18,15,880.49,132.80,84.67,178.07,0.3421,-1,-1,-1
18,9,207.18,382.02,56.71,193.31,0.3618,-1,-1,-1
19,1,380.98,388.56,82.42,237.88,0.7551,-1,-1,-1
19,2,104.36,546.48,76.26,246.10,0.7459,-1,-1,-1
19,3,1154.31,972.71,57.47,107.21,0.5198,-1,-1,-1
19,4,1723.48,456.01,75.31,210.37,0.6467,-1,-1,-1
19,5,1356.93,569.95,80.40,214.78,0.6405,-1,-1,-1
19,6,0.27,845.50,52.44,234.25,0.5326,-1,-1,-1
19,8,530.38,158.56,58.06,184.27,0.5466,-1,-1,-1
19,10,789.12,146.97,63.82,174.41,0.4808,-1,-1,-1
19,11,1030.91,144.28,60.41,184.36,0.4152,-1,-1,-1
19,12,245.89,381.15,56.14,189.84,0.4172,-1,-1,-1
19,13,493.10,144.99,53.48,177.77,0.2955,-1,-1,-1
19,14,1808.25,227.28,69.26,191.54,0.3604,-1,-1,-1
19,15,881.54,133.98,82.07,175.54,0.2548,-1,-1,-1
19,9,206.44,381.54,56.46,194.95,0.4001,-1,-1,-1
20,1,380.89,387.20,82.76,239.53,0.7480,-1,-1,-1
20,2,104.32,546.58,76.07,245.97,0.7456,-1,-1,-1
20,3,1157.22,972.77,55.91,107.21,0.5105,-1,-1,-1
20,4,1723.50,457.91,75.68,208.11,0.6295,-1,-1,-1
20,5,1357.03,570.42,80.15,214.24,0.6494,-1,-1,-1
20,6,0.26,845.22,52.70,234.75,0.4771,-1,-1,-1
20,8,530.07,158.92,56.29,183.98,0.5439,-1,-1,-1
20,10,789.14,147.61,64.02,174.00,0.4956,-1,-1,-1
20,11,1028.28,144.64,62.28,217.31,0.4028,-1,-1,-1
20,12,244.78,377.28,55.12,192.19,0.3149,-1,-1,-1
20,13,492.53,147.02,52.92,175.58,0.2661,-1,-1,-1
20,14,1809.56,227.69,69.95,190.67,0.3427,-1,-1,-1
20,15,882.69,135.28,78.63,176.23,0.1723,-1,-1,-1
20,9,204.98,386.52,57.29,188.67,0.4155,-1,-1,-1
20,7,1027.49,152.10,62.62,226.59,0.4028,-1,-1,-1
21,1,380.72,386.25,83.22,240.16,0.7588,-1,-1,-1
21,2,104.29,546.52,76.01,246.26,0.7433,-1,-1,-1
21,3,1158.38,973.20,56.46,106.79,0.5021,-1,-1,-1
21,4,1723.42,458.08,75.79,208.20,0.6341,-1,-1,-1
21,5,1357.51,570.40,79.49,215.54,0.6137,-1,-1,-1
21,6,0.32,840.61,53.54,237.93,0.5228,-1,-1,-1
21,8,530.15,159.15,54.92,183.71,0.5888,-1,-1,-1
21,10,788.79,147.68,64.53,174.19,0.4867,-1,-1,-1
21,11,1029.11,145.10,60.78,193.53,0.2857,-1,-1,-1
21,12,244.53,376.15,52.91,190.29,0.3460,-1,-1,-1
21,13,491.15,148.26,53.58,175.01,0.2709,-1,-1,-1
21,14,1812.12,225.60,73.57,191.28,0.2926,-1,-1,-1
21,15,883.10,137.87,80.22,172.14,0.1781,-1,-1,-1
21,9,203.72,379.67,57.48,194.60,0.4005,-1,-1,-1
22,1,380.87,386.08,83.18,239.77,0.7578,-1,-1,-1
22,2,104.16,546.93,76.19,245.70,0.7385,-1,-1,-1
22,3,1157.95,974.22,57.82,105.79,0.5591,-1,-1,-1
22,4,1723.79,458.38,75.00,207.56,0.6682,-1,-1,-1
22,5,1357.46,570.22,79.49,215.14,0.6385,-1,-1,-1
22,6,0.31,841.19,53.71,238.45,0.5434,-1,-1,-1
22,8,528.96,157.09,54.55,186.19,0.5037,-1,-1,-1
22,10,789.07,147.85,64.44,174.84,0.4618,-1,-1,-1
22,11,1010.81,145.09,79.23,221.93,0.3479,-1,-1,-1
22,12,244.35,375.94,48.71,191.05,0.2692,-1,-1,-1
22,13,489.34,147.30,54.97,176.59,0.2732,-1,-1,-1
22,14,1815.53,225.10,73.61,189.99,0.2841,-1,-1,-1
22,15,884.08,140.93,59.12,170.44,0.1936,-1,-1,-1
22,9,203.46,373.68,60.16,199.81,0.3304,-1,-1,-1
22,7,1005.85,144.62,83.23,233.84,0.3479,-1,-1,-1
23,1,381.57,385.36,82.26,238.93,0.7569,-1,-1,-1
23,2,104.24,546.68,76.06,245.61,0.7394,-1,-1,-1
23,3,1159.05,973.94,59.89,106.06,0.5504,-1,-1,-1
23,4,1724.21,457.77,74.38,207.62,0.6392,-1,-1,-1
23,5,1357.04,570.02,80.26,215.17,0.6141,-1,-1,-1
23,6,0.32,841.80,53.68,237.31,0.5669,-1,-1,-1
23,8,527.91,157.60,52.76,186.71,0.4697,-1,-1,-1
23,10,790.00,148.43,62.31,174.34,0.4303,-1,-1,-1
23,11,1018.19,145.97,71.22,197.47,0.3871,-1,-1,-1
23,12,243.44,375.47,47.22,190.85,0.1933,-1,-1,-1
23,13,490.56,149.28,53.11,176.07,0.2548,-1,-1,-1
23,14,1817.52,227.60,71.55,190.17,0.2933,-1,-1,-1
23,15,883.56,141.83,50.85,171.85,0.1639,-1,-1,-1
23,9,203.89,371.44,57.76,198.00,0.2670,-1,-1,-1
23,7,1015.48,144.65,72.77,198.31,0.3871,-1,-1,-1
24,1,381.68,384.88,81.83,238.07,0.7574,-1,-1,-1
24,2,104.28,546.60,76.24,245.65,0.7382,-1,-1,-1
24,3,1159.92,974.60,60.82,105.40,0.5497,-1,-1,-1
24,4,1724.02,456.08,74.32,209.97,0.6434,-1,-1,-1
24,5,1356.76,569.80,80.70,216.91,0.5891,-1,-1,-1
24,6,0.30,839.92,54.42,236.92,0.5361,-1,-1,-1
24,8,525.40,157.47,54.31,187.44,0.4250,-1,-1,-1
24,10,789.67,148.41,63.77,173.80,0.4291,-1,-1,-1
24,11,1020.62,147.10,68.30,185.47,0.3215,-1,-1,-1
24,13,491.68,150.58,51.97,177.96,0.1666,-1,-1,-1
24,14,1820.38,229.81,69.60,190.01,0.3512,-1,-1,-1
24,15,882.51,142.56,49.77,174.10,0.1682,-1,-1,-1
24,9,202.63,359.32,63.54,211.43,0.3055,-1,-1,-1
25,1,381.75,384.11,81.04,237.28,0.7571,-1,-1,-1
25,2,104.02,546.82,76.59,245.88,0.7384,-1,-1,-1
25,3,1160.57,974.76,61.60,105.26,0.5631,-1,-1,-1
25,4,1722.87,457.47,75.52,209.21,0.6544,-1,-1,-1
25,5,1357.01,570.18,79.64,214.12,0.6125,-1,-1,-1
25,6,0.32,836.39,54.99,238.58,0.5031,-1,-1,-1
25,8,524.61,158.82,54.35,185.43,0.4365,-1,-1,-1
25,10,789.40,147.81,64.46,174.76,0.4319,-1,-1,-1
25,11,1018.95,147.99,68.67,187.50,0.2729,-1,-1,-1
25,14,1822.26,232.47,68.85,192.65,0.3875,-1,-1,-1
25,15,879.74,141.32,49.97,176.24,0.1778,-1,-1,-1
25,9,201.70,352.19,66.98,218.08,0.2652,-1,-1,-1
26,1,382.23,383.15,80.14,237.21,0.7684,-1,-1,-1
26,2,103.59,546.55,77.21,246.90,0.7375,-1,-1,-1
26,3,1161.70,975.06,61.81,104.98,0.5967,-1,-1,-1
26,4,1722.99,454.70,74.51,212.63,0.6365,-1,-1,-1
26,5,1356.84,570.51,80.24,213.42,0.6084,-1,-1,-1
26,6,0.34,834.19,55.76,234.28,0.5684,-1,-1,-1
26,8,524.89,160.59,53.24,183.93,0.4214,-1,-1,-1
26,10,788.87,148.02,65.68,175.11,0.4471,-1,-1,-1
26,11,990.68,149.90,96.13,213.63,0.2656,-1,-1,-1
26,14,1825.45,235.53,67.17,192.84,0.3700,-1,-1,-1
26,15,880.02,142.46,47.62,175.03,0.2534,-1,-1,-1
26,9,200.58,349.83,68.43,221.08,0.2891,-1,-1,-1
27,1,381.90,381.51,80.68,237.36,0.7790,-1,-1,-1
27,2,103.43,546.21,77.03,247.14,0.7377,-1,-1,-1
27,3,1163.13,975.05,62.32,104.94,0.6073,-1,-1,-1
27,4,1722.75,457.69,74.65,208.90,0.6521,-1,-1,-1
27,5,1356.63,570.17,80.33,214.30,0.5868,-1,-1,-1
27,6,0.34,830.73,56.63,235.01,0.6075,-1,-1,-1
27,8,525.43,160.93,52.32,184.83,0.3655,-1,-1,-1
27,10,789.36,147.96,65.20,174.87,0.4484,-1,-1,-1
27,11,981.60,185.64,102.62,188.08,0.4321,-1,-1,-1
27,14,1827.70,237.71,65.96,192.08,0.3461,-1,-1,-1
27,15,878.15,142.35,49.81,175.70,0.2288,-1,-1,-1
27,9,199.23,347.66,71.48,223.17,0.3685,-1,-1,-1
28,1,381.89,379.67,81.77,237.86,0.7725,-1,-1,-1
28,2,103.10,546.61,77.19,246.38,0.7386,-1,-1,-1
28,3,1164.61,975.62,62.93,104.39,0.6165,-1,-1,-1
28,4,1723.01,456.22,74.03,210.67,0.6400,-1,-1,-1
28,5,1356.71,569.65,80.66,215.68,0.5881,-1,-1,-1
28,6,0.13,828.00,58.31,233.60,0.6340,-1,-1,-1
28,8,524.24,161.05,53.42,186.70,0.2950,-1,-1,-1
28,10,790.26,148.49,61.83,173.92,0.4501,-1,-1,-1
28,11,978.46,197.49,97.52,181.21,0.2163,-1,-1,-1
28,14,1829.03,238.91,66.33,193.27,0.2817,-1,-1,-1
28,15,876.88,142.36,50.45,176.34,0.2117,-1,-1,-1
28,9,197.99,349.18,72.07,223.68,0.3995,-1,-1,-1
29,1,382.55,378.06,81.87,238.02,0.7810,-1,-1,-1
29,2,102.85,546.48,77.52,246.48,0.7455,-1,-1,-1
29,3,1165.58,975.85,64.54,104.18,0.6355,-1,-1,-1
29,4,1723.05,457.07,74.17,209.25,0.6502,-1,-1,-1
29,5,1356.65,569.78,81.13,215.40,0.6246,-1,-1,-1
29,6,0.17,826.21,59.43,230.10,0.6978,-1,-1,-1
29,8,521.99,161.72,55.09,188.46,0.2798,-1,-1,-1
29,10,790.84,148.65,60.14,174.16,0.4573,-1,-1,-1
29,11,978.95,199.84,85.38,180.74,0.1502,-1,-1,-1
29,14,1829.95,241.00,66.89,194.01,0.2548,-1,-1,-1
29,15,876.28,142.49,51.04,177.15,0.2450,-1,-1,-1
29,9,197.20,351.80,71.40,220.22,0.3247,-1,-1,-1
30,1,382.94,376.53,83.14,237.20,0.7847,-1,-1,-1
30,2,102.97,547.02,77.51,245.69,0.7384,-1,-1,-1
30,3,1167.18,976.71,65.03,103.29,0.6211,-1,-1,-1
30,4,1723.04,457.39,74.80,208.71,0.6633,-1,-1,-1
30,5,1356.78,569.86,80.28,215.65,0.6171,-1,-1,-1
30,6,0.07,823.38,60.14,228.88,0.6767,-1,-1,-1
30,8,522.54,163.24,54.05,187.75,0.3043,-1,-1,-1
30,10,790.77,148.48,59.58,174.25,0.4582,-1,-1,-1
30,14,1831.97,241.64,69.82,194.18,0.2140,-1,-1,-1
30,15,874.99,142.32,51.26,177.91,0.2602,-1,-1,-1
30,9,196.23,354.42,70.05,216.03,0.3162,-1,-1,-1
31,1,383.59,374.90,85.85,234.36,0.7516,-1,-1,-1
31,2,103.04,546.88,77.08,246.15,0.7404,-1,-1,-1
31,3,1168.45,977.18,65.77,102.78,0.6157,-1,-1,-1
31,4,1723.15,455.82,73.86,211.12,0.6545,-1,-1,-1
31,5,1356.69,569.74,80.32,214.43,0.5914,-1,-1,-1
31,6,0.25,818.51,60.07,235.49,0.6491,-1,-1,-1
31,8,503.35,159.16,75.50,194.45,0.2942,-1,-1,-1
31,10,790.61,148.23,59.86,175.12,0.4282,-1,-1,-1
31,14,1833.66,242.95,70.59,194.43,0.2147,-1,-1,-1
31,15,874.18,143.26,51.07,177.52,0.2451,-1,-1,-1
31,9,194.97,356.02,69.29,212.06,0.3465,-1,-1,-1
32,1,383.76,373.33,89.55,232.85,0.7457,-1,-1,-1
32,2,103.03,546.76,76.65,246.38,0.7472,-1,-1,-1
32,3,1169.43,977.95,66.49,102.03,0.6746,-1,-1,-1
32,4,1722.80,456.85,74.80,209.80,0.6534,-1,-1,-1
32,5,1356.54,569.75,80.14,214.34,0.6039,-1,-1,-1
32,6,0.34,815.51,60.16,241.15,0.6162,-1,-1,-1
32,8,497.02,159.63,80.87,195.76,0.2685,-1,-1,-1
32,10,791.34,148.66,59.13,174.90,0.4570,-1,-1,-1
32,14,1835.08,247.35,73.93,192.07,0.2273,-1,-1,-1
32,15,872.50,143.54,51.41,177.88,0.2424,-1,-1,-1
32,9,193.22,350.78,70.07,214.37,0.3971,-1,-1,-1
33,1,384.16,371.11,92.06,232.69,0.7501,-1,-1,-1
33,2,102.81,546.62,77.59,246.53,0.7486,-1,-1,-1
33,3,1170.88,978.86,66.90,101.13,0.6781,-1,-1,-1
33,4,1722.51,457.23,74.99,210.16,0.6571,-1,-1,-1
33,5,1356.27,569.48,80.90,216.61,0.6021,-1,-1,-1
33,6,0.33,813.21,60.81,246.61,0.6217,-1,-1,-1
33,8,493.34,159.48,83.86,196.58,0.3918,-1,-1,-1
33,10,791.06,148.92,59.31,174.34,0.4375,-1,-1,-1
33,14,1835.57,249.83,72.66,191.65,0.3130,-1,-1,-1
33,15,871.11,142.66,53.06,178.00,0.2422,-1,-1,-1
33,9,190.83,348.73,70.59,216.62,0.4230,-1,-1,-1
34,1,384.80,370.23,92.57,231.80,0.7515,-1,-1,-1
34,2,102.74,546.78,77.72,246.55,0.7391,-1,-1,-1
34,3,1173.39,980.59,66.73,99.42,0.6763,-1,-1,-1
34,4,1722.65,457.97,74.42,208.64,0.6499,-1,-1,-1
34,5,1356.68,569.35,80.93,216.67,0.5996,-1,-1,-1
34,6,0.42,811.32,61.28,248.87,0.6135,-1,-1,-1
34,8,492.00,160.31,83.60,195.86,0.3893,-1,-1,-1
34,10,790.73,148.74,59.12,174.96,0.4324,-1,-1,-1
34,14,1836.31,250.92,70.03,190.68,0.3188,-1,-1,-1
34,15,870.00,142.78,53.44,178.75,0.2092,-1,-1,-1
34,9,189.03,351.37,69.89,211.66,0.4157,-1,-1,-1
34,18,1021.17,155.38,62.60,187.01,0.4152,-1,-1,-1
35,1,384.90,369.31,93.27,232.44,0.7410,-1,-1,-1
35,2,102.53,546.86,78.32,246.92,0.7346,-1,-1,-1
35,3,1176.83,982.07,65.12,97.94,0.6624,-1,-1,-1
35,4,1722.52,457.68,74.09,208.60,0.6606,-1,-1,-1
35,5,1356.12,569.38,81.52,216.00,0.6011,-1,-1,-1
35,6,0.43,810.32,62.84,252.36,0.5751,-1,-1,-1
35,8,492.26,160.71,82.12,195.34,0.3989,-1,-1,-1
35,10,791.01,148.63,58.96,175.09,0.4427,-1,-1,-1
35,14,1837.51,251.66,69.01,188.69,0.3249,-1,-1,-1
35,15,868.77,142.92,54.17,178.79,0.2910,-1,-1,-1
35,9,187.14,346.11,66.74,212.56,0.4548,-1,-1,-1
35,18,1021.92,156.01,60.99,184.89,0.4622,-1,-1,-1
36,1,385.21,368.68,92.74,232.81,0.7009,-1,-1,-1
36,2,102.69,547.02,77.72,246.56,0.7385,-1,-1,-1
36,3,1179.43,983.81,64.63,96.21,0.6412,-1,-1,-1
36,4,1722.76,458.47,74.11,207.96,0.6161,-1,-1,-1
36,5,1355.97,569.41,82.04,216.55,0.5767,-1,-1,-1
36,6,0.47,809.53,63.30,250.43,0.5426,-1,-1,-1
36,8,492.97,160.86,79.60,194.50,0.4165,-1,-1,-1
36,10,791.01,149.01,58.89,174.31,0.4402,-1,-1,-1
36,14,1839.58,250.68,67.61,188.94,0.3537,-1,-1,-1
36,15,867.78,143.63,55.42,179.74,0.2680,-1,-1,-1
36,9,187.80,359.41,63.10,199.09,0.3995,-1,-1,-1
36,18,1021.97,156.71,61.42,182.14,0.5125,-1,-1,-1
36,19,384.60,995.36,90.24,84.62,0.4535,-1,-1,-1
37,1,385.94,367.64,90.49,233.55,0.6902,-1,-1,-1
37,2,102.90,547.11,77.00,245.91,0.7344,-1,-1,-1
37,3,1182.11,984.48,64.76,95.49,0.6850,-1,-1,-1
37,4,1722.95,457.79,73.98,208.95,0.6401,-1,-1,-1
37,5,1356.13,569.15,82.11,218.37,0.5677,-1,-1,-1
37,6,0.52,808.45,64.96,249.52,0.6285,-1,-1,-1
37,8,493.45,161.88,77.66,193.46,0.4226,-1,-1,-1
37,10,790.58,148.81,59.48,174.74,0.4360,-1,-1,-1
37,14,1840.36,252.30,64.74,185.67,0.3773,-1,-1,-1
37,15,867.69,144.20,55.89,180.65,0.2156,-1,-1,-1
37,9,187.07,361.14,62.40,195.90,0.4086,-1,-1,-1
37,18,1021.94,157.87,61.55,182.93,0.5344,-1,-1,-1
37,19,384.32,994.19,91.80,85.73,0.5152,-1,-1,-1
37,11,946.45,202.36,70.04,173.73,0.4378,-1,-1,-1
38,1,387.08,366.57,87.13,234.73,0.6937,-1,-1,-1
38,2,102.81,546.97,76.62,245.56,0.7328,-1,-1,-1
38,3,1184.16,984.57,66.24,95.43,0.6922,-1,-1,-1
38,4,1722.75,458.26,74.36,207.84,0.6428,-1,-1,-1
38,5,1355.96,569.32,81.91,215.37,0.6049,-1,-1,-1
38,6,0.55,808.03,65.97,247.14,0.6404,-1,-1,-1
38,8,493.25,162.55,76.89,193.01,0.4184,-1,-1,-1
38,10,790.95,149.03,59.04,175.06,0.4243,-1,-1,-1
38,14,1840.97,252.81,63.44,185.36,0.3217,-1,-1,-1
38,15,867.64,145.98,55.54,178.26,0.1947,-1,-1,-1
38,9,185.91,363.76,61.66,192.32,0.4321,-1,-1,-1
38,18,1023.30,158.61,60.61,183.68,0.5451,-1,-1,-1
38,19,384.40,993.01,93.23,86.98,0.5469,-1,-1,-1
38,11,937.46,202.72,74.08,172.86,0.3836,-1,-1,-1
39,1,387.51,365.38,85.35,236.33,0.6891,-1,-1,-1
39,2,102.46,547.17,77.25,245.06,0.7308,-1,-1,-1
39,3,1186.64,984.11,67.94,95.92,0.6789,-1,-1,-1
39,4,1722.60,457.29,73.78,209.23,0.6227,-1,-1,-1
39,5,1356.69,568.36,81.37,216.97,0.5814,-1,-1,-1
39,6,0.51,807.10,66.20,245.56,0.6523,-1,-1,-1
39,8,493.44,163.22,75.79,192.02,0.4237,-1,-1,-1
39,10,790.92,148.90,58.88,175.12,0.4153,-1,-1,-1
39,14,1841.02,253.24,63.86,184.80,0.3539,-1,-1,-1
39,15,867.39,147.48,56.03,176.56,0.1942,-1,-1,-1
39,9,183.72,362.61,62.79,193.84,0.4939,-1,-1,-1
39,18,1022.55,158.99,61.58,182.93,0.5211,-1,-1,-1
39,19,384.49,991.74,93.20,88.28,0.5276,-1,-1,-1
39,11,926.85,202.14,82.33,172.55,0.5013,-1,-1,-1
40,1,387.93,365.98,86.11,235.51,0.6972,-1,-1,-1
40,2,102.25,546.94,77.41,244.91,0.7335,-1,-1,-1
40,3,1190.02,983.97,68.95,96.03,0.6545,-1,-1,-1
40,4,1722.67,456.59,73.56,210.48,0.6273,-1,-1,-1
40,5,1357.29,569.22,80.45,213.76,0.6151,-1,-1,-1
40,6,0.59,806.00,66.08,243.30,0.6072,-1,-1,-1
40,8,493.43,166.14,74.18,191.73,0.4405,-1,-1,-1
40,10,791.10,148.90,58.29,175.85,0.4046,-1,-1,-1
40,14,1839.36,253.32,66.49,186.52,0.3340,-1,-1,-1
40,15,867.29,149.97,55.35,174.70,0.2468,-1,-1,-1
40,9,181.54,363.16,62.65,192.53,0.4306,-1,-1,-1
40,18,1022.07,159.21,62.21,182.40,0.5093,-1,-1,-1
40,19,384.93,990.04,93.12,89.89,0.5279,-1,-1,-1
40,11,917.32,199.21,91.60,175.06,0.5105,-1,-1,-1
41,1,389.16,365.75,85.52,235.44,0.6909,-1,-1,-1
41,2,102.28,546.74,77.61,245.44,0.7313,-1,-1,-1
41,3,1192.85,984.80,68.16,95.20,0.6802,-1,-1,-1
41,4,1722.54,456.08,73.73,210.93,0.6395,-1,-1,-1
41,5,1356.99,568.82,80.82,215.12,0.6073,-1,-1,-1
41,6,0.53,805.03,66.59,243.18,0.6001,-1,-1,-1
41,8,494.53,166.06,75.09,191.14,0.3632,-1,-1,-1
41,10,791.35,149.11,57.51,175.29,0.4079,-1,-1,-1
41,14,1838.52,254.24,67.01,191.04,0.2881,-1,-1,-1
41,15,866.95,151.18,55.38,175.79,0.2469,-1,-1,-1
41,9,179.78,361.60,62.35,194.09,0.3636,-1,-1,-1
41,18,1021.65,159.31,62.55,181.14,0.4771,-1,-1,-1
41,19,385.17,989.14,93.47,90.83,0.4924,-1,-1,-1
41,11,911.69,202.30,97.40,171.50,0.5440,-1,-1,-1
42,1,390.19,364.65,85.08,235.49,0.7104,-1,-1,-1
42,2,102.25,546.71,78.16,245.62,0.7402,-1,-1,-1
42,3,1195.46,984.93,68.89,95.04,0.6923,-1,-1,-1
42,4,1722.11,455.25,73.94,211.37,0.6461,-1,-1,-1
42,5,1356.96,569.18,80.46,214.51,0.6145,-1,-1,-1
42,6,0.39,802.89,66.89,243.11,0.6312,-1,-1,-1
42,8,494.66,167.07,75.38,191.80,0.3718,-1,-1,-1
42,10,791.21,148.89,57.37,176.69,0.4202,-1,-1,-1
42,14,1838.28,256.53,67.51,189.60,0.2992,-1,-1,-1
42,15,866.51,150.93,54.48,180.03,0.2550,-1,-1,-1
42,9,179.36,367.81,60.20,189.02,0.3295,-1,-1,-1
42,18,1021.28,159.57,62.74,181.66,0.4734,-1,-1,-1
42,19,384.57,987.84,94.41,92.15,0.5331,-1,-1,-1
42,11,907.49,201.17,101.59,172.73,0.5451,-1,-1,-1
43,1,391.10,364.70,85.04,233.94,0.7374,-1,-1,-1
43,2,101.94,546.83,78.38,245.80,0.7338,-1,-1,-1
43,3,1198.22,985.17,70.25,94.81,0.6623,-1,-1,-1
43,4,1722.23,454.78,73.69,212.01,0.6162,-1,-1,-1
43,5,1356.83,569.14,80.50,214.47,0.6090,-1,-1,-1
43,6,0.28,799.10,67.12,235.66,0.6608,-1,-1,-1
43,8,493.75,167.88,76.68,194.03,0.3847,-1,-1,-1
43,10,790.68,149.24,58.33,176.26,0.4042,-1,-1,-1
43,14,1836.85,255.07,70.81,191.46,0.2835,-1,-1,-1
43,15,866.40,152.14,53.29,174.67,0.2134,-1,-1,-1
43,9,177.08,370.34,59.53,186.13,0.2795,-1,-1,-1
43,18,1021.36,159.87,62.40,182.80,0.4672,-1,-1,-1
43,19,383.66,987.48,95.20,92.55,0.5402,-1,-1,-1
43,11,903.41,197.92,104.59,175.56,0.4978,-1,-1,-1
44,1,391.59,364.59,85.63,232.22,0.7343,-1,-1,-1
44,2,101.93,547.26,78.10,245.48,0.7334,-1,-1,-1
44,3,1199.58,985.50,71.38,94.54,0.6688,-1,-1,-1
44,4,1721.41,456.66,74.73,210.07,0.6474,-1,-1,-1
44,5,1356.83,568.99,80.95,216.07,0.6236,-1,-1,-1
44,6,0.23,795.69,67.49,231.08,0.6726,-1,-1,-1
44,8,493.66,169.05,76.68,195.32,0.3771,-1,-1,-1
44,10,790.83,149.25,58.13,176.19,0.4005,-1,-1,-1
44,14,1839.47,255.41,76.02,194.13,0.3252,-1,-1,-1
44,15,865.80,152.63,54.73,178.12,0.2698,-1,-1,-1
44,9,175.31,366.91,58.60,189.12,0.3525,-1,-1,-1
44,18,1021.44,160.29,61.74,183.94,0.4379,-1,-1,-1
44,19,382.91,985.80,96.02,94.35,0.5968,-1,-1,-1
44,11,900.95,194.91,103.09,178.74,0.3167,-1,-1,-1
45,1,392.81,362.51,85.24,232.20,0.7371,-1,-1,-1
45,2,101.76,546.98,77.73,245.70,0.7425,-1,-1,-1
45,3,1200.77,985.82,72.35,94.22,0.6709,-1,-1,-1
45,4,1721.53,458.12,74.48,208.39,0.6321,-1,-1,-1
45,5,1356.52,568.89,81.00,216.24,0.6345,-1,-1,-1
45,6,0.26,793.00,67.65,229.37,0.6685,-1,-1,-1
45,8,494.61,171.99,75.12,194.24,0.3115,-1,-1,-1
45,10,790.60,149.26,58.55,175.82,0.4243,-1,-1,-1
45,14,1841.37,256.59,74.52,196.61,0.3492,-1,-1,-1
45,15,866.18,154.85,54.22,180.50,0.2492,-1,-1,-1
45,9,173.69,360.89,56.56,193.89,0.3643,-1,-1,-1
45,18,1020.10,161.53,64.29,182.69,0.3991,-1,-1,-1
45,19,381.68,984.86,95.98,95.26,0.5952,-1,-1,-1
45,11,899.29,188.48,100.16,185.72,0.2922,-1,-1,-1
46,1,394.65,360.95,83.46,231.89,0.7422,-1,-1,-1
46,2,101.71,546.55,77.83,246.08,0.7447,-1,-1,-1
46,3,1201.40,986.20,72.17,93.79,0.6854,-1,-1,-1
46,4,1721.00,458.90,74.86,207.05,0.6155,-1,-1,-1
46,5,1356.29,569.21,81.97,216.75,0.6039,-1,-1,-1
46,6,0.41,790.59,68.21,229.24,0.6718,-1,-1,-1
46,8,492.58,173.70,77.44,193.88,0.3314,-1,-1,-1
46,10,790.68,149.31,58.29,175.27,0.3893,-1,-1,-1
46,14,1842.82,257.15,74.71,200.23,0.3300,-1,-1,-1
46,15,866.44,154.62,53.64,182.64,0.1883,-1,-1,-1
46,9,172.25,355.20,55.25,198.94,0.3621,-1,-1,-1
46,18,1019.42,161.99,65.25,182.28,0.4088,-1,-1,-1
46,19,380.30,979.95,96.93,100.08,0.6033,-1,-1,-1
46,11,899.19,181.70,92.28,192.10,0.2937,-1,-1,-1
47,1,395.46,358.98,83.39,231.99,0.7461,-1,-1,-1
47,2,101.48,546.51,78.00,246.19,0.7292,-1,-1,-1
47,3,1202.13,986.36,72.98,93.66,0.6670,-1,-1,-1
47,4,1721.17,458.92,74.86,207.73,0.6306,-1,-1,-1
47,5,1356.51,569.44,81.64,216.05,0.5933,-1,-1,-1
47,6,0.59,789.14,68.92,231.05,0.6183,-1,-1,-1
47,8,502.67,179.15,63.84,187.68,0.3161,-1,-1,-1
47,10,790.15,149.44,59.63,174.92,0.4296,-1,-1,-1
47,14,1844.21,258.74,74.21,202.02,0.3460,-1,-1,-1
47,15,864.63,154.88,54.12,181.82,0.2643,-1,-1,-1
47,9,169.94,347.20,57.71,206.78,0.3911,-1,-1,-1
47,18,1018.98,162.76,64.44,183.32,0.3951,-1,-1,-1
47,19,379.78,974.32,97.70,105.81,0.5909,-1,-1,-1
47,11,900.71,174.77,81.46,198.86,0.3144,-1,-1,-1
48,1,396.33,357.30,83.46,230.35,0.7647,-1,-1,-1
48,2,101.58,546.25,77.91,246.74,0.7353,-1,-1,-1
48,3,1203.45,985.20,75.64,94.77,0.6326,-1,-1,-1
48,4,1721.37,459.47,74.49,206.46,0.6357,-1,-1,-1
48,5,1356.49,569.16,82.56,216.73,0.6132,-1,-1,-1
48,6,0.86,788.30,70.11,233.30,0.5857,-1,-1,-1
48,8,506.08,182.65,58.55,183.78,0.3326,-1,-1,-1
48,10,790.43,149.51,59.77,175.48,0.4552,-1,-1,-1
48,14,1846.93,262.15,69.43,200.96,0.3696,-1,-1,-1
48,15,863.72,154.24,55.09,180.55,0.2691,-1,-1,-1
48,9,168.78,345.02,57.26,210.21,0.3360,-1,-1,-1
48,18,1018.69,163.21,63.65,182.96,0.3309,-1,-1,-1
48,19,378.84,967.48,99.12,112.60,0.6089,-1,-1,-1
48,11,900.29,174.35,72.92,197.61,0.2555,-1,-1,-1
49,1,396.58,356.34,84.08,227.62,0.7608,-1,-1,-1
49,2,101.55,546.10,77.88,246.91,0.7393,-1,-1,-1
49,3,1204.03,984.07,77.24,95.93,0.6518,-1,-1,-1
49,4,1721.00,459.04,74.69,207.07,0.6575,-1,-1,-1
49,5,1356.49,569.41,82.59,217.70,0.6018,-1,-1,-1
49,6,0.82,785.44,71.97,242.66,0.6188,-1,-1,-1
49,8,496.22,180.83,70.73,187.72,0.3703,-1,-1,-1
49,10,790.42,149.29,60.21,175.93,0.4317,-1,-1,-1
49,14,1849.08,264.14,66.09,201.02,0.3337,-1,-1,-1
49,15,862.99,153.65,54.98,176.51,0.3164,-1,-1,-1
49,9,167.33,350.70,57.69,204.83,0.3555,-1,-1,-1
49,18,1017.10,164.49,64.82,182.89,0.3711,-1,-1,-1
49,19,378.39,964.18,99.74,115.83,0.5888,-1,-1,-1
49,11,899.62,176.79,62.34,194.75,0.2450,-1,-1,-1
50,1,396.34,355.03,85.18,226.31,0.7546,-1,-1,-1
50,2,101.56,546.04,77.88,246.67,0.7482,-1,-1,-1
50,3,1204.29,983.18,78.34,96.82,0.6281,-1,-1,-1
50,4,1721.04,459.15,74.43,206.74,0.6391,-1,-1,-1
50,5,1356.93,569.74,81.83,216.15,0.6122,-1,-1,-1
50,6,0.96,784.52,73.59,247.19,0.6055,-1,-1,-1
50,8,493.22,179.92,74.99,190.57,0.3775,-1,-1,-1
50,10,790.40,149.03,59.90,176.84,0.4070,-1,-1,-1
50,14,1851.88,265.99,65.89,200.42,0.3915,-1,-1,-1
50,15,863.14,154.31,52.58,168.85,0.2734,-1,-1,-1
50,18,1017.02,164.94,62.61,178.00,0.3841,-1,-1,-1
50,19,379.85,961.48,98.55,117.70,0.5867,-1,-1,-1
51,1,396.27,354.35,86.16,223.91,0.7538,-1,-1,-1
51,2,101.74,545.82,77.73,247.16,0.7505,-1,-1,-1
51,3,1204.89,982.08,79.03,97.93,0.6111,-1,-1,-1
51,4,1720.68,459.89,74.59,205.53,0.6227,-1,-1,-1
51,5,1357.05,569.41,81.51,215.16,0.6198,-1,-1,-1
51,6,1.19,783.27,74.02,247.47,0.6422,-1,-1,-1
51,8,492.89,180.52,76.08,191.27,0.3679,-1,-1,-1
51,10,790.42,148.84,59.85,177.54,0.4134,-1,-1,-1
51,14,1853.96,267.21,63.47,197.22,0.3626,-1,-1,-1
51,15,862.60,154.54,50.75,169.98,0.2816,-1,-1,-1
51,18,1016.70,166.53,61.97,175.07,0.4440,-1,-1,-1
51,19,380.53,957.55,98.40,122.19,0.5503,-1,-1,-1
52,1,396.91,353.15,86.51,223.80,0.7677,-1,-1,-1
52,2,102.05,545.52,77.14,247.08,0.7519,-1,-1,-1
52,3,1204.70,981.77,79.43,98.22,0.6304,-1,-1,-1
52,4,1721.59,457.19,73.70,209.02,0.6266,-1,-1,-1
52,5,1356.93,569.22,81.39,215.36,0.6233,-1,-1,-1
52,6,1.94,782.06,74.69,245.82,0.6113,-1,-1,-1
52,8,490.28,180.41,79.61,191.20,0.3819,-1,-1,-1
52,10,789.92,149.06,60.46,178.04,0.3952,-1,-1,-1
52,14,1857.11,264.81,61.74,199.53,0.2984,-1,-1,-1
52,15,860.58,154.68,49.20,175.74,0.1890,-1,-1,-1
52,18,1016.11,167.85,62.94,178.44,0.4711,-1,-1,-1
52,19,381.43,953.29,98.73,126.58,0.5450,-1,-1,-1
53,1,398.18,351.55,85.65,225.12,0.7697,-1,-1,-1
53,2,102.39,545.19,76.11,247.41,0.7453,-1,-1,-1
53,3,1204.57,980.45,79.55,99.50,0.6525,-1,-1,-1
53,4,1721.98,456.35,73.46,209.23,0.6261,-1,-1,-1
53,5,1357.10,569.44,81.55,214.07,0.6401,-1,-1,-1
53,6,3.04,780.80,73.51,243.23,0.6510,-1,-1,-1
53,8,488.80,180.60,82.21,190.88,0.4034,-1,-1,-1
53,10,789.43,148.57,61.16,177.92,0.4121,-1,-1,-1
53,14,1859.60,265.05,59.97,198.61,0.3205,-1,-1,-1
53,18,1015.81,168.81,62.83,180.80,0.4505,-1,-1,-1
53,19,381.78,950.11,100.56,129.51,0.6933,-1,-1,-1
54,1,398.58,350.64,85.62,225.99,0.7711,-1,-1,-1
54,2,102.45,544.81,75.77,247.97,0.7479,-1,-1,-1
54,3,1203.81,979.88,80.42,100.08,0.6571,-1,-1,-1
54,4,1722.01,456.07,73.44,209.77,0.6240,-1,-1,-1
54,5,1356.99,569.19,81.95,214.04,0.6411,-1,-1,-1
54,6,5.41,778.51,71.50,239.06,0.6455,-1,-1,-1
54,8,488.01,180.51,84.04,190.74,0.3868,-1,-1,-1
54,10,789.53,148.71,61.46,177.19,0.3981,-1,-1,-1
54,14,1861.63,263.23,58.19,203.19,0.3113,-1,-1,-1
54,18,1014.40,170.74,62.41,181.42,0.4274,-1,-1,-1
54,19,382.53,948.24,102.62,130.35,0.7180,-1,-1,-1
55,1,399.47,349.55,85.03,227.64,0.7785,-1,-1,-1
55,2,102.54,544.91,75.70,248.44,0.7363,-1,-1,-1
55,3,1203.69,979.14,80.84,100.81,0.6651,-1,-1,-1
55,4,1722.12,456.59,73.89,210.50,0.6376,-1,-1,-1
55,5,1357.39,569.02,81.29,215.04,0.6082,-1,-1,-1
55,6,7.52,774.95,70.25,237.95,0.6805,-1,-1,-1
55,8,487.94,180.23,84.56,191.27,0.4235,-1,-1,-1
55,10,789.88,148.90,61.16,176.91,0.4251,-1,-1,-1
55,14,1864.06,262.46,55.84,206.81,0.3406,-1,-1,-1
55,18,1012.83,172.96,62.72,181.52,0.4561,-1,-1,-1
55,19,382.92,946.50,105.38,132.12,0.6929,-1,-1,-1
56,1,400.07,349.05,84.50,229.04,0.7878,-1,-1,-1
56,2,102.54,544.52,75.83,249.09,0.7376,-1,-1,-1
56,3,1203.41,977.78,81.16,102.20,0.6744,-1,-1,-1
56,4,1721.99,456.04,73.61,210.64,0.6445,-1,-1,-1
56,5,1357.17,569.13,80.92,215.95,0.6102,-1,-1,-1
56,6,8.13,772.34,70.27,235.92,0.6943,-1,-1,-1
56,8,488.02,180.26,83.22,191.40,0.4782,-1,-1,-1
56,10,789.96,148.77,61.45,177.64,0.4100,-1,-1,-1
56,14,1866.15,262.09,53.75,207.16,0.2820,-1,-1,-1
56,18,1013.47,174.79,60.94,180.48,0.4680,-1,-1,-1
56,19,383.65,945.73,106.12,133.52,0.6985,-1,-1,-1
57,1,400.23,348.04,83.98,230.26,0.7938,-1,-1,-1
57,2,102.41,544.69,75.94,249.44,0.7329,-1,-1,-1
57,3,1202.76,976.53,81.77,103.45,0.6850,-1,-1,-1
57,4,1721.88,457.85,73.40,208.19,0.6509,-1,-1,-1
57,5,1357.01,569.18,81.28,214.10,0.6174,-1,-1,-1
57,6,6.66,770.81,71.42,232.13,0.7197,-1,-1,-1
57,8,487.67,180.89,82.36,190.98,0.4590,-1,-1,-1
57,10,789.85,148.65,61.98,178.56,0.4009,-1,-1,-1
57,14,1867.60,256.40,52.21,213.25,0.1866,-1,-1,-1
57,18,1011.88,176.30,60.94,179.88,0.4636,-1,-1,-1
57,19,385.05,944.98,106.01,134.26,0.7176,-1,-1,-1
58,1,400.15,347.09,84.31,231.15,0.7873,-1,-1,-1
58,2,102.67,544.99,75.53,249.27,0.7288,-1,-1,-1
58,3,1201.93,976.18,82.90,103.82,0.6689,-1,-1,-1
58,4,1722.06,456.32,73.03,209.37,0.6400,-1,-1,-1
58,5,1357.08,569.36,81.19,214.68,0.6247,-1,-1,-1
58,6,7.13,767.75,73.28,229.80,0.7118,-1,-1,-1
58,8,487.89,181.43,81.17,191.07,0.4484,-1,-1,-1
58,10,790.15,148.90,61.70,178.55,0.3946,-1,-1,-1
58,18,1011.22,178.83,60.10,179.20,0.4566,-1,-1,-1
58,19,386.71,944.02,104.96,135.60,0.6723,-1,-1,-1
59,1,401.11,345.74,83.76,232.64,0.7851,-1,-1,-1
59,2,102.74,545.05,75.32,249.47,0.7327,-1,-1,-1
59,3,1200.38,975.68,84.65,104.30,0.6719,-1,-1,-1
59,4,1722.67,456.02,72.96,210.46,0.6377,-1,-1,-1
59,5,1357.04,568.92,81.31,213.53,0.6413,-1,-1,-1
59,6,6.84,765.43,75.09,226.14,0.7217,-1,-1,-1
59,8,487.96,181.93,81.71,191.43,0.4378,-1,-1,-1
59,10,789.74,148.87,61.13,178.55,0.3894,-1,-1,-1
59,18,1010.16,180.31,60.42,178.47,0.3744,-1,-1,-1
59,19,387.89,942.95,103.93,136.64,0.7142,-1,-1,-1
60,1,401.89,345.64,82.66,231.99,0.7925,-1,-1,-1
60,2,102.32,545.20,75.65,250.28,0.7259,-1,-1,-1
60,3,1199.55,974.90,85.30,105.13,0.6700,-1,-1,-1
60,4,1722.27,457.91,73.30,208.30,0.6275,-1,-1,-1
60,5,1356.86,568.94,81.34,214.80,0.6262,-1,-1,-1
60,6,8.53,761.34,72.16,225.20,0.7345,-1,-1,-1
60,8,488.28,183.05,80.94,191.20,0.4531,-1,-1,-1
60,10,789.55,148.60,61.62,183.11,0.4231,-1,-1,-1
60,18,1007.58,181.42,62.24,178.04,0.3406,-1,-1,-1
60,19,387.90,940.60,105.10,138.70,0.7101,-1,-1,-1
61,1,401.91,344.44,82.45,231.37,0.7977,-1,-1,-1
61,2,102.75,545.98,74.57,248.54,0.7279,-1,-1,-1
61,3,1197.51,972.79,86.20,107.22,0.6306,-1,-1,-1
61,4,1722.58,457.75,72.46,207.81,0.6112,-1,-1,-1
61,5,1357.16,569.18,81.00,214.26,0.6299,-1,-1,-1
61,6,9.57,758.35,70.09,225.26,0.7307,-1,-1,-1
61,8,491.58,188.06,75.21,187.95,0.4803,-1,-1,-1
61,10,788.94,148.44,62.66,186.64,0.3661,-1,-1,-1
61,18,1007.02,182.16,61.91,176.92,0.3029,-1,-1,-1
61,19,387.38,938.78,107.04,140.64,0.6141,-1,-1,-1
62,1,402.20,343.17,81.88,231.12,0.7907,-1,-1,-1
62,2,102.91,546.56,74.27,247.84,0.7287,-1,-1,-1
62,3,1196.37,972.36,86.64,107.70,0.6220,-1,-1,-1
62,4,1722.57,456.88,73.00,208.86,0.6000,-1,-1,-1
62,5,1357.53,569.24,80.62,214.59,0.6174,-1,-1,-1
62,6,10.69,756.22,69.26,225.38,0.7302,-1,-1,-1
62,8,492.36,189.77,73.68,188.73,0.4967,-1,-1,-1
62,10,789.81,148.25,61.51,186.86,0.3199,-1,-1,-1
62,18,1007.59,183.93,61.01,175.33,0.3032,-1,-1,-1
62,19,386.28,936.69,108.21,142.21,0.5694,-1,-1,-1
63,1,402.24,341.39,82.04,231.87,0.7965,-1,-1,-1
63,2,103.11,546.70,73.93,247.53,0.7298,-1,-1,-1
63,3,1194.85,971.84,87.47,108.18,0.6573,-1,-1,-1
63,4,1721.89,458.08,73.82,207.83,0.5906,-1,-1,-1
63,5,1357.15,569.02,80.94,213.82,0.6020,-1,-1,-1
63,6,10.66,754.85,70.67,228.07,0.7189,-1,-1,-1
63,8,491.46,189.00,74.39,193.89,0.5326,-1,-1,-1
63,10,790.01,148.17,60.51,186.83,0.2991,-1,-1,-1
63,18,1006.02,185.13,61.34,172.48,0.2522,-1,-1,-1
63,19,386.04,934.62,107.62,144.29,0.6604,-1,-1,-1
64,1,402.41,339.06,82.22,232.12,0.7907,-1,-1,-1
64,2,102.67,546.54,74.44,248.32,0.7195,-1,-1,-1
64,3,1193.45,972.64,87.32,107.33,0.6856,-1,-1,-1
64,4,1721.88,456.86,73.84,209.10,0.6059,-1,-1,-1
64,5,1356.40,569.25,81.44,215.32,0.5977,-1,-1,-1
64,6,11.07,753.33,70.83,229.05,0.7204,-1,-1,-1
64,8,492.65,191.18,72.99,194.08,0.4907,-1,-1,-1
64,10,790.49,148.34,59.25,184.71,0.2948,-1,-1,-1
64,18,1004.30,186.44,61.94,171.20,0.3625,-1,-1,-1
64,19,385.39,931.20,108.77,148.01,0.6716,-1,-1,-1
65,1,402.24,337.24,82.54,232.22,0.7933,-1,-1,-1
65,2,102.71,547.08,74.49,247.31,0.7280,-1,-1,-1
65,3,1192.52,973.02,86.08,107.00,0.6846,-1,-1,-1
65,4,1720.96,458.81,74.84,207.31,0.6133,-1,-1,-1
65,5,1356.15,569.23,82.46,214.54,0.6283,-1,-1,-1
65,6,10.92,752.30,71.02,231.71,0.7136,-1,-1,-1
65,8,493.53,191.98,72.28,194.76,0.5081,-1,-1,-1
65,10,791.96,148.72,56.50,175.89,0.2352,-1,-1,-1
65,18,1003.45,187.33,62.35,171.36,0.3134,-1,-1,-1
65,19,385.31,925.27,108.43,154.40,0.5634,-1,-1,-1
66,1,402.36,335.21,82.95,232.09,0.7929,-1,-1,-1
66,2,102.77,546.55,75.23,247.75,0.7208,-1,-1,-1
66,3,1190.68,971.94,85.44,108.03,0.7063,-1,-1,-1
66,4,1720.11,459.16,75.57,207.63,0.6260,-1,-1,-1
66,5,1355.88,568.70,83.15,215.83,0.6046,-1,-1,-1
66,6,10.83,750.90,71.27,233.48,0.7134,-1,-1,-1
66,8,495.41,191.37,69.87,195.83,0.5281,-1,-1,-1
66,10,790.46,149.57,60.46,157.23,0.1656,-1,-1,-1
66,18,1003.60,187.96,61.01,173.78,0.3622,-1,-1,-1
66,19,386.47,919.00,106.01,160.84,0.5605,-1,-1,-1
67,1,402.30,333.90,84.06,230.02,0.7944,-1,-1,-1
67,2,102.78,546.70,75.60,247.57,0.7250,-1,-1,-1
67,3,1189.06,971.67,86.23,108.31,0.6942,-1,-1,-1
67,4,1720.40,459.10,75.15,207.00,0.5965,-1,-1,-1
67,5,1356.55,569.00,82.09,214.67,0.5982,-1,-1,-1
67,6,10.38,749.00,71.62,236.14,0.7028,-1,-1,-1
67,8,495.43,191.26,69.76,198.76,0.5657,-1,-1,-1
67,18,1002.60,187.98,60.01,174.84,0.4069,-1,-1,-1
67,19,385.92,914.37,105.84,164.48,0.6553,-1,-1,-1
68,1,402.86,333.22,84.16,227.78,0.7902,-1,-1,-1
68,2,102.68,546.63,75.83,247.75,0.7294,-1,-1,-1
68,3,1186.21,970.23,86.32,109.75,0.6957,-1,-1,-1
68,4,1721.12,459.38,74.50,206.95,0.6081,-1,-1,-1
68,5,1356.52,568.34,82.26,215.77,0.5953,-1,-1,-1
68,6,10.28,746.73,71.93,239.72,0.7077,-1,-1,-1
68,8,495.43,192.35,69.10,197.82,0.5750,-1,-1,-1
68,18,1001.28,188.32,60.89,176.17,0.4874,-1,-1,-1
68,19,385.26,911.72,106.34,166.49,0.7051,-1,-1,-1
69,1,402.76,332.20,85.10,226.28,0.7834,-1,-1,-1
69,2,102.73,546.66,75.44,248.09,0.7309,-1,-1,-1
69,3,1184.25,969.67,86.27,110.30,0.6797,-1,-1,-1
69,4,1722.06,457.72,74.64,210.86,0.5947,-1,-1,-1
69,5,1356.67,568.54,82.00,216.85,0.5962,-1,-1,-1
69,6,10.40,744.82,72.02,241.43,0.7102,-1,-1,-1
69,8,493.41,193.37,72.83,196.35,0.5869,-1,-1,-1
69,18,1000.58,188.25,61.68,176.91,0.5338,-1,-1,-1
69,19,384.78,909.92,106.83,168.63,0.6853,-1,-1,-1
70,1,402.81,331.29,85.79,224.56,0.7903,-1,-1,-1
70,2,103.04,546.41,74.94,248.33,0.7319,-1,-1,-1
70,3,1182.64,969.15,86.02,110.82,0.6649,-1,-1,-1
70,4,1722.68,456.10,74.43,212.04,0.6157,-1,-1,-1
70,5,1356.39,568.41,82.81,217.49,0.6087,-1,-1,-1
70,6,10.83,743.15,71.88,239.06,0.7152,-1,-1,-1
70,8,491.46,195.07,76.26,194.45,0.5919,-1,-1,-1
70,18,1000.17,188.11,61.50,177.74,0.5581,-1,-1,-1
70,19,384.30,907.21,107.21,171.99,0.6793,-1,-1,-1
71,1,403.09,329.96,85.64,223.81,0.7909,-1,-1,-1
71,2,102.51,545.49,75.68,249.82,0.7292,-1,-1,-1
71,3,1181.36,968.33,86.10,111.65,0.6676,-1,-1,-1
71,4,1722.50,456.42,74.69,211.42,0.6225,-1,-1,-1
71,5,1356.81,568.67,82.36,218.40,0.5627,-1,-1,-1
71,6,11.40,741.45,72.14,233.61,0.7212,-1,-1,-1
71,8,491.93,194.03,77.30,195.59,0.6135,-1,-1,-1
71,18,998.84,188.33,60.60,178.09,0.5614,-1,-1,-1
71,19,381.76,904.85,109.89,174.84,0.7093,-1,-1,-1
71,11,786.60,150.89,76.60,219.27,0.3588,-1,-1,-1
72,1,403.36,328.51,85.68,224.90,0.7885,-1,-1,-1
72,2,102.26,544.83,75.93,250.50,0.7259,-1,-1,-1
72,3,1180.15,966.45,85.61,113.56,0.5933,-1,-1,-1
72,4,1722.47,456.86,74.53,210.72,0.6192,-1,-1,-1
72,5,1357.09,569.02,82.26,218.29,0.6062,-1,-1,-1
72,6,11.03,738.32,73.16,230.03,0.7274,-1,-1,-1
72,8,488.86,193.81,81.94,196.17,0.5970,-1,-1,-1
72,18,998.17,188.66,59.03,178.74,0.5725,-1,-1,-1
72,19,380.41,903.18,110.93,176.75,0.7213,-1,-1,-1
72,11,780.55,147.87,82.26,222.15,0.3792,-1,-1,-1
72,15,843.83,169.44,52.90,176.19,0.3494,-1,-1,-1
73,1,404.20,327.63,85.18,226.34,0.7872,-1,-1,-1
73,2,102.00,545.04,76.20,250.23,0.7321,-1,-1,-1
73,3,1179.17,965.31,86.06,114.68,0.6094,-1,-1,-1
73,4,1722.72,456.28,74.57,212.54,0.6133,-1,-1,-1
73,5,1356.95,569.34,82.81,216.72,0.6160,-1,-1,-1
73,6,10.86,734.95,73.96,229.32,0.7478,-1,-1,-1
73,8,486.25,193.51,86.08,196.68,0.5927,-1,-1,-1
73,18,997.02,189.49,57.79,178.91,0.5500,-1,-1,-1
73,19,379.04,902.04,112.11,177.95,0.7151,-1,-1,-1
73,11,775.77,148.22,86.52,220.90,0.3039,-1,-1,-1
73,15,844.54,170.39,52.11,177.51,0.3473,-1,-1,-1
74,1,405.03,327.34,84.46,226.26,0.7842,-1,-1,-1
74,2,102.20,545.40,75.64,249.21,0.7220,-1,-1,-1
74,3,1178.09,964.89,86.99,115.11,0.6237,-1,-1,-1
74,4,1722.20,458.93,74.34,208.64,0.5958,-1,-1,-1
74,5,1356.63,569.55,82.89,215.52,0.6195,-1,-1,-1
74,6,10.88,732.38,74.61,226.50,0.7514,-1,-1,-1
74,8,485.05,194.73,88.21,195.46,0.5599,-1,-1,-1
74,18,997.46,190.09,55.54,180.56,0.5586,-1,-1,-1
74,19,378.72,900.32,112.16,179.71,0.6885,-1,-1,-1
74,11,771.66,147.56,91.01,222.30,0.2793,-1,-1,-1
74,15,844.48,171.26,53.03,179.13,0.3055,-1,-1,-1
75,1,405.21,326.72,84.38,226.67,0.7785,-1,-1,-1
75,2,101.92,545.18,75.51,249.47,0.7284,-1,-1,-1
75,3,1176.95,964.45,88.11,115.57,0.6363,-1,-1,-1
75,4,1722.19,457.67,74.40,211.07,0.6187,-1,-1,-1
75,5,1356.76,569.93,82.58,212.95,0.6548,-1,-1,-1
75,6,10.71,730.88,74.76,226.99,0.7486,-1,-1,-1
75,8,483.40,196.23,89.44,194.19,0.5708,-1,-1,-1
75,18,995.22,189.57,56.90,183.08,0.6141,-1,-1,-1
75,19,379.03,898.16,111.49,181.89,0.6778,-1,-1,-1
75,15,843.24,171.96,54.43,183.82,0.3013,-1,-1,-1
76,1,406.36,326.28,83.45,227.27,0.7724,-1,-1,-1
76,2,102.00,544.41,75.04,250.21,0.7220,-1,-1,-1
76,3,1176.45,963.86,88.58,116.12,0.6886,-1,-1,-1
76,4,1721.48,459.07,74.54,207.90,0.6303,-1,-1,-1
76,5,1356.34,570.39,83.01,212.54,0.6477,-1,-1,-1
76,6,10.85,729.11,74.45,229.54,0.7470,-1,-1,-1
76,8,485.14,199.23,87.97,191.99,0.5540,-1,-1,-1
76,18,994.17,189.40,57.26,182.49,0.5748,-1,-1,-1
76,19,380.21,895.29,109.48,184.69,0.6904,-1,-1,-1
76,15,842.13,172.62,54.66,184.92,0.2411,-1,-1,-1
77,1,406.97,325.20,83.39,228.78,0.7668,-1,-1,-1
77,2,102.12,544.22,74.22,250.34,0.7224,-1,-1,-1
77,3,1176.24,963.65,88.46,116.31,0.6972,-1,-1,-1
77,4,1721.23,458.92,74.64,206.70,0.6226,-1,-1,-1
77,5,1355.95,570.00,84.28,214.17,0.6321,-1,-1,-1
77,6,11.01,727.63,74.29,230.59,0.7515,-1,-1,-1
77,8,491.01,201.25,81.44,189.48,0.5687,-1,-1,-1
77,18,993.33,190.07,57.87,181.22,0.5922,-1,-1,-1
77,19,381.79,893.02,107.28,186.93,0.7466,-1,-1,-1
77,15,842.10,173.67,54.82,184.33,0.2409,-1,-1,-1
78,1,407.00,324.62,83.44,229.27,0.7694,-1,-1,-1
78,2,101.89,544.21,73.86,250.08,0.7233,-1,-1,-1
78,3,1175.99,963.07,88.49,116.92,0.7207,-1,-1,-1
78,4,1720.96,459.61,75.13,205.89,0.6372,-1,-1,-1
78,5,1355.56,571.07,85.02,214.34,0.6380,-1,-1,-1
78,6,10.88,726.52,75.46,232.87,0.7458,-1,-1,-1
78,8,490.79,204.35,79.42,187.10,0.6007,-1,-1,-1
78,18,993.70,189.37,56.84,181.31,0.5644,-1,-1,-1
78,19,382.52,890.74,105.69,189.28,0.7540,-1,-1,-1
79,1,407.89,324.28,82.61,230.11,0.7798,-1,-1,-1
79,2,102.03,544.92,73.49,248.89,0.7258,-1,-1,-1
79,3,1175.87,962.91,88.28,117.05,0.7240,-1,-1,-1
79,4,1720.87,458.92,74.91,206.44,0.6468,-1,-1,-1
79,5,1355.29,572.09,85.25,213.69,0.6071,-1,-1,-1
79,6,11.60,725.97,75.79,232.96,0.7472,-1,-1,-1
79,8,489.97,203.40,80.56,190.74,0.5841,-1,-1,-1
79,18,992.43,190.30,57.71,179.37,0.5754,-1,-1,-1
79,19,384.81,887.49,102.95,192.49,0.7680,-1,-1,-1
80,1,409.26,324.02,81.33,229.68,0.7780,-1,-1,-1
80,2,102.20,545.32,73.07,248.42,0.7273,-1,-1,-1
80,3,1175.24,962.35,88.38,117.60,0.7371,-1,-1,-1
80,4,1720.98,459.67,75.04,206.08,0.6344,-1,-1,-1
80,5,1355.99,572.20,85.70,215.93,0.5754,-1,-1,-1
80,6,12.36,724.95,76.59,233.73,0.7277,-1,-1,-1
80,8,491.05,203.71,79.89,193.27,0.5726,-1,-1,-1
80,18,991.10,190.48,58.21,182.80,0.6078,-1,-1,-1
80,19,386.43,882.94,101.01,197.00,0.7885,-1,-1,-1
81,1,410.00,323.65,80.59,228.15,0.7615,-1,-1,-1
81,2,102.54,545.03,72.35,248.48,0.7278,-1,-1,-1
81,3,1175.97,961.91,87.10,118.12,0.7442,-1,-1,-1
81,4,1721.35,459.43,74.90,206.29,0.6201,-1,-1,-1
81,5,1355.71,571.97,85.99,217.19,0.5507,-1,-1,-1
81,6,12.96,724.42,75.86,233.74,0.7207,-1,-1,-1
81,8,491.80,204.38,79.05,195.66,0.5468,-1,-1,-1
81,18,989.98,191.19,58.29,182.88,0.6100,-1,-1,-1
81,19,387.58,879.42,99.92,200.62,0.7855,-1,-1,-1
82,1,411.89,323.38,79.86,226.94,0.7528,-1,-1,-1
82,2,102.44,545.65,72.19,247.26,0.7279,-1,-1,-1
82,3,1175.91,961.39,86.01,118.62,0.7317,-1,-1,-1
82,4,1721.41,459.43,74.63,206.52,0.6201,-1,-1,-1
82,5,1355.78,572.02,85.92,217.53,0.5451,-1,-1,-1
82,6,13.50,722.14,76.89,235.72,0.7266,-1,-1,-1
82,8,493.84,206.66,77.30,195.11,0.5545,-1,-1,-1
82,18,988.81,191.18,57.81,183.24,0.6095,-1,-1,-1
82,19,387.24,875.83,100.97,204.19,0.7833,-1,-1,-1
83,1,412.22,322.06,80.83,226.36,0.7641,-1,-1,-1
83,2,102.09,545.71,72.26,247.34,0.7278,-1,-1,-1
83,3,1175.46,961.50,85.06,118.46,0.7057,-1,-1,-1
83,4,1721.89,459.66,73.94,205.30,0.6159,-1,-1,-1
83,5,1356.05,571.53,85.85,218.64,0.5500,-1,-1,-1
83,6,14.71,720.39,76.15,237.26,0.7177,-1,-1,-1
83,8,494.32,207.29,78.16,195.04,0.5793,-1,-1,-1
83,18,987.36,191.56,57.68,182.76,0.5994,-1,-1,-1
83,19,387.99,873.17,101.20,206.76,0.7796,-1,-1,-1
84,1,413.42,320.41,80.13,226.02,0.7627,-1,-1,-1
84,2,102.19,545.85,72.33,247.36,0.7183,-1,-1,-1
84,3,1174.85,961.33,84.62,118.62,0.7224,-1,-1,-1
84,4,1721.70,459.57,74.32,205.68,0.5940,-1,-1,-1
84,5,1356.24,571.93,85.53,217.24,0.5437,-1,-1,-1
84,6,14.67,718.63,75.72,239.13,0.7199,-1,-1,-1
84,8,495.62,208.33,77.44,196.22,0.5983,-1,-1,-1
84,18,986.11,191.87,57.50,182.46,0.6085,-1,-1,-1
84,19,388.34,870.81,101.94,209.13,0.7700,-1,-1,-1
84,10,793.99,149.05,55.44,170.72,0.3684,-1,-1,-1
85,1,413.73,318.81,81.23,224.87,0.7575,-1,-1,-1
85,2,101.95,545.25,72.80,248.64,0.7187,-1,-1,-1
85,3,1174.53,961.31,84.06,118.65,0.7154,-1,-1,-1
85,4,1721.26,460.27,74.88,205.66,0.5994,-1,-1,-1
85,5,1356.54,572.61,85.98,220.55,0.4904,-1,-1,-1
85,6,15.92,717.55,76.35,240.12,0.7212,-1,-1,-1
85,8,496.10,209.31,77.38,195.41,0.5914,-1,-1,-1
85,18,983.73,191.01,58.90,184.38,0.5486,-1,-1,-1
85,19,388.81,868.83,102.38,211.14,0.7789,-1,-1,-1
85,10,793.59,149.21,55.01,171.10,0.3151,-1,-1,-1
86,1,414.49,317.57,81.41,222.37,0.7630,-1,-1,-1
86,2,102.01,545.86,73.15,247.70,0.7209,-1,-1,-1
86,3,1173.04,961.07,84.92,118.91,0.7081,-1,-1,-1
86,4,1721.75,458.30,75.03,208.56,0.6081,-1,-1,-1
86,5,1357.16,573.61,85.30,215.86,0.5336,-1,-1,-1
86,6,17.17,716.05,75.99,236.83,0.7461,-1,-1,-1
86,8,496.30,209.39,78.06,197.21,0.6102,-1,-1,-1
86,18,981.24,191.36,60.13,184.93,0.4825,-1,-1,-1
86,19,389.42,866.41,102.60,213.60,0.7884,-1,-1,-1
86,10,793.19,149.30,55.80,172.55,0.3062,-1,-1,-1
87,1,414.41,316.65,83.20,220.80,0.7753,-1,-1,-1
87,2,102.03,545.72,73.43,247.32,0.7339,-1,-1,-1
87,3,1173.06,960.66,83.81,119.31,0.7056,-1,-1,-1
87,4,1721.37,459.68,74.66,207.17,0.6337,-1,-1,-1
87,5,1357.11,573.73,84.50,215.37,0.5166,-1,-1,-1
87,6,18.69,713.96,74.73,228.92,0.7605,-1,-1,-1
87,8,496.10,210.04,79.62,196.27,0.6204,-1,-1,-1
87,18,979.15,191.80,61.61,182.23,0.4578,-1,-1,-1
87,19,389.82,864.37,103.41,215.60,0.7884,-1,-1,-1
87,10,792.39,149.13,56.74,173.59,0.3228,-1,-1,-1
87,11,746.74,185.94,52.95,179.03,0.4062,-1,-1,-1
87,15,835.23,179.62,61.16,189.08,0.3396,-1,-1,-1
88,1,414.20,315.48,84.47,220.10,0.7855,-1,-1,-1
88,2,102.03,546.10,73.52,246.57,0.7177,-1,-1,-1
88,3,1171.41,960.24,84.02,119.71,0.7422,-1,-1,-1
88,4,1720.90,460.04,74.82,206.56,0.6468,-1,-1,-1
88,5,1357.25,573.12,84.26,215.86,0.5495,-1,-1,-1
88,6,18.68,710.80,74.95,226.76,0.7287,-1,-1,-1
88,8,496.97,209.83,80.85,197.49,0.6166,-1,-1,-1
88,18,976.98,191.31,63.01,185.46,0.4209,-1,-1,-1
88,19,390.24,862.06,104.87,217.89,0.8054,-1,-1,-1
88,10,792.07,150.00,56.69,171.53,0.3240,-1,-1,-1
88,11,742.86,187.40,55.13,176.76,0.3602,-1,-1,-1
88,15,834.88,179.72,61.96,189.04,0.2770,-1,-1,-1
89,1,414.24,314.00,84.70,219.91,0.7766,-1,-1,-1
89,2,101.97,546.27,73.54,245.81,0.7233,-1,-1,-1
89,3,1171.09,959.80,82.18,120.11,0.7522,-1,-1,-1
89,4,1720.33,459.33,74.92,207.19,0.6361,-1,-1,-1
89,5,1357.19,573.62,84.44,217.38,0.5392,-1,-1,-1
89,6,18.32,706.54,76.27,227.22,0.7358,-1,-1,-1
89,8,497.45,208.87,82.47,199.01,0.6147,-1,-1,-1
89,18,975.56,192.91,63.80,185.18,0.4931,-1,-1,-1
89,19,391.30,860.92,104.18,219.04,0.8131,-1,-1,-1
89,10,791.40,150.15,55.97,172.77,0.2970,-1,-1,-1
89,11,738.14,189.07,58.64,175.45,0.2844,-1,-1,-1
89,15,834.23,174.70,58.15,190.24,0.2415,-1,-1,-1
90,1,414.84,312.60,84.47,220.13,0.7463,-1,-1,-1
90,2,101.74,546.59,73.73,245.32,0.7134,-1,-1,-1
90,3,1170.55,958.84,81.21,121.15,0.7640,-1,-1,-1
90,4,1720.37,459.40,74.59,206.85,0.6227,-1,-1,-1
90,5,1356.96,573.31,83.43,216.75,0.5371,-1,-1,-1
90,6,19.84,704.12,74.98,227.52,0.7339,-1,-1,-1
90,8,498.63,207.99,83.72,199.08,0.5991,-1,-1,-1
90,18,974.18,194.73,64.71,184.89,0.4124,-1,-1,-1
90,19,392.29,859.65,103.25,220.37,0.8173,-1,-1,-1
90,10,791.03,150.38,56.10,174.77,0.2614,-1,-1,-1
90,11,731.69,190.48,65.94,173.59,0.2119,-1,-1,-1
90,15,833.14,174.18,55.75,189.46,0.2754,-1,-1,-1
91,1,416.00,311.19,82.98,222.01,0.7442,-1,-1,-1
91,2,102.00,546.88,73.65,244.81,0.7042,-1,-1,-1
91,3,1169.52,957.64,80.81,122.35,0.7737,-1,-1,-1
91,4,1720.20,460.01,74.62,206.66,0.6289,-1,-1,-1
91,5,1356.84,572.41,83.69,219.07,0.5257,-1,-1,-1
91,6,21.01,701.19,74.21,226.93,0.7229,-1,-1,-1
91,8,500.98,208.51,80.60,199.27,0.5637,-1,-1,-1
91,18,973.63,193.94,63.74,184.26,0.3692,-1,-1,-1
91,19,392.24,857.65,103.94,222.37,0.8023,-1,-1,-1
91,10,791.29,149.80,55.64,185.55,0.2685,-1,-1,-1
91,11,732.69,191.68,62.05,172.74,0.1596,-1,-1,-1
91,15,832.47,173.94,56.59,190.03,0.2232,-1,-1,-1
92,1,416.67,310.66,82.68,223.24,0.7394,-1,-1,-1
92,2,102.14,546.80,73.47,244.91,0.7011,-1,-1,-1
92,3,1169.02,956.99,79.46,123.01,0.7608,-1,-1,-1
92,4,1720.57,460.02,74.53,206.78,0.6310,-1,-1,-1
92,5,1357.15,572.37,83.13,216.97,0.5328,-1,-1,-1
92,6,22.16,697.44,72.79,228.62,0.7176,-1,-1,-1
92,8,500.65,211.28,79.95,196.62,0.5911,-1,-1,-1
92,18,972.37,195.38,63.38,183.38,0.3984,-1,-1,-1
92,19,392.75,854.61,103.02,225.41,0.7953,-1,-1,-1
92,10,791.88,148.19,54.52,192.84,0.2663,-1,-1,-1
92,11,730.83,192.13,58.47,173.10,0.1617,-1,-1,-1
92,15,831.10,175.94,57.39,188.67,0.1696,-1,-1,-1
93,1,417.17,309.72,82.51,224.41,0.7306,-1,-1,-1
93,2,102.19,547.00,73.08,244.73,0.6920,-1,-1,-1
93,3,1168.20,956.63,78.54,123.38,0.7792,-1,-1,-1
93,4,1720.65,460.03,74.66,206.50,0.6208,-1,-1,-1
93,5,1357.00,572.06,82.84,216.64,0.5182,-1,-1,-1
93,6,23.33,697.25,71.62,226.32,0.7093,-1,-1,-1
93,8,501.48,210.00,79.25,198.05,0.5532,-1,-1,-1
93,18,972.33,195.46,62.51,185.61,0.3527,-1,-1,-1
93,19,393.62,851.37,102.82,228.65,0.8024,-1,-1,-1
93,10,792.12,147.87,53.74,193.74,0.2299,-1,-1,-1
93,11,730.29,192.24,54.19,172.94,0.1723,-1,-1,-1
94,1,417.24,309.10,82.48,224.83,0.7310,-1,-1,-1
94,2,102.11,547.25,73.47,244.57,0.6883,-1,-1,-1
94,3,1167.40,955.74,77.18,124.30,0.7913,-1,-1,-1
94,4,1721.29,460.12,74.49,206.88,0.6233,-1,-1,-1
94,5,1356.94,572.30,83.30,217.09,0.4741,-1,-1,-1
94,6,23.69,696.75,70.99,225.06,0.7143,-1,-1,-1
94,8,501.51,210.93,78.16,198.87,0.5256,-1,-1,-1
94,18,971.65,196.78,62.20,186.04,0.3334,-1,-1,-1
94,19,394.22,849.08,102.73,231.03,0.7916,-1,-1,-1
94,10,791.47,148.38,54.27,192.31,0.2225,-1,-1,-1
95,1,416.85,308.01,82.75,226.25,0.7427,-1,-1,-1
95,2,101.98,547.21,73.67,244.33,0.6853,-1,-1,-1
95,3,1165.90,954.15,77.31,125.85,0.7874,-1,-1,-1
95,4,1721.59,460.06,73.69,206.92,0.6117,-1,-1,-1
95,5,1356.85,573.28,83.34,216.49,0.4456,-1,-1,-1
95,6,25.12,695.85,69.51,225.73,0.7151,-1,-1,-1
95,8,503.04,212.71,76.74,199.23,0.4969,-1,-1,-1
95,18,970.83,197.33,61.86,187.85,0.3203,-1,-1,-1
95,19,395.08,844.67,101.55,235.37,0.7974,-1,-1,-1
95,10,790.04,149.48,56.71,199.75,0.1732,-1,-1,-1
96,1,417.57,307.22,83.60,226.87,0.7600,-1,-1,-1
96,2,101.83,547.06,73.63,243.97,0.6778,-1,-1,-1
96,3,1164.94,953.28,76.18,126.72,0.7955,-1,-1,-1
96,4,1721.57,459.35,73.66,207.03,0.6219,-1,-1,-1
96,5,1356.85,573.37,84.23,219.89,0.4978,-1,-1,-1
96,6,26.04,694.06,68.57,228.13,0.7193,-1,-1,-1
96,8,506.45,212.28,77.91,202.78,0.5504,-1,-1,-1
96,18,968.87,199.11,61.39,189.60,0.4080,-1,-1,-1
96,19,395.37,841.63,100.83,238.41,0.8076,-1,-1,-1
96,10,790.24,150.39,57.07,207.04,0.1545,-1,-1,-1
97,1,417.64,306.64,83.41,227.32,0.7582,-1,-1,-1
97,2,101.88,547.09,73.52,244.58,0.6833,-1,-1,-1
97,3,1163.58,951.88,75.14,128.14,0.7830,-1,-1,-1
97,4,1721.75,459.40,73.94,207.56,0.6386,-1,-1,-1
97,5,1356.64,572.75,83.95,221.07,0.5215,-1,-1,-1
97,6,25.84,692.96,68.80,228.54,0.7185,-1,-1,-1
97,8,509.08,213.30,75.81,204.11,0.5288,-1,-1,-1
97,18,966.81,199.50,61.25,190.69,0.3787,-1,-1,-1
97,19,395.60,840.55,99.00,239.52,0.8020,-1,-1,-1
98,1,418.20,305.31,82.93,228.70,0.7627,-1,-1,-1
98,2,101.74,546.90,73.51,244.66,0.6731,-1,-1,-1
98,3,1161.53,949.88,75.68,130.13,0.7766,-1,-1,-1
98,4,1721.92,456.83,73.92,210.41,0.6372,-1,-1,-1
98,5,1357.00,573.06,82.46,219.13,0.5183,-1,-1,-1
98,6,26.02,692.30,68.81,229.04,0.7197,-1,-1,-1
98,8,510.80,214.19,73.93,204.65,0.5613,-1,-1,-1
98,18,964.82,199.85,61.87,190.56,0.4792,-1,-1,-1
98,19,395.40,838.73,97.61,241.31,0.8025,-1,-1,-1
99,1,418.61,304.86,83.21,228.86,0.7623,-1,-1,-1
99,2,101.68,546.60,73.54,245.01,0.6740,-1,-1,-1
99,3,1159.89,947.25,76.26,132.76,0.7661,-1,-1,-1
99,4,1722.12,458.49,73.66,208.98,0.6248,-1,-1,-1
99,5,1357.06,573.46,82.03,215.02,0.5439,-1,-1,-1
99,6,26.59,691.64,68.90,228.99,0.7220,-1,-1,-1
99,8,512.51,214.62,71.62,204.73,0.5247,-1,-1,-1
99,18,962.95,200.44,61.71,190.12,0.4278,-1,-1,-1
99,19,395.07,834.76,97.08,245.27,0.8040,-1,-1,-1
100,1,419.53,303.47,83.07,229.32,0.7518,-1,-1,-1
100,2,101.85,545.61,73.17,247.43,0.6635,-1,-1,-1
100,3,1158.86,946.17,75.13,133.86,0.7549,-1,-1,-1
100,4,1721.97,459.16,73.70,208.29,0.6092,-1,-1,-1
100,5,1356.93,574.00,82.15,214.48,0.5219,-1,-1,-1
100,6,26.82,690.10,69.77,229.66,0.7321,-1,-1,-1
100,8,512.08,214.24,70.68,206.50,0.4418,-1,-1,-1
100,18,961.50,201.43,60.89,188.94,0.4511,-1,-1,-1
100,19,394.18,831.98,96.96,248.05,0.7951,-1,-1,-1
101,1,419.92,302.34,83.38,229.57,0.7660,-1,-1,-1
101,2,102.01,545.21,73.16,248.28,0.6691,-1,-1,-1
101,3,1157.34,945.38,74.68,134.16,0.7602,-1,-1,-1
101,4,1721.80,459.54,74.02,208.03,0.6193,-1,-1,-1
101,5,1356.87,574.38,82.31,214.50,0.5131,-1,-1,-1
101,6,28.00,688.03,69.65,227.33,0.7360,-1,-1,-1
101,8,512.22,216.24,71.21,207.39,0.5113,-1,-1,-1
101,18,960.20,202.06,60.40,185.28,0.4394,-1,-1,-1
101,19,392.57,830.05,97.50,249.97,0.7904,-1,-1,-1
101,21,1167.55,162.91,85.00,160.60,0.3462,-1,-1,-1
102,1,420.62,300.37,82.80,229.81,0.7644,-1,-1,-1
102,2,102.27,544.76,73.23,248.66,0.6745,-1,-1,-1
102,3,1156.16,944.14,73.37,134.80,0.7409,-1,-1,-1
102,4,1721.93,459.95,73.57,207.37,0.6224,-1,-1,-1
102,5,1356.88,574.37,82.47,216.41,0.5021,-1,-1,-1
102,6,28.34,685.48,69.92,224.79,0.7533,-1,-1,-1
102,8,512.53,217.23,71.74,207.60,0.5148,-1,-1,-1
102,18,957.78,203.22,60.60,183.98,0.4930,-1,-1,-1
102,19,390.99,827.23,98.60,252.75,0.7981,-1,-1,-1
102,21,1167.89,157.48,79.30,166.49,0.2630,-1,-1,-1
103,1,420.61,299.18,82.70,228.54,0.7478,-1,-1,-1
103,2,102.34,544.73,73.12,249.16,0.6718,-1,-1,-1
103,3,1154.69,941.74,72.36,136.98,0.7410,-1,-1,-1
103,4,1721.35,459.93,74.19,206.80,0.6110,-1,-1,-1
103,5,1357.21,574.03,82.79,217.78,0.4881,-1,-1,-1
103,6,30.23,684.20,69.23,220.93,0.7641,-1,-1,-1
103,8,511.87,217.01,73.37,209.64,0.5130,-1,-1,-1
103,18,954.88,201.55,60.95,184.74,0.4965,-1,-1,-1
103,19,389.17,825.40,100.21,254.64,0.7944,-1,-1,-1
103,21,1168.26,154.86,73.47,168.50,0.2512,-1,-1,-1
104,1,421.11,298.90,81.75,225.66,0.7410,-1,-1,-1
104,2,102.62,544.13,72.99,249.98,0.6567,-1,-1,-1
104,3,1152.48,941.28,71.21,137.41,0.7273,-1,-1,-1
104,4,1721.55,459.41,73.43,206.80,0.6162,-1,-1,-1
104,5,1357.27,574.27,83.04,218.71,0.4486,-1,-1,-1
104,6,32.10,682.16,68.43,220.02,0.7643,-1,-1,-1
104,8,512.59,216.85,75.61,209.98,0.5278,-1,-1,-1
104,18,952.86,201.65,60.90,184.83,0.4648,-1,-1,-1
104,19,387.53,822.77,101.50,257.22,0.8052,-1,-1,-1
104,21,1167.80,153.69,67.98,167.88,0.2354,-1,-1,-1
105,1,420.91,298.14,82.22,220.98,0.7366,-1,-1,-1
105,2,102.78,544.28,73.13,249.84,0.6829,-1,-1,-1
105,3,1151.05,940.47,69.82,137.77,0.7222,-1,-1,-1
105,4,1721.28,458.96,74.27,206.94,0.6148,-1,-1,-1
105,5,1357.13,574.25,84.73,224.00,0.4627,-1,-1,-1
105,6,34.65,680.91,67.98,221.26,0.7763,-1,-1,-1
105,8,514.14,220.25,74.19,206.38,0.5061,-1,-1,-1
105,18,950.84,201.24,60.67,186.55,0.4982,-1,-1,-1
105,19,386.83,821.02,101.99,258.97,0.8103,-1,-1,-1
105,21,1165.97,153.39,67.04,168.57,0.2125,-1,-1,-1
106,1,421.39,297.03,81.77,217.04,0.7385,-1,-1,-1
106,2,102.99,545.37,73.16,248.92,0.6617,-1,-1,-1
106,3,1149.85,939.70,68.87,138.82,0.7098,-1,-1,-1
106,4,1721.33,459.54,74.00,206.77,0.6220,-1,-1,-1
106,5,1357.18,574.40,83.08,220.57,0.4964,-1,-1,-1
106,6,35.83,679.68,69.96,222.16,0.7827,-1,-1,-1
106,8,514.29,220.15,73.73,205.91,0.4992,-1,-1,-1
106,18,949.11,201.44,60.00,186.36,0.5160,-1,-1,-1
106,19,385.78,819.05,102.41,260.95,0.8043,-1,-1,-1
106,21,1165.54,152.51,63.95,169.34,0.2378,-1,-1,-1
107,1,421.15,295.75,81.70,215.78,0.7489,-1,-1,-1
107,2,103.18,545.93,73.23,249.01,0.6631,-1,-1,-1
107,3,1147.83,938.35,69.86,140.29,0.7247,-1,-1,-1
107,4,1721.03,459.57,74.29,206.77,0.6308,-1,-1,-1
107,5,1356.94,574.36,84.39,222.77,0.4665,-1,-1,-1
107,6,36.34,678.79,74.46,222.23,0.7871,-1,-1,-1
107,8,514.41,222.98,72.71,202.96,0.5120,-1,-1,-1
107,18,948.74,203.74,58.88,186.52,0.5247,-1,-1,-1
107,19,385.49,817.57,101.55,262.39,0.8076,-1,-1,-1
107,21,1164.90,152.95,59.81,167.51,0.2947,-1,-1,-1
108,1,421.05,294.38,81.87,216.03,0.7383,-1,-1,-1
108,2,103.15,545.87,73.68,250.18,0.6416,-1,-1,-1
108,3,1145.88,937.73,70.49,140.58,0.7298,-1,-1,-1
108,4,1720.88,459.18,74.33,207.02,0.6401,-1,-1,-1
108,5,1356.88,574.92,85.09,221.98,0.4991,-1,-1,-1
108,6,37.18,676.96,78.98,224.09,0.8082,-1,-1,-1
108,8,515.41,223.84,69.21,202.32,0.4524,-1,-1,-1
108,18,946.44,205.11,59.92,188.63,0.5481,-1,-1,-1
108,19,385.57,815.95,100.81,263.96,0.8065,-1,-1,-1
108,21,1163.10,152.68,56.74,169.10,0.3970,-1,-1,-1
109,1,420.06,293.78,83.23,216.04,0.7413,-1,-1,-1
109,2,103.11,545.61,73.50,251.33,0.6548,-1,-1,-1
109,3,1143.88,936.95,70.91,141.93,0.7533,-1,-1,-1
109,4,1721.54,458.82,73.31,206.51,0.6151,-1,-1,-1
109,5,1356.65,575.45,83.62,218.13,0.5245,-1,-1,-1
109,6,38.21,675.99,79.06,225.07,0.8145,-1,-1,-1
109,8,515.88,225.17,67.72,201.14,0.4467,-1,-1,-1
109,18,945.32,204.97,59.37,188.40,0.6071,-1,-1,-1
109,19,385.55,811.92,100.05,268.03,0.8131,-1,-1,-1
109,21,1161.33,152.73,55.81,168.12,0.3705,-1,-1,-1
110,1,419.63,291.79,84.26,217.83,0.7467,-1,-1,-1
110,2,103.08,545.07,73.58,253.85,0.6552,-1,-1,-1
110,3,1141.17,936.55,72.00,142.87,0.7566,-1,-1,-1
110,4,1721.47,459.24,73.56,207.47,0.6224,-1,-1,-1
110,5,1356.68,576.05,84.14,218.09,0.5024,-1,-1,-1
110,6,39.09,673.78,85.82,225.97,0.7994,-1,-1,-1
110,8,514.83,227.14,65.13,198.87,0.4354,-1,-1,-1
110,18,944.49,205.84,58.02,187.24,0.6181,-1,-1,-1
110,19,385.99,806.82,98.75,273.12,0.8169,-1,-1,-1
110,21,1158.78,150.45,56.76,172.35,0.3678,-1,-1,-1
111,1,419.88,289.40,84.76,220.83,0.7341,-1,-1,-1
111,2,102.85,544.79,73.46,255.06,0.6583,-1,-1,-1
111,3,1138.70,935.86,72.77,143.92,0.7606,-1,-1,-1
111,4,1721.79,457.11,73.49,209.67,0.5936,-1,-1,-1
111,5,1356.78,575.95,82.46,214.46,0.5081,-1,-1,-1
111,6,40.92,671.68,89.42,226.16,0.7702,-1,-1,-1
111,8,516.02,227.77,70.68,199.07,0.5173,-1,-1,-1
111,18,942.76,206.81,58.78,187.11,0.6484,-1,-1,-1
111,19,387.15,802.29,97.67,277.66,0.8207,-1,-1,-1
111,21,1155.17,149.63,55.71,171.14,0.3393,-1,-1,-1
112,1,419.49,288.01,84.97,222.31,0.7348,-1,-1,-1
112,2,103.11,544.81,72.91,255.14,0.6414,-1,-1,-1
112,3,1137.80,934.82,72.48,145.15,0.7561,-1,-1,-1
112,4,1721.96,456.61,73.67,210.45,0.6127,-1,-1,-1
112,5,1357.19,575.38,81.53,212.45,0.5605,-1,-1,-1
112,6,43.24,670.36,90.27,226.04,0.7174,-1,-1,-1
112,8,517.24,230.51,72.73,198.21,0.5553,-1,-1,-1
112,18,940.91,208.95,59.20,185.75,0.6367,-1,-1,-1
112,19,388.19,799.79,96.47,277.50,0.8148,-1,-1,-1
112,21,1151.97,149.38,57.65,169.72,0.4271,-1,-1,-1
113,1,420.00,287.05,85.14,223.56,0.7437,-1,-1,-1
113,2,103.56,545.37,72.25,252.98,0.6696,-1,-1,-1
113,3,1135.40,934.27,73.38,145.77,0.7561,-1,-1,-1
113,4,1721.83,459.04,73.76,207.13,0.6321,-1,-1,-1
113,5,1356.86,575.43,82.93,215.24,0.5355,-1,-1,-1
113,6,45.51,669.87,83.99,225.36,0.6615,-1,-1,-1
113,8,518.01,232.92,73.22,198.12,0.5480,-1,-1,-1
113,18,940.04,210.01,58.34,185.38,0.6518,-1,-1,-1
113,19,388.37,797.46,95.94,274.42,0.8059,-1,-1,-1
113,21,1147.60,149.91,61.11,167.92,0.4302,-1,-1,-1
114,1,419.80,286.04,86.60,223.38,0.7351,-1,-1,-1
114,2,103.68,545.40,72.10,251.90,0.6596,-1,-1,-1
114,3,1133.31,933.41,73.32,146.60,0.7547,-1,-1,-1
114,4,1721.79,457.18,73.71,209.59,0.6197,-1,-1,-1
114,5,1356.92,575.35,82.29,215.18,0.5363,-1,-1,-1
114,6,47.91,668.09,82.97,225.94,0.6566,-1,-1,-1
114,8,519.31,234.90,74.01,200.17,0.5681,-1,-1,-1
114,18,937.56,209.90,58.49,185.54,0.6028,-1,-1,-1
114,19,388.90,794.27,95.72,272.52,0.8079,-1,-1,-1
114,21,1137.17,149.61,70.38,167.63,0.3072,-1,-1,-1
115,1,420.10,286.20,86.92,222.77,0.7587,-1,-1,-1
115,2,103.94,545.35,71.55,252.83,0.6313,-1,-1,-1
115,3,1129.84,933.46,74.96,146.55,0.7633,-1,-1,-1
115,4,1721.63,456.88,74.24,210.47,0.6517,-1,-1,-1
115,5,1356.99,575.06,82.66,214.30,0.5490,-1,-1,-1
115,6,52.19,666.08,82.19,226.93,0.6841,-1,-1,-1
115,8,521.09,236.40,74.73,201.02,0.6077,-1,-1,-1
115,18,936.88,210.57,57.49,184.32,0.6124,-1,-1,-1
115,19,389.21,790.92,97.18,271.09,0.8049,-1,-1,-1
115,21,1125.69,148.62,79.58,169.34,0.2876,-1,-1,-1
116,1,419.71,285.49,87.21,223.42,0.7554,-1,-1,-1
116,2,103.63,546.09,70.99,249.10,0.5932,-1,-1,-1
116,3,1127.06,933.79,75.17,146.18,0.7660,-1,-1,-1
116,4,1721.65,459.37,73.94,207.77,0.6297,-1,-1,-1
116,5,1356.62,574.99,83.51,216.86,0.5442,-1,-1,-1
116,6,57.68,664.71,78.32,222.87,0.6925,-1,-1,-1
116,8,520.69,236.12,74.69,202.45,0.5904,-1,-1,-1
116,18,935.12,211.14,58.13,182.91,0.5616,-1,-1,-1
116,19,390.25,788.21,98.16,272.47,0.8108,-1,-1,-1
116,21,1118.65,149.22,83.94,169.38,0.3418,-1,-1,-1
116,23,475.20,153.61,60.43,177.53,0.3677,-1,-1,-1
117,1,419.79,285.01,87.08,223.80,0.7546,-1,-1,-1
117,2,103.42,545.97,70.80,246.16,0.5549,-1,-1,-1
117,3,1124.53,933.90,75.77,145.67,0.7593,-1,-1,-1
117,4,1721.40,459.57,74.14,207.01,0.6431,-1,-1,-1
117,5,1356.21,575.67,84.46,220.07,0.5567,-1,-1,-1
117,6,65.24,664.31,75.05,218.34,0.7182,-1,-1,-1
117,8,520.67,236.50,74.38,203.28,0.5523,-1,-1,-1
117,18,934.15,211.14,56.82,181.18,0.5329,-1,-1,-1
117,19,390.29,786.54,99.40,272.65,0.8087,-1,-1,-1
117,21,1110.80,147.29,88.79,172.40,0.3494,-1,-1,-1
117,23,475.77,155.69,59.96,176.73,0.2546,-1,-1,-1
118,1,420.50,284.65,86.10,223.83,0.7446,-1,-1,-1
118,2,100.35,545.36,73.76,246.43,0.5335,-1,-1,-1
118,3,1121.50,933.88,77.22,145.82,0.7776,-1,-1,-1
118,4,1721.46,459.80,73.96,206.61,0.6523,-1,-1,-1
118,5,1356.45,575.97,83.92,216.02,0.5140,-1,-1,-1
118,6,70.87,665.49,71.99,213.28,0.6107,-1,-1,-1
118,8,520.38,235.97,74.53,206.18,0.5837,-1,-1,-1
118,18,930.87,211.43,58.43,182.77,0.5609,-1,-1,-1
118,19,390.29,784.82,100.87,275.30,0.7998,-1,-1,-1
118,21,1107.22,146.72,89.75,173.21,0.3865,-1,-1,-1
118,23,477.11,161.87,57.93,168.20,0.1742,-1,-1,-1
119,1,420.63,284.39,85.63,223.79,0.7466,-1,-1,-1
119,2,99.36,546.09,74.91,252.79,0.5138,-1,-1,-1
119,3,1118.30,933.98,78.06,145.97,0.7949,-1,-1,-1
119,4,1720.93,459.68,74.78,206.77,0.6540,-1,-1,-1
119,5,1356.73,575.85,83.53,217.21,0.4828,-1,-1,-1
119,6,76.06,667.89,71.95,209.59,0.5400,-1,-1,-1
119,8,520.34,237.17,73.26,207.07,0.6031,-1,-1,-1
119,18,930.28,210.97,56.79,184.98,0.5357,-1,-1,-1
119,19,391.76,783.55,100.62,275.22,0.8012,-1,-1,-1
119,21,1103.93,145.86,91.43,174.75,0.4330,-1,-1,-1
119,23,478.32,161.78,56.28,169.34,0.3114,-1,-1,-1
120,1,420.90,283.82,85.16,224.35,0.7468,-1,-1,-1
120,2,99.11,545.62,75.12,255.87,0.5082,-1,-1,-1
120,3,1114.77,933.52,78.71,146.47,0.7978,-1,-1,-1
120,4,1720.87,459.85,75.03,206.86,0.6276,-1,-1,-1
120,5,1356.51,576.99,83.26,213.52,0.4812,-1,-1,-1
120,6,81.03,666.53,69.75,207.77,0.5924,-1,-1,-1
120,8,520.97,239.87,71.83,203.97,0.5786,-1,-1,-1
120,18,929.09,211.20,56.73,186.11,0.5363,-1,-1,-1
120,19,392.46,782.27,100.65,275.35,0.8033,-1,-1,-1
120,21,1101.66,145.85,92.69,174.61,0.4382,-1,-1,-1
120,23,478.21,162.67,55.54,163.13,0.2519,-1,-1,-1
121,1,421.11,282.23,84.36,225.02,0.7512,-1,-1,-1
121,2,99.78,544.93,74.60,248.95,0.4923,-1,-1,-1
121,3,1110.98,932.86,79.73,147.16,0.7761,-1,-1,-1
121,4,1721.49,457.08,74.30,209.93,0.6353,-1,-1,-1
121,5,1356.50,576.32,82.87,213.00,0.5522,-1,-1,-1
121,6,82.05,664.45,71.67,210.11,0.6927,-1,-1,-1
121,8,521.81,242.33,68.85,200.84,0.5770,-1,-1,-1
121,18,927.06,211.40,57.30,186.72,0.4909,-1,-1,-1
121,19,392.82,780.20,100.99,276.63,0.8022,-1,-1,-1
121,21,1102.00,145.63,88.88,174.03,0.4002,-1,-1,-1
121,23,479.03,165.59,54.42,162.35,0.3195,-1,-1,-1
122,1,421.32,281.19,84.14,223.95,0.7521,-1,-1,-1
122,2,101.46,545.97,72.05,221.55,0.4591,-1,-1,-1
122,3,1107.05,932.37,80.46,147.64,0.7837,-1,-1,-1
122,4,1720.68,458.82,75.22,208.00,0.6479,-1,-1,-1
122,5,1356.62,576.18,83.75,215.56,0.4780,-1,-1,-1
122,6,84.29,661.76,74.83,212.54,0.6641,-1,-1,-1
122,8,521.41,242.71,67.06,199.93,0.5996,-1,-1,-1
122,18,925.95,211.40,56.25,187.04,0.4256,-1,-1,-1
122,19,392.66,779.21,101.74,277.10,0.7995,-1,-1,-1
122,21,1103.13,145.20,85.08,173.35,0.3583,-1,-1,-1
122,23,478.44,166.00,54.75,160.76,0.2968,-1,-1,-1
122,24,625.73,750.97,57.31,168.85,0.3503,-1,-1,-1
123,1,422.05,280.21,83.21,221.71,0.7330,-1,-1,-1
123,2,102.31,546.10,70.90,210.56,0.4804,-1,-1,-1
123,3,1104.52,931.60,79.96,148.08,0.7825,-1,-1,-1
123,4,1720.82,458.91,75.47,207.91,0.6469,-1,-1,-1
123,5,1356.55,576.41,83.93,213.46,0.5540,-1,-1,-1
123,6,85.39,659.38,76.25,213.98,0.6610,-1,-1,-1
123,8,521.69,244.37,66.37,197.49,0.5734,-1,-1,-1
123,18,925.28,210.27,56.01,188.49,0.4608,-1,-1,-1
123,19,392.46,777.91,102.07,277.25,0.7933,-1,-1,-1
123,21,1104.77,144.68,79.00,173.06,0.3435,-1,-1,-1
123,23,477.72,164.72,55.37,163.23,0.2990,-1,-1,-1
123,24,625.53,751.99,57.08,167.72,0.3276,-1,-1,-1
124,1,422.31,279.08,82.66,218.72,0.7284,-1,-1,-1
124,2,102.18,545.31,71.01,212.26,0.3543,-1,-1,-1
124,3,1101.31,930.24,79.84,149.22,0.7832,-1,-1,-1
124,4,1720.73,459.38,75.42,207.12,0.6137,-1,-1,-1
124,5,1356.72,576.36,83.67,214.22,0.5143,-1,-1,-1
124,6,90.85,657.12,72.70,216.14,0.5096,-1,-1,-1
124,8,522.49,244.97,68.14,197.52,0.5242,-1,-1,-1
124,18,923.06,210.13,56.66,188.64,0.4639,-1,-1,-1
124,19,393.16,777.34,102.62,275.11,0.7934,-1,-1,-1
124,21,1104.27,143.50,74.48,172.41,0.3047,-1,-1,-1
124,23,477.72,165.72,55.17,163.99,0.2217,-1,-1,-1
124,24,625.51,752.65,57.42,167.05,0.2634,-1,-1,-1
125,1,422.76,278.28,81.92,214.95,0.7079,-1,-1,-1
125,2,102.38,545.21,70.67,209.88,0.3387,-1,-1,-1
125,3,1097.70,929.69,80.20,150.00,0.7885,-1,-1,-1
125,4,1720.83,458.45,74.97,208.28,0.6329,-1,-1,-1
125,5,1356.97,575.99,83.24,214.70,0.4869,-1,-1,-1
125,6,96.28,654.01,67.37,219.35,0.4099,-1,-1,-1
125,8,522.85,247.10,67.45,192.67,0.5251,-1,-1,-1
125,18,921.20,210.45,56.26,188.81,0.4718,-1,-1,-1
125,19,393.36,775.14,102.18,276.10,0.7895,-1,-1,-1
125,21,1104.67,141.94,70.50,173.35,0.3247,-1,-1,-1
125,24,625.68,752.59,57.31,167.50,0.2412,-1,-1,-1
126,1,422.09,277.38,82.19,213.81,0.7058,-1,-1,-1
126,2,102.46,544.03,70.24,177.43,0.3044,-1,-1,-1
126,3,1094.13,929.13,80.83,150.50,0.8040,-1,-1,-1
126,4,1720.55,458.51,74.99,208.71,0.6346,-1,-1,-1
126,5,1357.40,575.99,82.44,213.15,0.5259,-1,-1,-1
126,6,99.51,653.51,65.49,218.95,0.2811,-1,-1,-1
126,8,523.16,248.55,67.58,192.00,0.5492,-1,-1,-1
126,18,919.81,210.92,54.36,189.14,0.4829,-1,-1,-1
126,19,393.44,771.11,100.07,278.34,0.8007,-1,-1,-1
126,21,1104.20,140.93,64.84,172.70,0.3627,-1,-1,-1
126,24,626.00,751.85,56.99,167.44,0.2782,-1,-1,-1
127,1,422.59,276.87,81.01,213.34,0.6877,-1,-1,-1
127,2,102.74,543.80,70.33,160.04,0.2618,-1,-1,-1
127,3,1090.80,928.96,82.10,150.97,0.8076,-1,-1,-1
127,4,1720.85,458.92,74.87,207.89,0.6575,-1,-1,-1
127,5,1357.54,576.52,82.56,213.42,0.5202,-1,-1,-1
127,6,103.10,581.08,70.25,286.44,0.3014,-1,-1,-1
127,8,523.82,251.36,67.14,189.36,0.5626,-1,-1,-1
127,18,918.51,210.97,53.69,189.22,0.4226,-1,-1,-1
127,19,394.06,766.72,97.50,277.39,0.7937,-1,-1,-1
127,21,1104.48,140.78,58.97,172.82,0.3619,-1,-1,-1
127,24,625.26,752.00,58.01,167.08,0.2337,-1,-1,-1
128,1,422.57,276.33,80.26,212.95,0.6688,-1,-1,-1
128,2,102.68,543.64,70.46,154.30,0.3952,-1,-1,-1
128,3,1087.77,928.21,81.74,151.52,0.7922,-1,-1,-1
128,4,1720.87,459.13,75.22,207.29,0.6282,-1,-1,-1
128,5,1357.31,576.67,82.85,214.38,0.5055,-1,-1,-1
128,6,108.14,626.13,68.62,245.21,0.2230,-1,-1,-1
128,8,524.61,253.96,65.94,188.44,0.5367,-1,-1,-1
128,18,915.24,212.01,54.64,189.61,0.4353,-1,-1,-1
128,19,393.76,762.06,97.65,276.75,0.7918,-1,-1,-1
128,21,1101.28,140.53,58.60,172.51,0.3974,-1,-1,-1
128,24,625.21,751.40,57.20,166.93,0.2329,-1,-1,-1
129,1,420.26,275.63,80.71,215.24,0.6899,-1,-1,-1
129,2,102.64,541.54,71.68,219.09,0.3534,-1,-1,-1
129,3,1085.50,927.66,81.32,151.87,0.7887,-1,-1,-1
129,4,1720.82,458.59,75.05,206.71,0.6354,-1,-1,-1
129,5,1362.46,576.07,79.66,219.05,0.4777,-1,-1,-1
129,8,525.35,255.28,64.56,190.74,0.5923,-1,-1,-1
129,18,912.24,212.92,55.83,188.11,0.4731,-1,-1,-1
129,19,395.19,757.35,95.72,272.92,0.7937,-1,-1,-1
129,21,1097.72,138.82,59.02,171.96,0.2980,-1,-1,-1
129,24,625.43,752.07,56.65,166.89,0.2956,-1,-1,-1
130,1,419.28,274.19,80.94,217.37,0.7042,-1,-1,-1
130,2,102.77,542.84,71.62,236.05,0.5555,-1,-1,-1
130,3,1082.21,926.96,81.90,152.30,0.7803,-1,-1,-1
130,4,1721.21,458.44,74.66,207.46,0.6125,-1,-1,-1
130,5,1360.21,575.70,81.90,218.27,0.4890,-1,-1,-1
130,8,526.86,257.34,62.21,192.22,0.5550,-1,-1,-1
130,18,906.36,214.06,60.70,187.07,0.4832,-1,-1,-1
130,19,396.57,754.37,93.90,267.37,0.7504,-1,-1,-1
130,21,1094.74,138.22,59.15,173.82,0.2545,-1,-1,-1
130,24,625.05,752.07,57.02,166.11,0.3088,-1,-1,-1
131,1,419.95,273.03,80.06,218.50,0.6626,-1,-1,-1
131,2,102.98,543.08,71.62,243.18,0.6451,-1,-1,-1
131,3,1080.34,926.72,81.05,151.73,0.7587,-1,-1,-1
131,4,1721.28,458.87,74.36,207.15,0.6176,-1,-1,-1
131,5,1360.61,576.44,81.47,215.66,0.5041,-1,-1,-1
131,8,527.91,257.82,61.11,197.54,0.5050,-1,-1,-1
131,18,902.00,214.28,63.29,186.62,0.4995,-1,-1,-1
131,19,396.36,752.11,93.23,264.41,0.7422,-1,-1,-1
131,21,1091.18,137.90,59.33,174.10,0.2677,-1,-1,-1
131,24,625.24,753.61,56.84,164.41,0.2823,-1,-1,-1
132,1,419.46,272.76,80.63,219.09,0.6495,-1,-1,-1
132,2,102.76,543.89,72.88,247.00,0.5842,-1,-1,-1
132,3,1079.06,927.11,80.93,151.18,0.7711,-1,-1,-1
132,4,1721.31,459.16,74.28,207.04,0.6174,-1,-1,-1
132,5,1359.86,576.27,81.52,215.33,0.5141,-1,-1,-1
132,8,529.30,254.68,61.83,203.06,0.5009,-1,-1,-1
132,18,899.91,213.52,66.05,187.43,0.4835,-1,-1,-1
132,19,394.60,749.83,93.78,265.13,0.7529,-1,-1,-1
132,21,1089.68,138.99,58.03,171.04,0.3921,-1,-1,-1
132,24,624.58,752.90,58.29,166.04,0.2317,-1,-1,-1
133,1,418.82,271.96,81.11,219.60,0.6420,-1,-1,-1
133,2,102.49,544.38,74.02,248.04,0.5375,-1,-1,-1
133,3,1077.57,927.30,80.90,151.09,0.7793,-1,-1,-1
133,4,1721.00,458.86,74.53,206.75,0.6036,-1,-1,-1
133,5,1358.46,576.60,83.03,214.32,0.4921,-1,-1,-1
133,8,530.64,253.77,60.64,206.11,0.5161,-1,-1,-1
133,18,899.16,211.57,67.33,190.53,0.4768,-1,-1,-1
133,19,391.58,748.37,96.57,265.16,0.7542,-1,-1,-1
133,21,1084.12,139.52,58.82,170.01,0.3848,-1,-1,-1
133,24,624.17,752.75,58.69,167.33,0.2527,-1,-1,-1
134,1,418.30,272.36,81.25,218.92,0.6426,-1,-1,-1
134,2,102.35,544.92,75.49,240.73,0.5149,-1,-1,-1
134,3,1075.85,927.06,79.55,150.92,0.7850,-1,-1,-1
134,4,1721.08,459.39,74.22,206.87,0.5937,-1,-1,-1
134,5,1358.54,575.97,83.45,216.11,0.4819,-1,-1,-1
134,8,531.53,255.15,58.12,204.48,0.5157,-1,-1,-1
134,18,898.27,211.79,67.03,190.33,0.4615,-1,-1,-1
134,19,389.68,747.32,98.08,265.52,0.7698,-1,-1,-1
134,21,1076.48,139.33,65.02,171.17,0.4332,-1,-1,-1
134,24,624.26,753.06,58.61,167.37,0.2438,-1,-1,-1
135,1,416.51,271.34,82.81,219.22,0.6417,-1,-1,-1
135,2,101.70,543.42,77.17,242.86,0.6190,-1,-1,-1
135,3,1074.42,926.49,79.26,151.55,0.7817,-1,-1,-1
135,4,1720.50,458.72,74.87,207.48,0.5994,-1,-1,-1
135,5,1358.25,575.92,84.11,216.95,0.5092,-1,-1,-1
135,8,530.98,258.07,57.70,203.60,0.5556,-1,-1,-1
135,18,897.93,211.15,66.77,191.27,0.4350,-1,-1,-1
135,19,389.10,745.46,98.30,267.44,0.7788,-1,-1,-1
135,21,1063.05,139.95,76.44,172.12,0.4568,-1,-1,-1
135,24,624.68,753.33,58.01,166.61,0.2430,-1,-1,-1
135,25,575.79,246.85,54.19,184.73,0.4340,-1,-1,-1
136,1,416.90,270.76,81.93,218.75,0.6724,-1,-1,-1
136,2,101.69,543.78,76.02,241.42,0.6223,-1,-1,-1
136,3,1072.95,926.62,77.68,150.97,0.7888,-1,-1,-1
136,4,1720.94,458.76,74.56,207.97,0.6121,-1,-1,-1
136,5,1360.77,576.63,83.52,219.78,0.4843,-1,-1,-1
136,8,530.58,258.87,57.15,203.12,0.5589,-1,-1,-1
136,18,897.14,211.87,64.63,189.94,0.4134,-1,-1,-1
136,19,386.44,744.59,100.87,267.99,0.7918,-1,-1,-1
136,21,1050.58,140.34,86.39,171.14,0.5634,-1,-1,-1
136,24,624.32,753.63,58.36,167.37,0.1620,-1,-1,-1
136,25,576.09,249.34,53.27,185.43,0.5027,-1,-1,-1
137,1,416.14,269.24,82.27,219.08,0.6636,-1,-1,-1
137,2,101.42,544.64,72.92,239.30,0.5724,-1,-1,-1
137,3,1071.27,926.99,77.26,150.25,0.7951,-1,-1,-1
137,4,1721.10,457.78,74.76,208.71,0.6079,-1,-1,-1
137,5,1364.23,577.38,80.40,219.21,0.4571,-1,-1,-1
137,8,531.61,256.98,56.12,204.73,0.5878,-1,-1,-1
137,18,896.09,211.25,62.52,191.11,0.4159,-1,-1,-1
137,19,384.65,744.11,102.17,268.19,0.7897,-1,-1,-1
137,21,1044.09,139.26,90.64,171.42,0.5818,-1,-1,-1
137,24,624.61,754.30,58.57,166.41,0.1950,-1,-1,-1
137,25,574.99,250.62,54.67,185.51,0.4581,-1,-1,-1
137,6,132.88,636.30,74.53,211.81,0.4474,-1,-1,-1
138,1,416.00,267.90,82.03,219.38,0.6922,-1,-1,-1
138,2,101.63,545.12,69.10,238.41,0.5974,-1,-1,-1
138,3,1069.82,927.35,76.63,149.87,0.7898,-1,-1,-1
138,4,1721.09,457.71,74.88,209.04,0.6051,-1,-1,-1
138,5,1364.96,577.19,79.90,221.30,0.4475,-1,-1,-1
138,8,532.50,256.46,54.74,203.61,0.5918,-1,-1,-1
138,18,894.72,211.92,56.70,183.12,0.4602,-1,-1,-1
138,19,383.38,743.92,102.99,267.88,0.7893,-1,-1,-1
138,21,1039.48,140.05,93.84,170.39,0.6013,-1,-1,-1
138,24,624.38,753.57,58.56,168.27,0.1864,-1,-1,-1
138,25,574.61,251.17,55.41,184.84,0.4441,-1,-1,-1
138,6,134.95,637.64,79.99,208.92,0.4311,-1,-1,-1
139,1,415.69,266.30,81.52,220.47,0.6406,-1,-1,-1
139,2,101.66,545.29,67.59,239.14,0.6166,-1,-1,-1
139,3,1068.44,927.28,76.00,149.43,0.7876,-1,-1,-1
139,4,1720.81,457.69,75.20,209.17,0.6233,-1,-1,-1
139,5,1363.00,576.57,82.70,223.47,0.4683,-1,-1,-1
139,8,532.60,258.40,54.52,201.45,0.5747,-1,-1,-1
139,18,893.09,210.57,58.85,188.32,0.5239,-1,-1,-1
139,19,382.70,743.70,102.88,267.24,0.7959,-1,-1,-1
139,21,1038.45,140.36,93.63,170.76,0.5912,-1,-1,-1
139,24,623.93,752.94,59.34,168.32,0.2276,-1,-1,-1
139,25,574.25,251.17,56.10,184.07,0.4394,-1,-1,-1
139,6,138.98,636.58,85.92,207.31,0.4477,-1,-1,-1
140,1,416.81,266.87,80.04,218.11,0.6140,-1,-1,-1
140,2,101.98,545.30,66.05,240.05,0.6185,-1,-1,-1
140,3,1066.75,926.59,76.11,149.61,0.7917,-1,-1,-1
140,4,1720.80,458.12,75.19,208.87,0.6352,-1,-1,-1
140,5,1360.20,576.88,83.69,216.77,0.5493,-1,-1,-1
140,8,532.30,258.41,55.41,202.50,0.6024,-1,-1,-1
140,18,889.98,210.26,54.68,184.24,0.4706,-1,-1,-1
140,19,383.28,741.74,102.30,267.24,0.7963,-1,-1,-1
140,21,1037.64,140.61,92.97,171.03,0.5768,-1,-1,-1
140,24,624.34,752.20,58.81,167.94,0.2752,-1,-1,-1
140,25,576.95,251.95,54.66,181.14,0.4521,-1,-1,-1
140,6,143.14,634.59,88.66,205.87,0.4220,-1,-1,-1
141,1,416.66,265.40,79.81,217.25,0.6318,-1,-1,-1
141,2,102.38,545.70,65.93,241.07,0.6445,-1,-1,-1
141,3,1064.86,925.41,75.88,150.97,0.7871,-1,-1,-1
141,4,1720.98,458.22,75.07,208.27,0.6219,-1,-1,-1
141,5,1358.45,575.97,85.46,216.69,0.4985,-1,-1,-1
141,8,532.09,258.31,55.56,202.19,0.6032,-1,-1,-1
141,18,886.76,209.72,54.72,186.46,0.5441,-1,-1,-1
141,19,384.09,739.64,100.86,267.30,0.7963,-1,-1,-1
141,21,1038.97,140.39,89.08,170.46,0.5570,-1,-1,-1
141,24,624.62,752.22,58.04,167.95,0.2593,-1,-1,-1
141,25,579.08,250.21,52.50,183.22,0.4784,-1,-1,-1
141,6,145.49,630.70,89.21,206.55,0.5908,-1,-1,-1
142,1,416.84,264.35,78.87,216.75,0.6327,-1,-1,-1
142,2,103.18,545.91,66.12,242.19,0.6580,-1,-1,-1
142,3,1064.26,924.81,73.84,152.27,0.7774,-1,-1,-1
142,4,1721.29,458.86,74.98,207.36,0.6235,-1,-1,-1
142,5,1357.56,575.88,86.61,217.64,0.4819,-1,-1,-1
142,8,531.96,257.66,55.63,202.92,0.5994,-1,-1,-1
142,18,883.57,208.76,54.49,187.04,0.5159,-1,-1,-1
142,19,385.97,737.45,98.06,267.93,0.7917,-1,-1,-1
142,21,1038.19,140.49,87.90,169.44,0.5949,-1,-1,-1
142,24,624.19,752.10,58.64,168.39,0.3324,-1,-1,-1
142,25,580.62,250.15,52.31,182.59,0.4965,-1,-1,-1
142,6,148.75,629.27,86.13,204.68,0.5432,-1,-1,-1
143,1,415.57,260.41,78.73,220.17,0.6328,-1,-1,-1
143,2,103.62,545.59,66.59,242.07,0.6746,-1,-1,-1
143,3,1063.13,923.78,72.60,152.93,0.7622,-1,-1,-1
143,4,1721.31,459.05,74.91,207.08,0.6333,-1,-1,-1
143,5,1357.67,575.79,86.34,217.74,0.4816,-1,-1,-1
143,8,531.30,257.65,55.92,203.02,0.5946,-1,-1,-1
143,18,881.43,207.29,53.76,188.51,0.4785,-1,-1,-1
143,19,387.65,734.78,95.77,266.33,0.8025,-1,-1,-1
143,21,1039.40,138.59,84.38,171.01,0.5702,-1,-1,-1
143,24,624.61,752.41,58.79,168.45,0.2841,-1,-1,-1
143,25,581.38,248.27,53.14,185.73,0.4530,-1,-1,-1
143,6,150.08,629.15,86.54,206.52,0.6519,-1,-1,-1
144,1,414.89,259.31,79.56,218.34,0.6324,-1,-1,-1
144,2,103.57,545.66,67.47,241.87,0.6866,-1,-1,-1
144,3,1061.98,923.12,70.96,153.47,0.7572,-1,-1,-1
144,4,1721.52,459.56,74.67,207.01,0.6214,-1,-1,-1
144,5,1358.11,575.90,85.97,217.31,0.4981,-1,-1,-1
144,8,530.80,259.15,56.96,202.90,0.6042,-1,-1,-1
144,18,878.16,206.83,55.98,188.67,0.4732,-1,-1,-1
144,19,388.90,731.56,94.07,263.21,0.7948,-1,-1,-1
144,21,1039.69,137.13,80.81,171.63,0.4549,-1,-1,-1
144,24,624.60,753.22,58.89,168.61,0.2193,-1,-1,-1
144,25,582.09,251.24,54.91,183.92,0.4934,-1,-1,-1
144,6,153.27,629.90,83.64,206.46,0.6813,-1,-1,-1
145,1,415.89,259.26,78.27,213.16,0.6204,-1,-1,-1
145,2,103.79,545.74,68.48,242.94,0.7088,-1,-1,-1
145,3,1060.72,922.78,68.73,153.82,0.7582,-1,-1,-1
145,4,1721.58,459.40,74.34,206.71,0.6099,-1,-1,-1
145,5,1358.04,575.99,85.16,215.02,0.5396,-1,-1,-1
145,8,530.02,259.40,56.75,202.74,0.5953,-1,-1,-1
145,18,873.47,207.05,59.81,186.77,0.5442,-1,-1,-1
145,19,391.57,729.54,91.69,258.21,0.7985,-1,-1,-1
145,21,1039.87,136.49,73.22,171.79,0.4216,-1,-1,-1
145,24,624.42,754.09,58.54,167.75,0.2221,-1,-1,-1
145,25,583.07,252.20,55.03,183.95,0.5289,-1,-1,-1
145,6,157.19,627.99,79.13,209.92,0.7007,-1,-1,-1
146,1,414.99,254.56,77.21,216.99,0.6393,-1,-1,-1
146,2,103.76,545.88,69.20,243.07,0.7156,-1,-1,-1
146,3,1058.73,921.87,66.89,156.00,0.7412,-1,-1,-1
146,4,1721.80,459.52,74.22,207.29,0.6137,-1,-1,-1
146,5,1357.78,575.52,85.28,217.24,0.5126,-1,-1,-1
146,8,530.23,259.38,57.25,204.29,0.5935,-1,-1,-1
146,18,871.96,206.49,59.85,185.85,0.4901,-1,-1,-1
146,19,393.03,726.68,91.00,253.39,0.7770,-1,-1,-1
146,21,1040.05,136.26,66.57,171.32,0.4843,-1,-1,-1
146,24,623.99,754.17,59.03,168.11,0.2747,-1,-1,-1
146,25,584.58,253.66,53.84,186.09,0.5108,-1,-1,-1
146,6,159.32,625.25,77.28,212.70,0.7110,-1,-1,-1
147,1,414.47,253.12,77.39,218.55,0.6465,-1,-1,-1
147,2,103.91,546.15,69.49,242.08,0.7131,-1,-1,-1
147,3,1057.08,921.22,64.00,157.25,0.7264,-1,-1,-1
147,4,1721.62,459.07,74.68,207.32,0.6268,-1,-1,-1
147,5,1358.16,574.75,84.83,217.46,0.5407,-1,-1,-1
147,8,530.25,260.04,56.86,205.87,0.6095,-1,-1,-1
147,18,869.49,205.84,61.39,185.35,0.4783,-1,-1,-1
147,19,394.02,720.66,91.01,254.87,0.7796,-1,-1,-1
147,21,1039.64,135.42,62.20,171.21,0.4764,-1,-1,-1
147,24,624.27,753.55,58.81,167.51,0.2703,-1,-1,-1
147,25,584.97,254.67,54.20,187.83,0.5380,-1,-1,-1
147,6,161.14,621.41,75.98,214.97,0.6894,-1,-1,-1
148,1,414.01,252.43,77.90,219.05,0.6339,-1,-1,-1
148,2,103.80,545.73,70.19,242.25,0.7135,-1,-1,-1
148,3,1055.24,919.86,62.75,157.48,0.7273,-1,-1,-1
148,4,1721.53,458.59,74.82,208.33,0.6466,-1,-1,-1
148,5,1357.90,575.16,84.09,216.54,0.5588,-1,-1,-1
148,8,530.29,261.21,58.45,206.77,0.5946,-1,-1,-1
148,18,866.86,204.82,62.88,190.54,0.4446,-1,-1,-1
148,19,394.55,717.38,91.71,254.95,0.7777,-1,-1,-1
148,21,1038.28,134.87,57.45,171.29,0.4424,-1,-1,-1
148,24,624.44,753.32,58.01,166.82,0.2794,-1,-1,-1
148,25,585.68,255.45,54.23,188.71,0.4954,-1,-1,-1
148,6,163.87,617.76,75.59,215.12,0.7078,-1,-1,-1
149,1,415.41,255.27,77.22,215.08,0.6248,-1,-1,-1
149,2,103.88,545.74,70.30,241.93,0.7151,-1,-1,-1
149,3,1054.04,918.50,62.15,158.70,0.7264,-1,-1,-1
149,4,1721.24,458.84,74.52,207.73,0.6218,-1,-1,-1
149,5,1357.88,575.29,84.52,215.68,0.5452,-1,-1,-1
149,8,530.86,262.82,59.01,206.38,0.6301,-1,-1,-1
149,18,865.40,204.40,62.38,192.23,0.4432,-1,-1,-1
149,19,395.81,713.23,92.66,258.33,0.7879,-1,-1,-1
149,21,1036.88,135.29,54.24,169.61,0.3608,-1,-1,-1
149,24,624.31,752.09,58.73,167.02,0.3254,-1,-1,-1
149,25,586.37,256.16,54.65,189.76,0.4500,-1,-1,-1
149,6,167.83,615.18,73.38,214.69,0.6958,-1,-1,-1
150,1,416.08,256.03,76.94,213.75,0.6198,-1,-1,-1
150,2,103.64,545.66,70.64,242.91,0.7131,-1,-1,-1
150,3,1052.26,916.79,61.26,160.97,0.7368,-1,-1,-1
150,4,1721.23,458.62,74.59,208.09,0.6385,-1,-1,-1
150,5,1357.19,574.98,85.31,216.83,0.5402,-1,-1,-1
150,8,531.22,264.75,58.09,207.40,0.6155,-1,-1,-1
150,18,864.93,205.10,63.01,192.61,0.4056,-1,-1,-1
150,19,395.21,710.66,95.46,261.48,0.7855,-1,-1,-1
150,21,1033.93,134.48,55.10,171.55,0.4901,-1,-1,-1
150,24,625.19,751.80,57.41,166.93,0.3234,-1,-1,-1
150,25,586.99,256.89,55.16,190.57,0.4352,-1,-1,-1
150,6,174.25,613.74,67.71,213.76,0.6570,-1,-1,-1
151,1,416.72,255.61,75.77,214.18,0.6157,-1,-1,-1
151,2,103.37,546.38,71.19,243.47,0.7216,-1,-1,-1
151,3,1051.10,914.29,60.69,163.30,0.7371,-1,-1,-1
151,4,1721.82,458.45,73.51,207.68,0.6249,-1,-1,-1
151,5,1363.73,574.28,79.13,222.20,0.4863,-1,-1,-1
151,8,531.32,265.95,56.85,208.97,0.6117,-1,-1,-1
151,18,863.89,205.04,62.94,191.56,0.4592,-1,-1,-1
151,19,395.99,709.56,95.71,262.71,0.7809,-1,-1,-1
151,21,1030.67,132.76,55.91,173.08,0.4879,-1,-1,-1
151,24,625.29,751.33,57.21,167.08,0.3577,-1,-1,-1
151,25,587.84,259.27,55.14,190.81,0.4180,-1,-1,-1
151,6,179.92,611.81,68.14,214.63,0.6707,-1,-1,-1
152,1,417.19,255.06,75.42,214.91,0.6061,-1,-1,-1
152,2,102.86,546.85,72.11,243.20,0.7175,-1,-1,-1
152,3,1049.55,913.44,60.16,164.47,0.7421,-1,-1,-1
152,4,1721.87,458.16,73.61,208.30,0.6152,-1,-1,-1
152,5,1361.52,576.03,80.65,216.20,0.5299,-1,-1,-1
152,8,531.80,270.50,54.98,206.61,0.5926,-1,-1,-1
152,18,863.00,205.54,62.87,190.67,0.5191,-1,-1,-1
152,19,396.57,707.80,97.12,264.13,0.7669,-1,-1,-1
152,21,1025.99,130.74,58.21,172.64,0.4077,-1,-1,-1
152,24,624.89,751.62,56.76,166.55,0.4327,-1,-1,-1
152,25,588.56,260.63,55.44,191.21,0.4119,-1,-1,-1
152,6,182.93,610.31,67.34,215.82,0.6899,-1,-1,-1
153,1,417.37,254.26,74.62,215.42,0.5831,-1,-1,-1
153,2,103.36,547.68,71.61,244.83,0.7265,-1,-1,-1
153,3,1047.75,912.31,60.03,166.31,0.7304,-1,-1,-1
153,4,1721.67,457.65,73.80,208.85,0.6099,-1,-1,-1
153,5,1360.86,575.62,80.57,215.83,0.5163,-1,-1,-1
153,8,531.79,274.27,54.64,203.25,0.5870,-1,-1,-1
153,18,861.73,204.92,63.46,191.39,0.4964,-1,-1,-1
153,19,396.65,707.91,98.75,264.20,0.7589,-1,-1,-1
153,21,1023.04,131.47,59.19,171.34,0.4118,-1,-1,-1
153,24,625.59,751.32,55.24,166.75,0.4101,-1,-1,-1
153,25,590.94,266.09,53.80,185.22,0.3229,-1,-1,-1
153,6,185.32,610.05,68.50,215.44,0.7364,-1,-1,-1
154,1,415.82,253.24,75.20,216.41,0.6003,-1,-1,-1
154,2,103.74,547.40,71.40,245.91,0.7199,-1,-1,-1
154,3,1046.63,911.63,59.31,167.51,0.7146,-1,-1,-1
154,4,1721.65,459.19,73.66,207.07,0.5869,-1,-1,-1
154,5,1360.27,576.29,81.32,215.54,0.5207,-1,-1,-1
154,8,532.45,276.77,54.39,200.98,0.5632,-1,-1,-1
154,18,860.07,205.14,64.19,191.39,0.5085,-1,-1,-1
154,19,396.90,708.03,100.10,263.58,0.7634,-1,-1,-1
154,21,1017.78,131.48,61.55,171.72,0.3510,-1,-1,-1
154,24,625.10,751.74,56.94,167.24,0.3307,-1,-1,-1
154,25,592.41,269.92,54.87,183.70,0.2580,-1,-1,-1
154,6,188.06,610.22,68.52,214.21,0.7530,-1,-1,-1
155,1,415.83,251.89,74.54,217.92,0.6029,-1,-1,-1
155,2,103.15,546.26,71.57,247.42,0.6968,-1,-1,-1
155,3,1044.95,911.04,59.27,168.01,0.7279,-1,-1,-1
155,4,1722.35,459.17,72.98,206.84,0.5962,-1,-1,-1
155,5,1359.72,576.35,82.12,213.74,0.5691,-1,-1,-1
155,8,532.60,278.69,55.22,198.76,0.5144,-1,-1,-1
155,18,857.61,205.12,65.69,189.92,0.5120,-1,-1,-1
155,19,397.64,706.01,101.48,265.30,0.7629,-1,-1,-1
155,21,1004.91,132.30,71.33,172.50,0.3938,-1,-1,-1
155,24,625.60,751.52,55.95,166.72,0.3380,-1,-1,-1
155,25,593.59,271.29,54.59,183.81,0.2243,-1,-1,-1
155,6,192.31,610.27,67.32,213.42,0.7611,-1,-1,-1
156,1,416.44,251.42,74.56,215.61,0.6179,-1,-1,-1
156,2,102.70,545.72,71.98,247.60,0.6976,-1,-1,-1
156,3,1043.06,910.45,59.71,169.30,0.7072,-1,-1,-1
156,4,1722.38,459.54,73.05,206.04,0.5857,-1,-1,-1
156,5,1358.18,578.14,82.37,212.22,0.5199,-1,-1,-1
156,8,532.60,276.19,56.31,200.52,0.4659,-1,-1,-1
156,18,855.75,204.42,66.91,188.42,0.5456,-1,-1,-1
156,19,398.31,703.05,101.13,266.53,0.7607,-1,-1,-1
156,21,995.41,133.25,77.42,171.88,0.4380,-1,-1,-1
156,24,625.58,750.12,56.89,168.94,0.2774,-1,-1,-1
156,25,595.05,271.12,54.52,184.08,0.1832,-1,-1,-1
156,6,195.10,609.01,67.18,213.75,0.7525,-1,-1,-1
157,1,416.53,251.46,74.28,213.76,0.6182,-1,-1,-1
157,2,102.69,545.75,72.19,247.44,0.6958,-1,-1,-1
157,3,1041.70,909.93,59.49,169.71,0.7011,-1,-1,-1
157,4,1722.67,459.96,72.70,205.66,0.5926,-1,-1,-1
157,5,1357.26,578.65,82.97,210.90,0.5215,-1,-1,-1
157,8,532.55,275.10,56.88,199.52,0.4364,-1,-1,-1
157,18,855.22,203.41,66.98,185.78,0.5671,-1,-1,-1
157,19,399.29,703.70,100.56,264.97,0.7720,-1,-1,-1
157,21,988.82,133.61,81.27,171.64,0.4656,-1,-1,-1
157,24,625.18,748.40,56.94,170.46,0.3370,-1,-1,-1
157,25,595.58,269.19,55.34,187.14,0.1885,-1,-1,-1
157,6,197.70,608.21,66.55,214.32,0.7420,-1,-1,-1
158,1,416.86,249.75,75.50,214.94,0.6446,-1,-1,-1
158,2,102.53,546.17,72.25,246.79,0.6986,-1,-1,-1
158,3,1039.43,909.54,61.31,170.42,0.7158,-1,-1,-1
158,4,1722.30,459.98,73.31,206.27,0.6106,-1,-1,-1
158,5,1357.02,577.84,83.21,210.58,0.5366,-1,-1,-1
158,8,530.90,273.36,59.51,200.02,0.4534,-1,-1,-1
158,18,853.29,201.85,68.20,184.75,0.5558,-1,-1,-1
158,19,399.22,703.76,99.24,262.79,0.7844,-1,-1,-1
158,21,986.53,132.78,82.06,172.11,0.3917,-1,-1,-1
158,24,625.46,749.19,56.90,170.39,0.2823,-1,-1,-1
158,25,595.99,270.07,55.18,185.80,0.2017,-1,-1,-1
158,6,199.08,606.98,65.70,213.25,0.7153,-1,-1,-1
159,1,417.61,249.78,75.65,212.88,0.6105,-1,-1,-1
159,2,102.57,546.31,72.16,246.80,0.6950,-1,-1,-1
159,3,1037.66,908.76,61.47,170.80,0.6983,-1,-1,-1
159,4,1722.33,461.19,73.42,205.07,0.6000,-1,-1,-1
159,5,1356.60,578.37,84.22,211.84,0.5145,-1,-1,-1
159,8,528.36,278.52,62.58,195.74,0.4321,-1,-1,-1
159,18,851.29,200.64,69.55,187.87,0.5482,-1,-1,-1
159,19,401.56,702.94,93.91,260.96,0.7611,-1,-1,-1
159,21,983.84,133.07,82.92,171.55,0.4133,-1,-1,-1
159,24,626.07,749.86,55.03,167.65,0.2666,-1,-1,-1
159,25,596.68,271.39,58.38,183.67,0.2183,-1,-1,-1
159,6,200.43,604.88,65.54,212.82,0.6951,-1,-1,-1
160,1,418.32,248.17,74.80,213.81,0.6440,-1,-1,-1
160,2,102.48,546.78,71.96,246.56,0.6985,-1,-1,-1
160,3,1036.79,908.68,60.97,171.29,0.6799,-1,-1,-1
160,4,1721.72,461.38,73.62,204.80,0.5705,-1,-1,-1
160,5,1356.90,579.19,85.64,216.05,0.4776,-1,-1,-1
160,8,526.97,284.23,64.40,191.34,0.4709,-1,-1,-1
160,18,850.77,199.16,69.36,191.05,0.5134,-1,-1,-1
160,19,401.94,698.93,92.64,258.03,0.7656,-1,-1,-1
160,21,980.76,132.69,84.10,170.42,0.4722,-1,-1,-1
160,24,626.39,749.86,54.47,166.82,0.2947,-1,-1,-1
160,25,596.66,272.17,60.34,182.07,0.2070,-1,-1,-1
160,6,201.81,602.85,65.32,214.68,0.7002,-1,-1,-1
161,1,417.99,247.01,76.00,212.24,0.6232,-1,-1,-1
161,2,102.37,546.69,72.03,247.18,0.6866,-1,-1,-1
161,3,1034.14,908.12,62.28,171.92,0.6929,-1,-1,-1
161,4,1721.83,461.12,73.51,205.52,0.5775,-1,-1,-1
161,5,1357.05,579.74,85.18,216.32,0.5265,-1,-1,-1
161,8,526.03,286.90,67.37,190.62,0.4184,-1,-1,-1
161,18,849.98,197.00,69.76,191.21,0.4850,-1,-1,-1
161,19,402.50,693.60,91.40,254.25,0.7744,-1,-1,-1
161,21,980.24,132.51,83.28,170.41,0.4897,-1,-1,-1
161,24,626.87,747.97,54.72,169.64,0.2811,-1,-1,-1
161,25,599.09,274.32,58.33,179.63,0.2009,-1,-1,-1
161,6,206.17,599.68,61.91,213.68,0.6675,-1,-1,-1
162,1,418.59,246.19,75.97,210.71,0.6233,-1,-1,-1
162,2,102.09,546.43,71.86,247.80,0.6726,-1,-1,-1
162,3,1032.87,907.37,61.92,172.71,0.7115,-1,-1,-1
162,4,1721.91,461.62,73.40,205.53,0.5775,-1,-1,-1
162,5,1361.49,578.18,82.37,221.82,0.4897,-1,-1,-1
162,8,527.01,293.83,65.23,185.61,0.1536,-1,-1,-1
162,18,849.28,195.93,69.56,191.07,0.4876,-1,-1,-1
162,19,403.14,688.84,91.20,253.59,0.7652,-1,-1,-1
162,21,980.14,133.38,81.20,169.88,0.3936,-1,-1,-1
162,24,626.35,749.64,54.71,169.02,0.2603,-1,-1,-1
162,25,599.88,272.98,59.86,180.55,0.1795,-1,-1,-1
162,6,210.47,598.24,61.33,209.13,0.6741,-1,-1,-1
163,1,418.68,244.96,77.14,209.79,0.6178,-1,-1,-1
163,2,102.21,546.42,72.11,247.88,0.6631,-1,-1,-1
163,3,1031.36,906.47,62.33,173.61,0.6839,-1,-1,-1
163,4,1721.76,461.04,73.63,206.41,0.5791,-1,-1,-1
163,5,1358.56,579.33,86.64,224.28,0.5055,-1,-1,-1
163,8,522.11,291.80,69.50,191.55,0.3767,-1,-1,-1
163,18,849.50,194.61,69.02,188.89,0.4677,-1,-1,-1
163,19,403.51,684.64,90.55,254.82,0.7710,-1,-1,-1
163,21,980.83,131.03,77.74,172.56,0.3591,-1,-1,-1
163,24,625.09,749.88,57.08,170.26,0.1809,-1,-1,-1
163,25,599.05,273.02,62.76,180.53,0.3019,-1,-1,-1
163,6,212.97,595.92,61.84,207.91,0.6715,-1,-1,-1
164,1,418.24,244.26,78.19,208.58,0.6263,-1,-1,-1
164,2,102.07,546.52,71.93,247.29,0.6805,-1,-1,-1
164,3,1030.07,906.86,61.27,172.80,0.7307,-1,-1,-1
164,4,1721.64,460.76,73.86,206.65,0.5990,-1,-1,-1
164,5,1357.58,579.84,87.66,223.32,0.4790,-1,-1,-1
164,8,519.99,291.79,72.06,193.49,0.3107,-1,-1,-1
164,18,851.21,192.50,69.02,193.16,0.4605,-1,-1,-1
164,19,402.91,682.15,91.22,254.57,0.7738,-1,-1,-1
164,21,981.93,129.23,72.30,172.62,0.3058,-1,-1,-1
164,24,625.28,749.41,56.53,170.35,0.2119,-1,-1,-1
164,25,599.06,274.04,62.98,179.18,0.2900,-1,-1,-1
164,6,215.27,594.04,62.57,208.79,0.7065,-1,-1,-1
165,1,418.45,242.60,78.88,209.58,0.6170,-1,-1,-1
165,2,102.17,546.36,71.71,246.92,0.6766,-1,-1,-1
165,3,1028.55,907.37,61.02,172.15,0.7265,-1,-1,-1
165,4,1721.69,460.42,74.17,206.53,0.5945,-1,-1,-1
165,5,1357.61,580.71,86.70,219.95,0.5013,-1,-1,-1
165,8,510.63,239.91,83.52,248.30,0.1903,-1,-1,-1
165,18,852.51,191.49,68.66,194.26,0.4859,-1,-1,-1
165,19,401.46,680.15,93.01,255.89,0.7917,-1,-1,-1
165,21,982.42,127.46,67.26,171.46,0.2755,-1,-1,-1
165,24,625.29,747.48,55.98,171.00,0.2773,-1,-1,-1
165,25,599.01,274.85,63.18,178.88,0.2502,-1,-1,-1
165,6,214.55,592.15,64.38,209.24,0.7327,-1,-1,-1
166,1,418.80,241.57,77.15,210.16,0.5914,-1,-1,-1
166,2,102.04,546.21,71.55,246.90,0.6849,-1,-1,-1
166,3,1026.65,907.31,61.49,172.16,0.6855,-1,-1,-1
166,4,1722.00,460.67,73.53,206.95,0.6247,-1,-1,-1
166,5,1357.33,580.36,85.20,216.39,0.5031,-1,-1,-1
166,8,510.13,219.40,89.77,270.83,0.1659,-1,-1,-1
166,18,852.60,190.92,69.10,192.26,0.4911,-1,-1,-1
166,19,400.20,678.52,94.00,258.22,0.7914,-1,-1,-1
166,21,982.87,126.34,60.97,170.86,0.2759,-1,-1,-1
166,24,625.24,748.94,56.30,170.11,0.2779,-1,-1,-1
166,25,600.84,275.00,58.68,180.37,0.3005,-1,-1,-1
166,6,215.63,590.47,68.75,210.96,0.7025,-1,-1,-1
167,1,418.72,240.49,76.53,211.72,0.5753,-1,-1,-1
167,2,101.86,546.29,71.90,247.22,0.6872,-1,-1,-1
167,3,1024.01,906.68,63.47,172.94,0.6849,-1,-1,-1
167,4,1722.27,460.47,72.96,207.05,0.6082,-1,-1,-1
167,5,1356.87,579.75,85.02,217.54,0.4910,-1,-1,-1
167,18,852.89,190.59,69.43,189.45,0.4849,-1,-1,-1
167,19,400.03,675.65,93.60,260.23,0.7967,-1,-1,-1
167,21,982.18,124.77,55.81,170.60,0.2751,-1,-1,-1
167,24,625.05,751.11,57.94,168.77,0.1622,-1,-1,-1
167,25,602.15,276.42,57.55,179.40,0.3135,-1,-1,-1
167,6,215.82,589.34,72.91,213.33,0.7071,-1,-1,-1
168,1,418.02,239.49,76.87,213.01,0.5939,-1,-1,-1
168,2,101.81,546.53,72.17,247.03,0.6861,-1,-1,-1
168,3,1021.42,906.90,64.62,172.44,0.7042,-1,-1,-1
168,4,1721.87,459.25,73.45,208.76,0.6115,-1,-1,-1
168,5,1357.27,579.05,83.26,217.38,0.4972,-1,-1,-1
168,18,853.07,190.68,69.94,190.14,0.5117,-1,-1,-1
168,19,399.02,674.94,94.26,260.87,0.7840,-1,-1,-1
168,21,979.45,123.46,55.32,170.24,0.3000,-1,-1,-1
168,24,626.22,751.44,56.02,168.68,0.1535,-1,-1,-1
168,25,602.22,276.84,58.77,178.24,0.3066,-1,-1,-1
168,6,217.81,589.06,77.16,212.54,0.7157,-1,-1,-1
169,1,418.21,238.58,77.82,213.80,0.6112,-1,-1,-1
169,2,101.58,545.82,72.90,248.28,0.6516,-1,-1,-1
169,3,1020.18,907.81,64.91,171.27,0.7078,-1,-1,-1
169,4,1721.65,459.77,73.72,208.22,0.6104,-1,-1,-1
169,5,1357.19,578.90,84.82,217.87,0.4622,-1,-1,-1
169,18,852.69,190.45,70.83,189.17,0.5304,-1,-1,-1
169,19,399.12,674.02,94.52,260.86,0.7770,-1,-1,-1
169,21,976.26,121.37,56.33,169.93,0.1898,-1,-1,-1
169,24,626.51,751.18,54.73,167.91,0.2262,-1,-1,-1
169,25,602.25,277.34,60.04,177.36,0.3113,-1,-1,-1
169,6,220.40,588.56,77.90,213.20,0.6902,-1,-1,-1
170,1,418.04,237.78,78.33,214.98,0.6154,-1,-1,-1
170,2,101.45,546.33,73.51,247.08,0.6539,-1,-1,-1
170,3,1018.57,908.37,63.48,171.17,0.7220,-1,-1,-1
170,4,1721.20,460.42,74.23,207.66,0.6201,-1,-1,-1
170,5,1364.73,577.82,78.09,220.40,0.4458,-1,-1,-1
170,18,854.94,189.74,68.85,188.50,0.5096,-1,-1,-1
170,19,399.79,673.06,93.30,260.93,0.7748,-1,-1,-1
170,21,972.23,120.63,58.27,172.20,0.1795,-1,-1,-1
170,24,626.49,751.72,54.29,166.53,0.1949,-1,-1,-1
170,25,601.99,277.25,61.14,177.82,0.2392,-1,-1,-1
170,6,221.39,588.28,76.37,213.65,0.6627,-1,-1,-1
170,8,521.68,278.95,69.71,213.71,0.3580,-1,-1,-1
171,1,417.75,237.74,78.63,215.15,0.6221,-1,-1,-1
171,2,101.28,546.42,74.50,247.35,0.6602,-1,-1,-1
171,3,1017.58,908.92,62.06,170.94,0.7228,-1,-1,-1
171,4,1721.47,459.98,74.15,208.12,0.6031,-1,-1,-1
171,5,1365.79,577.25,76.77,221.91,0.4551,-1,-1,-1
171,18,858.53,191.53,64.13,184.46,0.4111,-1,-1,-1
171,19,400.04,672.23,92.68,260.25,0.7746,-1,-1,-1
171,24,626.26,751.44,54.71,167.39,0.1661,-1,-1,-1
171,25,603.87,271.99,59.62,180.99,0.1711,-1,-1,-1
171,6,220.78,588.14,76.57,213.12,0.6914,-1,-1,-1
171,8,525.31,292.66,63.31,200.41,0.4481,-1,-1,-1
172,1,417.66,237.53,78.52,216.44,0.6276,-1,-1,-1
172,2,100.68,546.63,74.44,246.42,0.6623,-1,-1,-1
172,3,1015.95,909.66,61.58,169.95,0.7436,-1,-1,-1
172,4,1721.72,460.27,73.93,207.58,0.5985,-1,-1,-1
172,5,1360.31,578.14,81.39,217.62,0.4744,-1,-1,-1
172,18,859.80,190.36,65.05,185.10,0.5030,-1,-1,-1
172,19,400.43,670.58,91.95,259.92,0.7812,-1,-1,-1
172,25,604.52,280.46,58.56,173.72,0.2050,-1,-1,-1
172,6,219.94,586.95,77.50,213.63,0.6431,-1,-1,-1
172,8,526.17,292.76,61.35,200.49,0.4288,-1,-1,-1
173,1,417.77,237.07,78.34,216.61,0.6146,-1,-1,-1
173,2,100.87,546.28,74.14,246.92,0.6574,-1,-1,-1
173,3,1013.15,909.99,62.30,169.60,0.7341,-1,-1,-1
173,4,1721.27,460.73,74.33,206.71,0.5928,-1,-1,-1
173,5,1358.41,578.55,82.48,215.20,0.5034,-1,-1,-1
173,18,860.56,189.02,65.76,186.45,0.4489,-1,-1,-1
173,19,402.40,668.61,89.39,259.31,0.7742,-1,-1,-1
173,25,604.76,277.60,60.67,177.73,0.1782,-1,-1,-1
173,6,219.96,584.16,77.03,215.12,0.6587,-1,-1,-1
173,8,522.89,296.09,64.22,197.52,0.3301,-1,-1,-1
174,1,417.62,236.51,77.71,217.21,0.6205,-1,-1,-1
174,2,100.47,546.67,74.20,246.67,0.6518,-1,-1,-1
174,3,1010.43,911.24,63.12,168.60,0.7399,-1,-1,-1
174,4,1721.20,459.84,74.35,207.68,0.5966,-1,-1,-1
174,5,1357.62,578.95,82.71,212.40,0.4983,-1,-1,-1
174,18,861.48,186.75,65.37,186.55,0.4383,-1,-1,-1
174,19,404.88,666.64,86.67,259.67,0.7818,-1,-1,-1
174,25,605.35,276.47,60.32,179.40,0.2245,-1,-1,-1
174,6,222.24,583.03,76.00,214.02,0.6752,-1,-1,-1
174,8,522.83,295.50,65.51,198.58,0.4238,-1,-1,-1
174,27,752.88,261.55,55.88,192.36,0.3572,-1,-1,-1
175,1,417.11,235.71,77.32,216.78,0.6517,-1,-1,-1
175,2,100.15,546.63,74.04,246.38,0.6572,-1,-1,-1
175,3,1007.30,912.70,63.75,167.23,0.7263,-1,-1,-1
175,4,1721.57,459.87,73.78,207.89,0.5931,-1,-1,-1
175,5,1357.44,578.85,83.17,209.59,0.5184,-1,-1,-1
175,18,862.81,185.87,65.61,183.62,0.4610,-1,-1,-1
175,19,406.10,663.86,85.63,260.85,0.8043,-1,-1,-1
175,25,606.14,276.60,58.69,178.88,0.1995,-1,-1,-1
175,6,225.04,579.77,72.30,214.34,0.6874,-1,-1,-1
175,8,522.21,294.88,66.04,198.85,0.3845,-1,-1,-1
175,27,752.62,261.12,56.80,194.81,0.4064,-1,-1,-1
176,1,417.08,233.42,76.20,217.79,0.6333,-1,-1,-1
176,2,100.14,546.84,73.45,246.43,0.6576,-1,-1,-1
176,3,1005.82,913.16,62.87,166.85,0.7290,-1,-1,-1
176,4,1721.48,459.63,73.53,208.22,0.5885,-1,-1,-1
176,5,1357.36,578.90,82.68,207.59,0.5145,-1,-1,-1
176,18,863.16,184.39,66.08,185.03,0.5037,-1,-1,-1
176,19,407.05,659.60,83.98,259.62,0.7913,-1,-1,-1
176,25,607.99,273.17,54.11,182.88,0.1743,-1,-1,-1
176,6,227.06,577.24,69.39,213.55,0.6685,-1,-1,-1
176,8,514.35,252.94,75.99,241.74,0.3236,-1,-1,-1
176,27,753.00,261.80,56.10,196.25,0.4104,-1,-1,-1
176,21,940.36,122.54,76.12,174.99,0.3969,-1,-1,-1
177,1,416.89,232.77,75.33,217.93,0.6375,-1,-1,-1
177,2,100.13,546.90,73.23,246.09,0.6565,-1,-1,-1
177,3,1004.56,913.19,63.08,165.31,0.7308,-1,-1,-1
177,4,1721.24,459.68,73.93,208.13,0.5823,-1,-1,-1
177,5,1357.17,578.94,83.05,209.21,0.4843,-1,-1,-1
177,18,864.01,182.28,66.58,185.08,0.5223,-1,-1,-1
177,19,408.10,654.79,82.66,255.14,0.7858,-1,-1,-1
177,25,607.58,274.17,57.69,179.25,0.2049,-1,-1,-1
177,6,227.70,575.28,68.35,211.89,0.6766,-1,-1,-1
177,8,515.99,250.38,74.14,243.87,0.3778,-1,-1,-1
177,27,752.57,261.40,56.53,198.57,0.3569,-1,-1,-1
177,21,936.65,123.49,77.95,173.45,0.3620,-1,-1,-1
178,1,416.48,231.09,74.71,215.91,0.6172,-1,-1,-1
178,2,100.14,547.04,72.24,245.08,0.6539,-1,-1,-1
178,3,1003.73,913.33,62.45,164.71,0.7206,-1,-1,-1
178,4,1721.33,460.08,73.83,207.75,0.5631,-1,-1,-1
178,5,1356.87,578.04,83.31,211.41,0.4804,-1,-1,-1
178,18,864.85,180.96,66.79,184.76,0.4978,-1,-1,-1
178,19,407.27,650.85,83.90,251.82,0.7857,-1,-1,-1
178,25,607.56,273.75,57.82,184.84,0.2612,-1,-1,-1
178,6,228.20,573.46,67.62,208.18,0.6069,-1,-1,-1
178,8,520.25,275.96,68.31,218.26,0.4454,-1,-1,-1
178,27,752.10,266.19,57.03,196.14,0.4084,-1,-1,-1
178,21,934.70,126.09,76.73,170.02,0.2855,-1,-1,-1
178,28,0.07,615.71,91.12,228.58,0.3779,-1,-1,-1
179,1,415.86,228.59,73.70,215.93,0.5930,-1,-1,-1
179,2,100.70,546.22,71.05,246.41,0.6507,-1,-1,-1
179,3,1002.67,913.58,60.78,164.66,0.7161,-1,-1,-1
179,4,1721.38,460.46,73.45,207.25,0.5469,-1,-1,-1
179,5,1357.01,577.61,83.81,216.92,0.5050,-1,-1,-1
179,18,865.87,180.33,67.00,184.04,0.4839,-1,-1,-1
179,19,407.60,648.61,84.61,249.99,0.7860,-1,-1,-1
179,25,607.25,276.88,58.13,189.78,0.3478,-1,-1,-1
179,6,227.90,571.50,68.16,207.50,0.6183,-1,-1,-1
179,8,522.02,290.23,65.21,203.39,0.4350,-1,-1,-1
179,27,751.10,270.26,58.33,194.38,0.4042,-1,-1,-1
179,21,934.49,125.98,74.85,169.09,0.3145,-1,-1,-1
179,28,-0.00,617.91,95.72,229.75,0.5217,-1,-1,-1
180,1,414.81,227.56,74.38,213.29,0.6236,-1,-1,-1
180,2,100.82,546.08,70.21,246.30,0.6557,-1,-1,-1
180,3,1000.97,913.38,60.05,165.17,0.7209,-1,-1,-1
180,4,1721.76,460.18,73.25,207.95,0.5274,-1,-1,-1
180,5,1357.42,577.19,82.38,212.77,0.5125,-1,-1,-1
180,18,866.96,180.80,67.53,184.29,0.5042,-1,-1,-1
180,19,408.89,647.71,85.48,248.79,0.7905,-1,-1,-1
180,25,607.27,277.98,57.81,193.12,0.3532,-1,-1,-1
180,6,229.01,570.07,68.02,207.07,0.5864,-1,-1,-1
180,8,524.83,293.83,61.98,202.21,0.5224,-1,-1,-1
180,27,750.54,272.87,59.15,193.05,0.4176,-1,-1,-1
180,21,938.34,124.21,67.97,169.70,0.2858,-1,-1,-1
180,28,0.57,618.17,85.23,223.22,0.5042,-1,-1,-1
181,1,414.69,227.10,74.05,210.71,0.5963,-1,-1,-1
181,2,100.85,545.50,69.85,247.79,0.6546,-1,-1,-1
181,3,998.74,914.32,59.75,164.68,0.7208,-1,-1,-1
181,4,1721.76,459.21,73.75,209.37,0.5129,-1,-1,-1
181,5,1357.36,577.39,83.44,214.89,0.4994,-1,-1,-1
181,18,868.51,179.17,67.27,184.10,0.5017,-1,-1,-1
181,19,409.60,646.30,87.19,248.91,0.7886,-1,-1,-1
181,25,607.11,278.79,58.49,200.05,0.3080,-1,-1,-1
181,6,229.84,569.02,68.44,205.84,0.5737,-1,-1,-1
181,8,526.94,299.31,59.53,199.48,0.5467,-1,-1,-1
181,27,750.91,273.96,57.98,192.84,0.4249,-1,-1,-1
181,21,937.17,123.48,68.35,171.75,0.2349,-1,-1,-1
181,28,0.85,617.76,79.88,223.83,0.4732,-1,-1,-1
182,1,414.90,226.60,74.05,208.58,0.5808,-1,-1,-1
182,2,101.03,545.70,69.52,247.32,0.6712,-1,-1,-1
182,3,996.94,915.70,58.54,163.05,0.7356,-1,-1,-1
182,4,1722.16,459.20,73.01,209.23,0.5284,-1,-1,-1
182,5,1357.36,576.66,84.08,222.41,0.4785,-1,-1,-1
182,18,867.79,177.71,71.14,185.73,0.5388,-1,-1,-1
182,19,409.06,645.10,89.54,249.99,0.7844,-1,-1,-1
182,25,606.95,279.14,60.42,204.36,0.2998,-1,-1,-1
182,6,231.35,567.60,65.59,203.93,0.5869,-1,-1,-1
182,8,526.36,297.78,60.20,199.81,0.4856,-1,-1,-1
182,27,751.15,275.28,57.73,193.42,0.3596,-1,-1,-1
182,21,940.67,122.66,65.03,174.91,0.2432,-1,-1,-1
182,28,1.32,618.69,98.36,234.99,0.6071,-1,-1,-1
183,1,416.14,228.03,72.89,206.53,0.5794,-1,-1,-1
183,2,101.15,545.90,69.28,247.76,0.6819,-1,-1,-1
183,3,995.66,916.22,58.20,162.21,0.7283,-1,-1,-1
183,4,1722.37,459.35,72.69,208.77,0.5237,-1,-1,-1
183,5,1357.37,576.87,84.60,223.26,0.4897,-1,-1,-1
183,18,868.05,176.78,72.33,186.90,0.5564,-1,-1,-1
183,19,408.57,643.61,92.12,251.39,0.7979,-1,-1,-1
183,25,607.14,280.00,59.56,209.72,0.3247,-1,-1,-1
183,6,231.15,566.22,66.05,204.86,0.5514,-1,-1,-1
183,8,524.16,296.30,63.58,204.84,0.4062,-1,-1,-1
183,27,749.94,276.71,60.10,194.17,0.3655,-1,-1,-1
183,21,939.88,121.90,64.53,176.84,0.1790,-1,-1,-1
183,28,3.03,621.35,102.15,237.49,0.6555,-1,-1,-1
184,1,416.71,227.64,73.14,206.77,0.5791,-1,-1,-1
184,2,100.85,545.90,68.92,248.05,0.6704,-1,-1,-1
184,3,994.65,917.70,57.83,161.48,0.7233,-1,-1,-1
184,4,1721.64,459.24,73.07,208.97,0.5334,-1,-1,-1
184,5,1357.52,576.57,84.81,224.59,0.4653,-1,-1,-1
184,18,868.14,176.59,72.70,187.25,0.5430,-1,-1,-1
184,19,408.96,642.24,93.27,252.48,0.7735,-1,-1,-1
184,25,607.54,279.55,60.48,212.34,0.3337,-1,-1,-1
184,6,231.99,565.35,65.41,208.05,0.5351,-1,-1,-1
184,8,521.67,253.40,66.87,251.28,0.3986,-1,-1,-1
184,27,750.09,278.65,60.49,192.91,0.3489,-1,-1,-1
184,21,934.85,120.19,63.12,175.74,0.1695,-1,-1,-1
184,28,6.43,622.43,99.21,235.29,0.6215,-1,-1,-1
185,1,416.03,227.22,73.77,207.08,0.5878,-1,-1,-1
185,2,100.31,546.13,68.65,247.33,0.6464,-1,-1,-1
185,3,993.20,918.34,58.29,160.04,0.7175,-1,-1,-1
185,4,1721.67,459.37,72.86,208.59,0.5027,-1,-1,-1
185,5,1357.72,575.97,84.16,221.04,0.4800,-1,-1,-1
185,18,867.92,177.36,74.41,188.37,0.5879,-1,-1,-1
185,19,408.63,642.30,94.80,252.42,0.7859,-1,-1,-1
185,25,607.41,285.80,59.77,208.42,0.3305,-1,-1,-1
185,6,232.19,564.99,65.92,209.41,0.5680,-1,-1,-1
185,8,521.49,276.17,66.16,229.62,0.4305,-1,-1,-1
185,27,750.43,280.36,62.01,191.92,0.3298,-1,-1,-1
185,28,12.12,622.16,94.95,234.30,0.6221,-1,-1,-1
186,1,415.73,226.70,74.13,207.23,0.5963,-1,-1,-1
186,2,99.78,546.48,68.98,246.54,0.6452,-1,-1,-1
186,3,992.01,918.50,57.90,160.18,0.7341,-1,-1,-1
186,4,1721.83,459.15,72.65,208.74,0.5033,-1,-1,-1
186,5,1357.39,574.83,84.22,224.09,0.4939,-1,-1,-1
186,18,867.83,176.18,74.51,190.42,0.5612,-1,-1,-1
186,19,408.80,640.91,94.75,254.25,0.7943,-1,-1,-1
186,25,607.76,285.25,59.50,207.96,0.3588,-1,-1,-1
186,6,230.94,564.76,66.59,208.47,0.5833,-1,-1,-1
186,8,523.28,293.73,62.29,210.29,0.4266,-1,-1,-1
186,27,753.01,281.69,61.03,191.53,0.2401,-1,-1,-1
186,28,15.75,620.19,94.51,235.81,0.6575,-1,-1,-1
187,1,415.90,225.36,74.24,209.04,0.6014,-1,-1,-1
187,2,98.37,546.56,70.35,244.19,0.6377,-1,-1,-1
187,3,989.79,918.95,59.50,159.54,0.7347,-1,-1,-1
187,4,1721.83,459.53,72.53,208.17,0.4952,-1,-1,-1
187,5,1357.54,573.73,84.10,224.82,0.5044,-1,-1,-1
187,18,867.58,176.19,75.01,191.30,0.5617,-1,-1,-1
187,19,408.74,639.17,94.80,255.66,0.7812,-1,-1,-1
187,25,607.50,287.17,59.93,203.64,0.3475,-1,-1,-1
187,6,229.80,563.96,67.16,209.29,0.6350,-1,-1,-1
187,8,525.15,299.35,60.13,207.07,0.5400,-1,-1,-1
187,27,752.72,281.21,63.65,192.30,0.2527,-1,-1,-1
187,28,21.23,620.13,96.60,239.04,0.6872,-1,-1,-1
188,1,415.97,225.68,74.47,207.72,0.5946,-1,-1,-1
188,2,97.19,546.29,71.27,242.33,0.5923,-1,-1,-1
188,3,988.66,919.27,60.16,159.23,0.7218,-1,-1,-1
188,4,1721.46,460.07,73.15,207.50,0.5075,-1,-1,-1
188,5,1357.71,572.73,84.00,225.90,0.4594,-1,-1,-1
188,18,868.18,176.99,74.83,187.12,0.4322,-1,-1,-1
188,19,410.07,637.44,93.24,256.18,0.7685,-1,-1,-1
188,25,606.67,288.91,59.84,201.41,0.3350,-1,-1,-1
188,6,228.71,562.02,68.12,210.91,0.6183,-1,-1,-1
188,8,524.28,300.19,61.55,207.39,0.5397,-1,-1,-1
188,27,752.51,281.33,62.81,192.08,0.3160,-1,-1,-1
188,28,23.31,619.12,102.34,240.52,0.7143,-1,-1,-1
189,1,416.01,224.63,74.31,207.65,0.5819,-1,-1,-1
189,2,95.58,546.47,70.85,239.07,0.5354,-1,-1,-1
189,3,987.43,919.78,59.82,158.85,0.7122,-1,-1,-1
189,4,1721.02,460.55,73.55,207.37,0.4816,-1,-1,-1
189,5,1357.87,572.63,82.47,220.82,0.4582,-1,-1,-1
189,18,867.38,177.04,77.83,186.45,0.4621,-1,-1,-1
189,19,409.92,634.35,92.67,258.11,0.7985,-1,-1,-1
189,25,605.84,297.24,59.54,193.70,0.3508,-1,-1,-1
189,6,229.30,558.43,65.91,209.77,0.5553,-1,-1,-1
189,8,523.55,303.62,62.47,206.68,0.5648,-1,-1,-1
189,27,753.10,281.51,63.46,190.62,0.2513,-1,-1,-1
189,28,24.50,619.56,107.99,241.95,0.6902,-1,-1,-1
190,1,416.74,224.26,73.81,207.46,0.5687,-1,-1,-1
190,2,94.13,546.42,71.30,233.03,0.4935,-1,-1,-1
190,3,986.33,920.67,59.49,157.65,0.7264,-1,-1,-1
190,4,1721.31,459.30,73.42,208.59,0.4643,-1,-1,-1
190,5,1357.80,572.27,81.83,218.99,0.4494,-1,-1,-1
190,18,867.40,178.31,80.90,185.03,0.5122,-1,-1,-1
190,19,411.45,633.44,89.41,256.70,0.7853,-1,-1,-1
190,25,605.35,297.35,59.97,194.89,0.3469,-1,-1,-1
190,6,229.63,555.47,64.75,207.92,0.5731,-1,-1,-1
190,8,522.65,303.44,64.38,208.86,0.5938,-1,-1,-1
190,27,753.26,281.51,61.76,190.61,0.2649,-1,-1,-1
190,28,27.19,621.12,111.90,244.95,0.6737,-1,-1,-1
191,1,417.43,223.13,73.72,207.55,0.5656,-1,-1,-1
191,2,95.33,545.80,69.17,199.70,0.5734,-1,-1,-1
191,3,985.28,921.71,59.30,155.83,0.7426,-1,-1,-1
191,4,1720.59,459.56,74.25,208.45,0.4924,-1,-1,-1
191,5,1357.89,571.62,85.27,227.75,0.4815,-1,-1,-1
191,18,869.37,175.66,79.52,185.43,0.4829,-1,-1,-1
191,19,411.98,630.74,87.18,255.73,0.7833,-1,-1,-1
191,25,604.74,302.64,60.25,190.61,0.3196,-1,-1,-1
191,6,229.65,552.15,63.59,206.33,0.5918,-1,-1,-1
191,8,522.31,303.53,65.73,210.11,0.5484,-1,-1,-1
191,27,753.26,282.40,59.77,190.61,0.2409,-1,-1,-1
191,28,29.61,622.19,118.61,248.93,0.6087,-1,-1,-1
192,1,418.29,222.79,73.66,207.67,0.5437,-1,-1,-1
192,2,95.43,545.17,68.86,186.33,0.5979,-1,-1,-1
192,3,984.47,922.55,58.60,154.73,0.7447,-1,-1,-1
192,4,1720.49,459.83,74.35,207.83,0.5382,-1,-1,-1
192,5,1357.54,571.01,85.55,225.18,0.4981,-1,-1,-1
192,18,871.41,173.36,78.07,185.72,0.5071,-1,-1,-1
192,19,412.38,626.20,85.49,253.08,0.7717,-1,-1,-1
192,25,603.88,305.64,60.22,187.57,0.3872,-1,-1,-1
192,6,228.62,550.31,64.79,204.96,0.6324,-1,-1,-1
192,8,522.42,304.88,66.19,209.01,0.5989,-1,-1,-1
192,27,753.31,282.99,59.12,191.30,0.2878,-1,-1,-1
192,28,32.62,624.81,121.05,251.24,0.5943,-1,-1,-1
193,1,418.01,221.29,74.37,208.35,0.5236,-1,-1,-1
193,2,94.88,545.06,68.69,180.10,0.5867,-1,-1,-1
193,3,983.91,922.36,57.68,155.23,0.7164,-1,-1,-1
193,4,1720.62,459.54,74.06,207.61,0.5201,-1,-1,-1
193,5,1357.53,570.68,85.68,228.30,0.4933,-1,-1,-1
193,18,874.20,172.85,75.57,184.91,0.4296,-1,-1,-1
193,19,412.60,622.56,84.05,249.58,0.7896,-1,-1,-1
193,25,602.84,307.76,60.65,186.13,0.3524,-1,-1,-1
193,6,228.54,547.29,64.77,206.32,0.6395,-1,-1,-1
193,8,521.55,307.82,67.29,206.11,0.5524,-1,-1,-1
193,27,752.89,284.43,60.18,194.72,0.2213,-1,-1,-1
193,28,36.78,628.35,116.70,247.92,0.5098,-1,-1,-1
194,1,418.09,221.52,75.21,207.02,0.5100,-1,-1,-1
194,2,93.64,544.78,69.88,175.60,0.6222,-1,-1,-1
194,3,982.03,921.99,59.32,156.01,0.7386,-1,-1,-1
194,4,1720.71,459.84,73.98,207.57,0.5017,-1,-1,-1
194,5,1357.03,570.46,85.56,230.31,0.4713,-1,-1,-1
194,18,875.49,172.80,74.79,182.66,0.3923,-1,-1,-1
194,19,413.41,619.16,80.85,248.23,0.7743,-1,-1,-1
194,25,602.06,308.55,60.36,186.29,0.3650,-1,-1,-1
194,6,228.38,545.64,64.68,205.73,0.6429,-1,-1,-1
194,8,520.30,308.94,68.34,205.42,0.5770,-1,-1,-1
194,27,752.84,288.76,58.76,192.23,0.2538,-1,-1,-1
194,28,40.62,631.16,113.70,243.72,0.5885,-1,-1,-1
195,1,418.59,219.59,75.16,209.57,0.5585,-1,-1,-1
195,2,93.18,544.57,69.98,174.44,0.6015,-1,-1,-1
195,3,981.83,922.25,58.84,155.77,0.7299,-1,-1,-1
195,4,1720.95,459.53,73.80,208.12,0.5215,-1,-1,-1
195,5,1356.92,570.16,84.60,222.50,0.5590,-1,-1,-1
195,18,877.66,170.57,73.02,179.46,0.3666,-1,-1,-1
195,19,413.20,617.32,80.40,247.28,0.7846,-1,-1,-1
195,25,601.32,309.47,60.63,184.90,0.4301,-1,-1,-1
195,6,228.46,544.33,63.66,207.23,0.6471,-1,-1,-1
195,8,517.89,309.00,70.92,206.61,0.6708,-1,-1,-1
195,27,752.60,289.83,60.94,192.27,0.2799,-1,-1,-1
195,28,42.88,633.40,111.78,237.32,0.6656,-1,-1,-1
196,1,419.57,218.00,73.88,209.75,0.5386,-1,-1,-1
196,2,93.17,544.30,69.23,174.81,0.5414,-1,-1,-1
196,3,980.29,921.92,60.60,156.48,0.7311,-1,-1,-1
196,4,1720.80,458.71,73.44,209.49,0.5037,-1,-1,-1
196,5,1356.61,571.26,84.43,220.31,0.5213,-1,-1,-1
196,18,880.64,169.40,69.36,176.94,0.4262,-1,-1,-1
196,19,410.04,614.27,83.21,248.15,0.7515,-1,-1,-1
196,25,601.30,311.20,60.93,182.85,0.4007,-1,-1,-1
196,6,227.33,543.85,63.68,207.22,0.6475,-1,-1,-1
196,8,517.75,310.60,71.41,206.93,0.6012,-1,-1,-1
196,27,752.73,291.27,62.17,191.27,0.3690,-1,-1,-1
196,28,46.13,635.86,109.04,241.82,0.6668,-1,-1,-1
197,1,419.39,216.55,75.59,209.44,0.5739,-1,-1,-1
197,2,93.85,544.05,67.56,171.07,0.5280,-1,-1,-1
197,3,977.91,922.05,62.72,156.49,0.7374,-1,-1,-1
197,4,1721.25,458.79,73.37,209.51,0.5006,-1,-1,-1
197,5,1356.52,571.41,84.18,218.69,0.5401,-1,-1,-1
197,18,882.24,168.35,67.07,176.32,0.4546,-1,-1,-1
197,19,406.23,611.20,86.22,249.34,0.7413,-1,-1,-1
197,25,601.00,311.84,61.02,182.45,0.4319,-1,-1,-1
197,6,226.49,543.24,63.96,208.79,0.6860,-1,-1,-1
197,8,515.75,308.45,73.62,210.73,0.6745,-1,-1,-1
197,27,753.19,293.27,61.35,189.02,0.3260,-1,-1,-1
197,28,50.56,638.92,108.73,246.71,0.6736,-1,-1,-1
198,1,420.36,215.35,75.70,208.73,0.5656,-1,-1,-1
198,2,95.40,543.85,65.29,169.72,0.5198,-1,-1,-1
198,3,976.43,921.47,62.30,157.26,0.7018,-1,-1,-1
198,4,1721.06,458.96,73.48,208.85,0.4964,-1,-1,-1
198,5,1356.52,571.69,84.70,218.97,0.5586,-1,-1,-1
198,18,885.05,161.45,64.48,182.70,0.4296,-1,-1,-1
198,19,402.30,610.46,89.18,250.74,0.7492,-1,-1,-1
198,25,600.83,312.73,60.78,182.24,0.4362,-1,-1,-1
198,6,226.11,542.33,64.52,209.65,0.6939,-1,-1,-1
198,8,515.50,311.57,73.42,210.54,0.6261,-1,-1,-1
198,27,754.11,294.65,62.71,189.53,0.3059,-1,-1,-1
198,28,54.59,641.62,107.95,247.50,0.6953,-1,-1,-1
199,1,419.57,214.29,76.78,206.44,0.5663,-1,-1,-1
199,2,95.64,544.26,64.59,169.73,0.5182,-1,-1,-1
199,3,974.02,921.39,63.90,157.45,0.7289,-1,-1,-1
199,4,1720.88,458.79,73.26,209.08,0.5286,-1,-1,-1
199,5,1355.45,571.11,85.68,221.56,0.5205,-1,-1,-1
199,18,885.74,158.03,65.51,186.05,0.3958,-1,-1,-1
199,19,399.30,609.90,91.88,252.51,0.7422,-1,-1,-1
199,25,601.18,313.83,60.15,180.23,0.4473,-1,-1,-1
199,6,226.24,542.51,64.44,209.19,0.7028,-1,-1,-1
199,8,515.92,314.44,72.52,210.15,0.6018,-1,-1,-1
199,27,752.23,295.69,63.33,192.63,0.2806,-1,-1,-1
199,28,57.27,644.02,107.44,247.98,0.7226,-1,-1,-1
200,1,419.19,212.56,77.43,205.70,0.5739,-1,-1,-1
200,2,95.66,543.87,64.26,166.50,0.5372,-1,-1,-1
200,3,972.53,920.61,63.87,157.68,0.7147,-1,-1,-1
200,4,1720.97,458.72,72.83,208.79,0.5340,-1,-1,-1
200,5,1355.82,571.27,83.29,218.31,0.5400,-1,-1,-1
200,18,885.34,158.72,67.55,186.82,0.4004,-1,-1,-1
200,19,397.79,609.37,92.32,252.29,0.7471,-1,-1,-1
200,25,601.48,315.26,59.97,178.71,0.4225,-1,-1,-1
200,6,226.01,541.95,63.65,208.70,0.7167,-1,-1,-1
200,8,517.30,317.83,69.64,209.47,0.5842,-1,-1,-1
200,27,751.76,296.12,63.52,194.37,0.3102,-1,-1,-1
200,28,60.26,648.06,104.15,245.01,0.7122,-1,-1,-1
201,1,419.36,211.41,78.64,206.02,0.5669,-1,-1,-1
201,2,94.92,543.90,64.42,165.67,0.4987,-1,-1,-1
201,3,971.68,920.07,63.28,158.01,0.7218,-1,-1,-1
201,4,1720.95,458.31,72.69,209.05,0.5539,-1,-1,-1
201,5,1355.73,571.05,82.21,219.26,0.5451,-1,-1,-1
201,18,886.22,158.31,69.37,187.17,0.4226,-1,-1,-1
201,19,395.92,608.91,93.28,252.22,0.7428,-1,-1,-1
201,25,601.84,318.15,58.72,173.84,0.4311,-1,-1,-1
201,6,226.11,541.16,63.00,209.04,0.7041,-1,-1,-1
201,8,516.46,318.92,70.36,212.03,0.5941,-1,-1,-1
201,27,752.31,296.81,63.84,195.36,0.2938,-1,-1,-1
201,28,64.43,653.16,99.42,240.56,0.7342,-1,-1,-1
202,1,419.52,210.25,79.60,205.54,0.5610,-1,-1,-1
202,2,96.42,543.10,62.84,156.85,0.4446,-1,-1,-1
202,3,970.92,919.53,62.44,158.72,0.7279,-1,-1,-1
202,4,1721.34,458.34,72.63,209.50,0.5819,-1,-1,-1
202,5,1355.32,571.06,81.47,216.66,0.5172,-1,-1,-1
202,18,887.86,157.69,70.33,185.99,0.4323,-1,-1,-1
202,19,395.93,608.33,92.70,250.86,0.7354,-1,-1,-1
202,25,601.94,321.98,57.81,168.98,0.4481,-1,-1,-1
202,6,225.44,539.98,63.58,210.30,0.7057,-1,-1,-1
202,8,516.17,318.51,71.74,214.75,0.6122,-1,-1,-1
202,27,754.71,298.22,60.38,196.18,0.2839,-1,-1,-1
202,28,66.99,656.03,96.35,237.71,0.7427,-1,-1,-1
203,1,420.82,208.97,78.81,206.45,0.4910,-1,-1,-1
203,2,97.07,542.98,61.34,152.20,0.3301,-1,-1,-1
203,3,970.27,919.00,62.94,159.03,0.7357,-1,-1,-1
203,4,1721.02,458.30,72.98,209.60,0.5910,-1,-1,-1
203,5,1356.13,571.95,81.22,212.43,0.5458,-1,-1,-1
203,18,887.77,156.59,70.78,186.32,0.4726,-1,-1,-1
203,19,394.99,606.98,92.25,249.20,0.7339,-1,-1,-1
203,25,602.02,322.85,57.45,167.37,0.4457,-1,-1,-1
203,6,223.80,537.81,64.88,211.63,0.6996,-1,-1,-1
203,8,515.90,318.52,72.22,215.95,0.5676,-1,-1,-1
203,27,755.50,299.12,59.37,195.34,0.2681,-1,-1,-1
203,28,69.13,657.71,95.21,235.38,0.6964,-1,-1,-1
203,32,1154.29,138.47,56.26,183.63,0.3753,-1,-1,-1
204,1,422.88,208.48,77.54,206.69,0.4480,-1,-1,-1
204,2,97.34,543.21,60.57,149.18,0.3513,-1,-1,-1
204,3,968.45,916.85,63.12,161.06,0.7307,-1,-1,-1
204,4,1721.04,458.81,73.13,209.24,0.5781,-1,-1,-1
204,5,1356.59,571.62,82.35,213.48,0.5603,-1,-1,-1
204,18,887.68,156.56,71.55,186.20,0.5037,-1,-1,-1
204,19,396.16,603.31,90.18,249.93,0.7216,-1,-1,-1
204,25,602.46,324.63,57.00,166.82,0.3988,-1,-1,-1
204,6,223.08,535.58,64.71,211.29,0.6727,-1,-1,-1
204,8,513.51,318.36,73.85,217.97,0.5869,-1,-1,-1
204,27,756.08,299.39,58.73,196.08,0.2726,-1,-1,-1
204,28,70.56,658.82,95.23,233.49,0.6856,-1,-1,-1
204,32,1153.48,140.60,54.55,180.17,0.3813,-1,-1,-1
205,1,423.96,208.20,77.48,206.95,0.4663,-1,-1,-1
205,2,97.31,542.79,60.17,146.23,0.3398,-1,-1,-1
205,3,967.20,915.71,62.58,162.37,0.7310,-1,-1,-1
205,4,1720.46,458.73,73.85,209.80,0.5665,-1,-1,-1
205,5,1356.34,571.61,82.57,214.31,0.5317,-1,-1,-1
205,18,888.76,155.36,69.84,187.22,0.4669,-1,-1,-1
205,19,394.65,600.26,90.83,251.17,0.7193,-1,-1,-1
205,25,603.52,325.05,56.19,167.02,0.3882,-1,-1,-1
205,6,220.93,531.93,65.85,210.41,0.6652,-1,-1,-1
205,8,514.06,318.45,73.92,218.35,0.5049,-1,-1,-1
205,27,756.37,299.79,59.15,196.00,0.3386,-1,-1,-1
205,28,71.52,657.87,97.54,234.34,0.7375,-1,-1,-1
205,32,1151.90,139.52,54.97,180.99,0.3937,-1,-1,-1
206,1,423.43,205.90,78.73,208.01,0.5126,-1,-1,-1
206,2,97.34,542.87,60.89,145.54,0.3889,-1,-1,-1
206,3,965.51,914.97,62.90,162.94,0.7458,-1,-1,-1
206,4,1720.34,458.93,74.38,209.64,0.5679,-1,-1,-1
206,5,1355.69,571.40,82.24,215.19,0.5380,-1,-1,-1
206,18,890.35,155.62,68.81,185.09,0.5184,-1,-1,-1
206,19,395.28,597.93,89.13,251.96,0.7334,-1,-1,-1
206,25,604.00,325.27,55.88,166.65,0.4112,-1,-1,-1
206,6,221.00,529.31,64.33,205.00,0.6692,-1,-1,-1
206,8,513.07,319.57,74.83,218.11,0.5080,-1,-1,-1
206,27,757.95,299.72,58.32,195.93,0.3774,-1,-1,-1
206,28,75.04,657.47,97.88,234.46,0.7627,-1,-1,-1
206,32,1150.18,138.28,55.18,182.09,0.4033,-1,-1,-1
206,34,0.49,601.05,76.74,237.91,0.4629,-1,-1,-1
207,1,423.31,205.11,79.46,207.42,0.4888,-1,-1,-1
207,2,97.95,543.22,60.84,146.19,0.4421,-1,-1,-1
207,3,964.25,913.60,62.56,164.43,0.7476,-1,-1,-1
207,4,1720.59,458.90,73.92,209.01,0.5735,-1,-1,-1
207,5,1356.87,570.90,80.70,213.84,0.4978,-1,-1,-1
207,18,890.96,154.48,70.71,188.68,0.5108,-1,-1,-1
207,19,395.89,596.34,87.65,248.41,0.7456,-1,-1,-1
207,25,604.09,325.59,55.96,167.17,0.4119,-1,-1,-1
207,6,221.50,526.94,63.10,202.52,0.6494,-1,-1,-1
207,8,511.52,319.90,75.49,217.44,0.5340,-1,-1,-1
207,27,758.92,299.09,58.13,195.57,0.3295,-1,-1,-1
207,28,79.78,659.07,102.13,235.45,0.7234,-1,-1,-1
207,32,1147.60,137.58,55.34,183.13,0.3709,-1,-1,-1
207,34,0.45,607.70,81.70,231.65,0.2663,-1,-1,-1
208,1,424.19,205.71,78.47,207.68,0.4770,-1,-1,-1
208,2,98.24,543.54,61.15,146.63,0.3912,-1,-1,-1
208,3,961.99,912.78,63.42,165.58,0.7408,-1,-1,-1
208,4,1721.19,458.77,73.41,209.58,0.5807,-1,-1,-1
208,5,1357.30,570.52,80.14,213.98,0.5151,-1,-1,-1
208,18,892.60,152.97,69.16,190.75,0.4737,-1,-1,-1
208,19,397.47,593.72,85.42,245.52,0.7482,-1,-1,-1
208,25,603.40,324.98,56.66,167.00,0.4062,-1,-1,-1
208,6,220.41,524.96,64.07,202.39,0.6129,-1,-1,-1
208,8,509.23,322.78,76.07,213.90,0.5138,-1,-1,-1
208,27,758.67,298.95,58.76,195.82,0.3510,-1,-1,-1
208,28,84.08,660.45,106.61,239.38,0.7345,-1,-1,-1
208,32,1144.93,136.97,55.95,183.77,0.3935,-1,-1,-1
208,34,0.84,606.93,85.34,233.27,0.3637,-1,-1,-1
209,1,425.16,205.82,77.63,208.62,0.4398,-1,-1,-1
209,2,98.78,544.87,61.33,148.28,0.3752,-1,-1,-1
209,3,960.95,912.43,62.24,166.14,0.7305,-1,-1,-1
209,4,1721.50,457.88,73.05,210.30,0.5548,-1,-1,-1
209,5,1357.39,570.69,78.25,214.94,0.4956,-1,-1,-1
209,18,893.72,151.69,68.68,190.11,0.4535,-1,-1,-1
209,19,398.66,591.22,83.01,241.75,0.7519,-1,-1,-1
209,25,602.31,324.53,57.08,167.97,0.3730,-1,-1,-1
209,6,220.31,523.24,63.70,202.26,0.6256,-1,-1,-1
209,8,508.55,323.59,75.27,213.09,0.5572,-1,-1,-1
209,27,758.82,300.91,59.20,195.23,0.3531,-1,-1,-1
209,28,86.64,664.37,112.33,239.78,0.7617,-1,-1,-1
209,32,1142.44,137.52,56.75,182.45,0.3427,-1,-1,-1
209,34,0.95,606.78,85.29,235.26,0.5766,-1,-1,-1
210,1,425.46,205.33,76.81,209.71,0.4219,-1,-1,-1
210,2,99.66,543.71,61.03,150.29,0.3845,-1,-1,-1
210,3,958.45,912.05,63.02,166.95,0.7292,-1,-1,-1
210,4,1721.30,458.08,73.21,210.40,0.5698,-1,-1,-1
210,5,1357.14,570.85,78.29,214.99,0.5190,-1,-1,-1
210,18,894.40,150.95,67.83,189.75,0.4767,-1,-1,-1
210,19,400.06,589.80,81.10,238.65,0.7551,-1,-1,-1
210,25,602.09,323.69,57.38,175.26,0.3335,-1,-1,-1
210,6,219.30,522.12,64.79,203.15,0.6205,-1,-1,-1
210,8,508.23,324.00,74.17,213.27,0.5971,-1,-1,-1
210,27,759.64,303.70,60.45,195.89,0.3198,-1,-1,-1
210,28,86.63,666.72,118.05,240.35,0.7543,-1,-1,-1
210,32,1141.03,137.61,56.49,181.83,0.3409,-1,-1,-1
210,34,1.37,607.36,86.51,234.18,0.5913,-1,-1,-1
211,1,426.60,204.87,76.29,209.71,0.4367,-1,-1,-1
211,2,100.04,543.62,62.29,151.93,0.3776,-1,-1,-1
211,3,956.05,912.09,64.00,166.65,0.7376,-1,-1,-1
211,4,1720.99,458.81,73.47,208.63,0.5500,-1,-1,-1
211,5,1356.50,570.39,78.24,218.21,0.5124,-1,-1,-1
211,18,895.03,150.26,68.67,186.99,0.4973,-1,-1,-1
211,19,400.72,587.22,79.91,238.18,0.7515,-1,-1,-1
211,25,601.16,324.89,59.00,179.19,0.2912,-1,-1,-1
211,6,217.96,520.75,65.46,204.38,0.5994,-1,-1,-1
211,8,508.06,324.18,73.25,212.02,0.5998,-1,-1,-1
211,27,759.00,305.44,63.31,197.53,0.3100,-1,-1,-1
211,28,91.14,668.76,115.86,241.12,0.7521,-1,-1,-1
211,32,1138.88,137.59,56.63,182.41,0.3332,-1,-1,-1
211,34,0.90,611.20,88.80,230.12,0.5870,-1,-1,-1
212,1,426.27,203.59,77.01,210.06,0.4024,-1,-1,-1
212,2,101.03,543.88,62.91,156.02,0.4590,-1,-1,-1
212,3,954.15,911.14,64.58,168.48,0.7329,-1,-1,-1
212,4,1720.70,459.23,73.99,209.39,0.5753,-1,-1,-1
212,5,1356.42,570.82,78.12,219.24,0.5009,-1,-1,-1
212,18,897.46,148.12,68.03,184.54,0.4892,-1,-1,-1
212,19,400.18,585.28,80.89,238.59,0.7133,-1,-1,-1
212,25,600.24,326.85,60.87,178.67,0.2731,-1,-1,-1
212,6,216.76,519.56,65.92,205.46,0.6211,-1,-1,-1
212,8,507.46,325.47,72.67,210.86,0.5918,-1,-1,-1
212,27,757.76,305.36,65.75,196.50,0.2972,-1,-1,-1
212,28,96.65,670.26,111.37,243.64,0.7423,-1,-1,-1
212,32,1137.31,137.66,57.06,182.43,0.2957,-1,-1,-1
212,34,12.16,610.64,85.59,232.94,0.5596,-1,-1,-1
213,1,426.04,202.11,77.22,210.20,0.4076,-1,-1,-1
213,2,101.58,543.94,63.51,167.43,0.4890,-1,-1,-1
213,3,951.97,910.12,65.02,169.78,0.7463,-1,-1,-1
213,4,1720.61,459.09,74.46,209.76,0.5666,-1,-1,-1
213,5,1356.04,570.60,78.45,220.78,0.5398,-1,-1,-1
213,18,899.05,145.54,67.41,183.94,0.5013,-1,-1,-1
213,19,400.15,582.85,81.62,241.01,0.7104,-1,-1,-1
213,25,600.39,327.74,60.61,184.47,0.3035,-1,-1,-1
213,6,215.90,518.83,65.79,204.68,0.6150,-1,-1,-1
213,8,507.46,326.04,71.47,211.23,0.6299,-1,-1,-1
213,27,758.15,309.16,66.99,194.98,0.2898,-1,-1,-1
213,28,100.32,669.99,108.29,248.06,0.7477,-1,-1,-1
213,32,1133.51,137.15,59.61,182.49,0.2762,-1,-1,-1
213,34,21.97,610.51,79.74,233.79,0.5290,-1,-1,-1
214,1,425.88,201.33,76.35,210.40,0.3946,-1,-1,-1
214,2,101.63,545.92,65.33,171.93,0.4908,-1,-1,-1
214,3,951.10,908.96,64.45,171.05,0.7357,-1,-1,-1
214,4,1721.24,459.39,73.85,207.98,0.5645,-1,-1,-1
214,5,1355.49,571.07,78.51,218.74,0.5271,-1,-1,-1
214,18,900.78,142.56,66.50,185.20,0.4662,-1,-1,-1
214,19,399.37,580.26,84.20,243.50,0.6935,-1,-1,-1
214,25,600.62,330.49,59.67,191.87,0.3601,-1,-1,-1
214,6,215.73,518.42,65.91,203.60,0.5915,-1,-1,-1
214,8,508.21,325.23,71.58,211.25,0.7047,-1,-1,-1
214,27,755.53,310.27,71.82,194.16,0.2895,-1,-1,-1
214,28,105.30,667.75,104.16,252.69,0.7556,-1,-1,-1
214,32,1131.18,136.20,59.11,181.50,0.2832,-1,-1,-1
214,34,32.55,613.09,70.85,232.81,0.5563,-1,-1,-1
215,1,426.80,200.61,75.27,209.66,0.3774,-1,-1,-1
215,2,101.88,547.46,67.49,171.68,0.4498,-1,-1,-1
215,3,949.79,908.86,63.58,171.19,0.7452,-1,-1,-1
215,4,1721.39,459.60,73.73,207.68,0.5782,-1,-1,-1
215,5,1356.04,571.50,78.37,216.08,0.5403,-1,-1,-1
215,18,901.75,141.82,66.29,185.52,0.4448,-1,-1,-1
215,19,398.69,578.67,86.44,244.91,0.7152,-1,-1,-1
215,25,600.64,332.49,60.98,197.63,0.3784,-1,-1,-1
215,6,215.78,517.56,65.47,203.69,0.5843,-1,-1,-1
215,8,508.70,325.43,71.05,213.19,0.6742,-1,-1,-1
215,27,757.82,312.14,71.33,192.44,0.3765,-1,-1,-1
215,28,110.43,666.04,98.76,256.31,0.7662,-1,-1,-1
215,32,1129.62,135.18,58.25,182.58,0.2962,-1,-1,-1
215,34,40.71,612.98,70.82,234.77,0.5209,-1,-1,-1
216,1,426.96,201.07,74.32,205.38,0.3520,-1,-1,-1
216,2,102.28,547.81,69.42,172.91,0.4643,-1,-1,-1
216,3,949.35,908.88,62.69,171.15,0.7376,-1,-1,-1
216,4,1721.62,459.06,73.19,208.58,0.5417,-1,-1,-1
216,5,1355.88,571.18,79.31,217.47,0.5404,-1,-1,-1
216,18,901.96,140.79,66.23,186.22,0.5114,-1,-1,-1
216,19,399.18,577.96,87.28,245.91,0.7187,-1,-1,-1
216,25,599.82,333.27,62.74,199.97,0.3830,-1,-1,-1
216,6,215.02,516.68,65.29,201.97,0.5842,-1,-1,-1
216,8,508.36,326.90,70.63,215.56,0.6221,-1,-1,-1
216,27,756.59,313.56,73.05,192.17,0.3829,-1,-1,-1
216,28,114.73,664.13,94.06,259.08,0.7806,-1,-1,-1
216,32,1128.40,133.33,57.37,184.34,0.3453,-1,-1,-1
216,34,45.27,611.76,70.87,238.88,0.6183,-1,-1,-1
217,1,427.02,199.66,73.29,203.67,0.3484,-1,-1,-1
217,2,102.19,548.81,68.63,172.12,0.3979,-1,-1,-1
217,3,949.17,908.70,61.46,171.37,0.7374,-1,-1,-1
217,4,1721.28,459.05,73.47,208.86,0.5315,-1,-1,-1
217,5,1355.21,571.54,81.13,218.20,0.5258,-1,-1,-1
217,18,901.72,140.55,67.18,185.49,0.4604,-1,-1,-1
217,19,398.95,576.77,88.69,246.58,0.7099,-1,-1,-1
217,25,600.55,336.15,60.13,200.66,0.3870,-1,-1,-1
217,6,217.26,515.77,62.00,203.45,0.5800,-1,-1,-1
217,8,508.75,328.99,69.88,217.26,0.5991,-1,-1,-1
217,27,756.43,315.23,75.01,190.62,0.3677,-1,-1,-1
217,28,115.50,663.45,93.75,259.91,0.7908,-1,-1,-1
217,32,1127.87,131.22,55.75,187.00,0.2889,-1,-1,-1
217,34,49.51,613.41,72.96,239.48,0.6280,-1,-1,-1
218,1,426.75,198.72,74.23,201.75,0.3752,-1,-1,-1
218,2,102.66,548.59,68.63,148.77,0.3216,-1,-1,-1
218,3,946.94,908.29,63.09,171.78,0.7344,-1,-1,-1
218,4,1721.46,459.25,73.21,209.36,0.5225,-1,-1,-1
218,5,1354.99,571.39,81.04,218.68,0.4938,-1,-1,-1
218,18,901.89,140.75,67.07,183.90,0.3776,-1,-1,-1
218,19,398.47,576.18,89.86,246.48,0.7189,-1,-1,-1
218,25,599.34,339.22,60.11,199.26,0.4311,-1,-1,-1
218,6,218.69,514.22,58.96,205.33,0.5482,-1,-1,-1
218,8,509.64,330.15,68.23,219.49,0.6173,-1,-1,-1
218,27,759.57,315.26,71.57,192.01,0.3127,-1,-1,-1
218,28,118.61,664.07,92.53,258.97,0.7803,-1,-1,-1
218,32,1126.02,129.66,56.29,188.07,0.2834,-1,-1,-1
218,34,53.39,616.86,80.20,237.74,0.4969,-1,-1,-1
219,1,427.72,197.06,73.53,199.52,0.3551,-1,-1,-1
219,2,101.33,548.95,71.05,137.07,0.3710,-1,-1,-1
219,3,943.66,907.40,65.52,172.52,0.7538,-1,-1,-1
219,4,1721.31,458.96,73.18,209.84,0.5485,-1,-1,-1
219,5,1354.90,571.76,81.28,217.42,0.5037,-1,-1,-1
219,18,900.86,140.34,69.01,186.46,0.4737,-1,-1,-1
219,19,399.31,574.98,88.78,245.74,0.6946,-1,-1,-1
219,25,598.34,341.26,59.77,199.60,0.4980,-1,-1,-1
219,6,217.40,511.87,58.45,203.50,0.5354,-1,-1,-1
219,8,510.47,331.56,66.90,220.06,0.6280,-1,-1,-1
219,27,758.92,315.76,72.57,190.98,0.2996,-1,-1,-1
219,28,121.92,663.07,90.97,258.56,0.7718,-1,-1,-1
219,32,1124.97,128.33,56.25,189.33,0.3216,-1,-1,-1
219,34,56.87,623.39,82.08,228.40,0.5830,-1,-1,-1
220,1,428.18,196.55,72.41,198.59,0.3742,-1,-1,-1
220,2,96.82,549.69,76.00,134.54,0.3996,-1,-1,-1
220,3,941.40,905.97,67.35,174.05,0.7481,-1,-1,-1
220,4,1721.31,459.01,73.41,209.39,0.5642,-1,-1,-1
220,5,1354.60,571.10,82.65,218.29,0.5130,-1,-1,-1
220,18,899.52,140.82,71.56,187.43,0.5145,-1,-1,-1
220,19,398.52,572.48,88.67,246.88,0.7156,-1,-1,-1
220,25,598.16,342.27,58.76,200.48,0.5147,-1,-1,-1
220,6,215.15,508.30,58.66,202.28,0.5506,-1,-1,-1
220,8,510.50,333.97,65.65,218.43,0.6369,-1,-1,-1
220,27,758.71,317.33,74.82,189.57,0.3103,-1,-1,-1
220,28,123.58,665.29,94.34,253.09,0.7425,-1,-1,-1
220,32,1123.79,126.98,56.23,189.05,0.2868,-1,-1,-1
220,34,59.02,629.33,85.56,223.06,0.6052,-1,-1,-1
221,1,428.85,195.32,71.77,199.09,0.3794,-1,-1,-1
221,2,92.04,550.59,81.95,136.09,0.4767,-1,-1,-1
221,3,938.44,905.01,68.83,175.04,0.7478,-1,-1,-1
221,4,1721.03,458.62,73.49,209.33,0.5864,-1,-1,-1
221,5,1354.49,571.39,82.88,218.11,0.5156,-1,-1,-1
221,18,900.73,141.08,70.59,188.01,0.5417,-1,-1,-1
221,19,399.26,569.67,86.73,248.01,0.6923,-1,-1,-1
221,25,597.78,344.07,58.21,200.58,0.5801,-1,-1,-1
221,6,213.25,504.95,59.83,201.53,0.5997,-1,-1,-1
221,8,510.49,336.19,66.39,218.67,0.6034,-1,-1,-1
221,27,760.91,315.59,72.54,191.41,0.3331,-1,-1,-1
221,28,126.69,667.14,96.62,252.22,0.7301,-1,-1,-1
221,32,1122.33,126.50,56.68,187.07,0.3121,-1,-1,-1
221,34,62.45,633.88,87.59,219.96,0.6305,-1,-1,-1
222,1,429.27,194.04,71.45,199.73,0.3578,-1,-1,-1
222,2,92.86,551.08,81.64,150.01,0.3797,-1,-1,-1
222,3,935.98,904.94,71.28,175.20,0.7533,-1,-1,-1
222,4,1721.37,458.53,73.62,208.97,0.5638,-1,-1,-1
222,5,1354.53,571.57,83.77,219.54,0.4860,-1,-1,-1
222,18,901.49,140.65,69.13,187.25,0.4980,-1,-1,-1
222,19,399.20,566.10,85.31,249.94,0.7094,-1,-1,-1
222,25,596.73,345.53,58.79,200.00,0.5701,-1,-1,-1
222,6,209.64,503.50,63.71,200.87,0.5618,-1,-1,-1
222,8,511.17,336.89,65.44,218.96,0.5869,-1,-1,-1
222,27,768.12,316.34,65.65,191.68,0.2692,-1,-1,-1
222,28,129.86,668.87,104.47,251.83,0.7160,-1,-1,-1
222,32,1121.63,127.95,53.72,180.14,0.2885,-1,-1,-1
222,34,65.75,632.72,92.31,224.00,0.5137,-1,-1,-1
223,1,431.00,193.76,70.23,201.21,0.3377,-1,-1,-1
223,2,93.88,552.11,81.17,143.57,0.4595,-1,-1,-1
223,3,934.75,904.68,72.21,175.45,0.7456,-1,-1,-1
223,4,1722.02,457.96,72.60,209.23,0.5424,-1,-1,-1
223,5,1354.63,571.67,84.54,220.89,0.4526,-1,-1,-1
223,18,900.80,140.58,69.00,185.93,0.4489,-1,-1,-1
223,19,399.08,564.24,84.24,246.80,0.7257,-1,-1,-1
223,25,595.70,346.56,59.13,199.20,0.5594,-1,-1,-1
223,6,208.65,502.46,64.89,200.31,0.5643,-1,-1,-1
223,8,511.17,337.56,66.13,218.67,0.5835,-1,-1,-1
223,27,770.30,315.98,66.05,193.62,0.3005,-1,-1,-1
223,28,132.00,670.56,110.79,255.94,0.6903,-1,-1,-1
223,32,1119.58,128.20,53.94,178.91,0.3350,-1,-1,-1
223,34,68.94,634.20,90.92,224.80,0.5791,-1,-1,-1
224,1,432.33,193.37,69.91,202.00,0.3577,-1,-1,-1
224,2,95.35,552.59,79.99,142.85,0.3632,-1,-1,-1
224,3,934.47,904.34,71.76,175.71,0.7161,-1,-1,-1
224,4,1721.68,458.70,73.14,208.97,0.5487,-1,-1,-1
224,5,1354.67,571.62,87.42,226.57,0.4353,-1,-1,-1
224,18,902.08,138.14,70.32,186.33,0.4197,-1,-1,-1
224,19,398.73,561.01,82.79,241.66,0.7171,-1,-1,-1
224,25,594.88,346.99,59.52,198.67,0.5603,-1,-1,-1
224,6,211.13,500.84,60.60,201.39,0.5535,-1,-1,-1
224,8,511.51,338.24,67.24,218.37,0.5859,-1,-1,-1
224,27,771.77,316.44,66.04,193.38,0.2948,-1,-1,-1
224,28,134.23,674.43,116.51,258.67,0.7254,-1,-1,-1
224,32,1117.98,127.87,53.70,178.99,0.3189,-1,-1,-1
224,34,72.95,635.37,86.50,222.98,0.5422,-1,-1,-1
225,1,431.21,192.11,71.24,203.79,0.3693,-1,-1,-1
225,2,96.77,553.15,78.45,147.24,0.3705,-1,-1,-1
225,3,934.21,903.43,71.68,176.55,0.7277,-1,-1,-1
225,4,1721.28,458.74,73.82,209.43,0.5840,-1,-1,-1
225,5,1354.84,572.10,89.00,230.46,0.4103,-1,-1,-1
225,18,903.37,137.27,71.25,185.72,0.3902,-1,-1,-1
225,19,397.96,558.02,81.20,238.02,0.7170,-1,-1,-1
225,25,594.20,348.12,59.39,196.89,0.5705,-1,-1,-1
225,6,211.62,499.48,59.63,200.96,0.6084,-1,-1,-1
225,8,511.84,338.82,68.71,217.80,0.5865,-1,-1,-1
225,27,772.46,316.86,69.91,194.92,0.3959,-1,-1,-1
225,28,136.45,677.39,118.22,262.78,0.7732,-1,-1,-1
225,32,1115.56,127.31,54.81,179.11,0.3688,-1,-1,-1
225,34,78.99,638.37,80.37,225.62,0.5941,-1,-1,-1
226,1,431.49,190.53,71.64,204.95,0.3925,-1,-1,-1
226,2,98.35,554.08,78.56,151.80,0.4247,-1,-1,-1
226,3,932.53,902.27,73.33,177.66,0.7226,-1,-1,-1
226,4,1721.23,458.30,74.17,210.27,0.5769,-1,-1,-1
226,5,1354.85,573.40,90.77,227.00,0.4488,-1,-1,-1
226,18,905.90,135.64,67.95,184.92,0.3656,-1,-1,-1
226,19,394.27,555.46,84.16,237.94,0.7250,-1,-1,-1
226,25,592.66,348.03,60.32,196.61,0.5807,-1,-1,-1
226,6,207.74,498.99,64.62,201.49,0.6060,-1,-1,-1
226,8,510.09,339.56,71.74,217.30,0.6155,-1,-1,-1
226,27,775.56,316.54,68.39,197.07,0.3801,-1,-1,-1
226,28,138.93,680.02,117.68,264.68,0.7539,-1,-1,-1
226,32,1113.65,126.81,55.24,176.50,0.3614,-1,-1,-1
226,34,84.29,640.12,78.51,226.82,0.6079,-1,-1,-1
227,1,432.12,188.72,71.91,207.19,0.4145,-1,-1,-1
227,2,99.81,554.43,78.94,155.29,0.4687,-1,-1,-1
227,3,932.08,901.87,73.14,178.06,0.7081,-1,-1,-1
227,4,1721.41,458.28,73.70,210.04,0.5957,-1,-1,-1
227,5,1354.89,573.88,90.37,226.22,0.4627,-1,-1,-1
227,18,908.60,133.95,64.56,186.61,0.3490,-1,-1,-1
227,19,391.92,553.04,85.24,238.73,0.7344,-1,-1,-1
227,25,590.57,347.90,62.14,197.37,0.5905,-1,-1,-1
227,6,207.40,497.92,65.62,203.21,0.6048,-1,-1,-1
227,8,509.54,342.31,72.97,213.91,0.6181,-1,-1,-1
227,27,777.10,317.62,73.75,200.00,0.3027,-1,-1,-1
227,28,142.95,682.46,115.44,268.13,0.7643,-1,-1,-1
227,32,1112.26,125.64,55.30,177.76,0.3726,-1,-1,-1
227,34,91.35,639.46,76.36,227.96,0.5921,-1,-1,-1
228,1,432.89,188.19,71.86,207.60,0.4362,-1,-1,-1
228,2,100.93,554.97,79.18,148.88,0.4599,-1,-1,-1
228,3,932.09,901.10,72.83,178.86,0.6954,-1,-1,-1
228,4,1721.49,459.17,73.75,208.65,0.5956,-1,-1,-1
228,5,1354.60,575.24,94.23,229.27,0.4474,-1,-1,-1
228,18,909.95,132.85,65.51,182.34,0.3559,-1,-1,-1
228,19,388.06,551.77,88.36,239.41,0.7352,-1,-1,-1
228,25,589.17,348.99,62.98,196.06,0.5721,-1,-1,-1
228,6,207.63,496.87,66.12,203.70,0.6215,-1,-1,-1
228,8,509.45,342.04,72.02,213.84,0.6387,-1,-1,-1
228,27,777.94,318.69,74.38,203.55,0.3923,-1,-1,-1
228,28,147.51,686.50,108.09,266.95,0.7345,-1,-1,-1
228,32,1109.34,125.24,56.76,179.16,0.3302,-1,-1,-1
228,34,96.11,640.07,77.31,230.55,0.6010,-1,-1,-1
229,1,433.82,187.79,70.80,208.60,0.4224,-1,-1,-1
229,2,101.93,555.95,80.02,143.04,0.4673,-1,-1,-1
229,3,931.51,900.36,73.14,179.66,0.7155,-1,-1,-1
229,4,1720.96,459.30,74.18,208.88,0.6028,-1,-1,-1
229,5,1354.41,575.96,93.11,223.78,0.4909,-1,-1,-1
229,18,912.36,131.97,65.67,178.54,0.3882,-1,-1,-1
229,19,384.89,549.60,91.12,241.70,0.7255,-1,-1,-1
229,25,588.39,349.76,63.22,195.10,0.5615,-1,-1,-1
229,6,206.81,495.82,66.85,204.92,0.5912,-1,-1,-1
229,8,509.17,343.65,72.66,212.49,0.6495,-1,-1,-1
229,27,777.30,318.29,72.68,208.61,0.3436,-1,-1,-1
229,28,149.35,689.73,103.28,265.91,0.7290,-1,-1,-1
229,32,1105.09,124.90,59.79,180.00,0.3414,-1,-1,-1
229,34,102.53,642.74,75.80,226.42,0.5913,-1,-1,-1
230,1,435.02,187.41,70.16,206.74,0.4565,-1,-1,-1
230,2,102.23,556.53,82.06,133.28,0.4543,-1,-1,-1
230,3,931.77,899.73,72.69,180.33,0.7126,-1,-1,-1
230,4,1720.94,459.51,74.21,208.51,0.5841,-1,-1,-1
230,5,1354.35,575.42,95.70,227.61,0.4598,-1,-1,-1
230,18,915.33,130.57,65.46,175.27,0.3404,-1,-1,-1
230,19,382.55,546.71,93.29,245.80,0.7325,-1,-1,-1
230,25,587.47,351.17,64.03,194.01,0.5281,-1,-1,-1
230,6,205.63,494.62,67.98,204.78,0.5886,-1,-1,-1
230,8,509.43,344.44,72.62,213.22,0.6390,-1,-1,-1
230,27,779.15,318.97,73.17,211.21,0.3199,-1,-1,-1
230,28,148.81,693.05,105.95,264.77,0.7489,-1,-1,-1
230,32,1097.24,125.55,66.86,179.36,0.3479,-1,-1,-1
230,34,107.90,645.09,73.92,218.73,0.5594,-1,-1,-1
231,1,435.94,186.86,70.48,204.85,0.4376,-1,-1,-1
231,2,102.36,556.79,82.67,128.87,0.4820,-1,-1,-1
231,3,931.29,899.29,73.18,180.68,0.7279,-1,-1,-1
231,4,1721.20,458.80,74.10,209.51,0.6109,-1,-1,-1
231,5,1354.68,577.28,95.99,224.60,0.4701,-1,-1,-1
231,18,917.42,129.54,66.78,177.19,0.3072,-1,-1,-1
231,19,380.43,545.12,94.92,247.76,0.7377,-1,-1,-1
231,25,586.42,350.64,65.59,193.67,0.5485,-1,-1,-1
231,6,209.15,493.30,65.65,204.50,0.5610,-1,-1,-1
231,8,508.48,345.41,73.50,213.03,0.6584,-1,-1,-1
231,27,780.42,325.76,63.48,204.34,0.3281,-1,-1,-1
231,28,152.56,695.34,102.89,263.28,0.7687,-1,-1,-1
231,32,1093.86,125.93,69.04,178.69,0.3567,-1,-1,-1
231,34,112.92,644.62,71.58,170.50,0.4767,-1,-1,-1
232,1,437.24,186.46,70.09,205.34,0.4461,-1,-1,-1
232,2,102.98,557.18,82.15,128.72,0.4507,-1,-1,-1
232,3,931.31,899.25,73.35,180.74,0.7215,-1,-1,-1
232,4,1721.71,458.07,73.50,210.21,0.6170,-1,-1,-1
232,5,1355.63,578.31,96.63,228.18,0.4679,-1,-1,-1
232,18,918.88,127.19,67.89,179.67,0.3077,-1,-1,-1
232,19,377.33,544.56,97.21,248.31,0.7132,-1,-1,-1
232,25,586.98,351.95,64.70,191.42,0.5231,-1,-1,-1
232,6,214.18,492.23,61.70,203.51,0.5231,-1,-1,-1
232,8,508.32,345.95,72.15,215.08,0.6662,-1,-1,-1
232,27,780.23,324.26,66.88,206.49,0.2932,-1,-1,-1
232,28,160.39,697.68,96.41,260.51,0.7634,-1,-1,-1
232,32,1093.62,125.76,67.49,178.28,0.4092,-1,-1,-1
232,34,117.89,647.37,68.47,212.55,0.5335,-1,-1,-1
233,1,438.80,184.78,69.48,207.11,0.4114,-1,-1,-1
233,2,104.00,557.85,82.13,131.59,0.4187,-1,-1,-1
233,3,932.15,898.96,72.27,181.03,0.7089,-1,-1,-1
233,4,1721.71,458.35,73.60,209.53,0.5951,-1,-1,-1
233,5,1355.70,577.79,98.46,233.51,0.4534,-1,-1,-1
233,18,920.38,126.19,67.28,178.81,0.2876,-1,-1,-1
233,19,375.41,544.20,97.91,247.14,0.6917,-1,-1,-1
233,25,587.13,353.53,64.21,191.00,0.5164,-1,-1,-1
233,6,212.78,490.68,64.56,203.59,0.5892,-1,-1,-1
233,8,507.91,346.86,71.84,218.17,0.6781,-1,-1,-1
233,27,782.77,330.72,63.02,201.70,0.2977,-1,-1,-1
233,28,165.71,699.87,92.82,258.00,0.7783,-1,-1,-1
233,32,1093.32,125.86,66.01,176.54,0.4655,-1,-1,-1
233,34,119.28,648.49,67.26,221.75,0.5440,-1,-1,-1
233,38,1174.32,124.22,59.70,162.59,0.3516,-1,-1,-1
234,1,440.23,183.54,69.62,208.29,0.4265,-1,-1,-1
234,2,107.26,558.64,77.12,197.97,0.3856,-1,-1,-1
234,3,934.19,899.72,69.56,180.19,0.6985,-1,-1,-1
234,4,1722.09,458.29,73.46,209.68,0.6140,-1,-1,-1
234,5,1355.05,576.31,101.00,238.09,0.5107,-1,-1,-1
234,18,921.40,124.06,67.93,180.58,0.3618,-1,-1,-1
234,19,373.99,542.64,98.39,245.21,0.7133,-1,-1,-1
234,25,587.10,354.40,64.07,193.09,0.5440,-1,-1,-1
234,6,214.59,488.58,63.64,200.35,0.5975,-1,-1,-1
234,8,507.44,347.72,70.95,220.30,0.6880,-1,-1,-1
234,27,782.45,334.41,62.54,200.80,0.2864,-1,-1,-1
234,28,168.31,701.11,91.81,257.08,0.7941,-1,-1,-1
234,32,1092.38,126.59,65.74,176.68,0.4582,-1,-1,-1
234,34,118.27,650.29,69.47,223.82,0.4359,-1,-1,-1
234,38,1172.26,124.04,60.79,161.23,0.3480,-1,-1,-1
235,1,442.06,182.39,69.01,207.63,0.4530,-1,-1,-1
235,2,106.65,559.30,79.67,165.47,0.4372,-1,-1,-1
235,3,934.74,900.33,67.86,179.64,0.6793,-1,-1,-1
235,4,1722.27,458.72,72.97,209.32,0.5925,-1,-1,-1
235,5,1355.99,576.48,102.73,238.37,0.4402,-1,-1,-1
235,18,922.68,123.10,67.13,184.55,0.3726,-1,-1,-1
235,19,373.09,541.51,97.30,245.29,0.7200,-1,-1,-1
235,25,587.70,356.42,63.28,192.61,0.5304,-1,-1,-1
235,6,216.10,486.17,62.19,198.47,0.5967,-1,-1,-1
235,8,506.75,350.05,70.43,220.85,0.6852,-1,-1,-1
235,27,782.01,337.64,63.91,199.60,0.3723,-1,-1,-1
235,28,172.35,702.58,88.14,254.46,0.7767,-1,-1,-1
235,32,1091.95,126.61,64.51,176.24,0.4523,-1,-1,-1
235,34,119.80,652.87,69.03,221.69,0.5006,-1,-1,-1
235,38,1170.29,123.09,61.65,162.06,0.3524,-1,-1,-1
236,1,443.71,182.34,68.19,204.10,0.4484,-1,-1,-1
236,2,106.81,560.11,81.80,151.18,0.5191,-1,-1,-1
236,3,935.53,900.38,66.58,179.64,0.6705,-1,-1,-1
236,4,1722.34,459.13,72.53,209.06,0.6041,-1,-1,-1
236,5,1357.53,576.64,103.30,238.74,0.4502,-1,-1,-1
236,18,923.41,122.04,67.99,186.43,0.3631,-1,-1,-1
236,19,372.89,540.78,96.00,244.25,0.7202,-1,-1,-1
236,25,587.55,358.52,61.94,188.86,0.5084,-1,-1,-1
236,6,216.45,483.97,62.82,197.04,0.5818,-1,-1,-1
236,8,506.36,352.72,69.32,219.05,0.6844,-1,-1,-1
236,27,782.69,339.50,62.63,198.00,0.4095,-1,-1,-1
236,28,175.96,703.13,85.88,253.90,0.7783,-1,-1,-1
236,32,1091.13,126.01,65.07,176.37,0.4149,-1,-1,-1
236,34,122.71,656.58,69.12,220.28,0.5671,-1,-1,-1
236,38,1167.85,122.95,62.20,161.07,0.3315,-1,-1,-1
237,1,443.46,181.52,69.20,201.52,0.3803,-1,-1,-1
237,2,107.13,560.42,82.06,146.66,0.5160,-1,-1,-1
237,3,936.14,900.51,65.25,179.66,0.6756,-1,-1,-1
237,4,1721.98,458.52,72.90,209.56,0.5917,-1,-1,-1
237,5,1360.41,577.49,102.75,238.91,0.4263,-1,-1,-1
237,18,925.26,122.52,66.68,186.72,0.3100,-1,-1,-1
237,19,373.51,538.11,93.87,244.90,0.7035,-1,-1,-1
237,25,587.22,360.75,61.65,188.82,0.5128,-1,-1,-1
237,6,217.36,482.55,62.73,196.44,0.5577,-1,-1,-1
237,8,504.45,355.44,69.85,217.42,0.6776,-1,-1,-1
237,27,783.30,339.28,62.67,198.53,0.4106,-1,-1,-1
237,28,178.38,703.93,85.30,251.78,0.7906,-1,-1,-1
237,32,1090.36,124.83,64.09,177.48,0.3747,-1,-1,-1
237,34,126.42,655.54,68.87,222.02,0.6008,-1,-1,-1
237,38,1165.69,123.17,62.35,160.53,0.2172,-1,-1,-1
238,1,443.42,180.44,70.09,200.62,0.3879,-1,-1,-1
238,2,109.69,560.97,82.09,203.42,0.4703,-1,-1,-1
238,3,936.19,900.40,64.04,179.64,0.6801,-1,-1,-1
238,4,1721.59,459.51,73.01,208.34,0.6043,-1,-1,-1
238,5,1363.92,578.58,102.85,239.71,0.4166,-1,-1,-1
238,18,926.13,120.54,67.49,188.00,0.3607,-1,-1,-1
238,19,375.43,535.63,91.40,243.88,0.7075,-1,-1,-1
238,25,587.18,362.07,61.86,188.10,0.5444,-1,-1,-1
238,6,217.52,480.35,63.02,196.99,0.5441,-1,-1,-1
238,8,503.26,356.94,70.17,218.13,0.6982,-1,-1,-1
238,27,784.18,339.97,63.34,198.33,0.4495,-1,-1,-1
238,28,182.10,703.97,85.12,252.61,0.7751,-1,-1,-1
238,32,1090.00,124.41,60.12,180.26,0.4178,-1,-1,-1
238,34,134.12,658.29,65.43,217.02,0.4653,-1,-1,-1
238,38,1164.41,122.39,62.04,162.56,0.2763,-1,-1,-1
239,1,443.91,179.10,71.09,200.38,0.4008,-1,-1,-1
239,2,110.77,561.61,81.91,227.68,0.4800,-1,-1,-1
239,3,936.39,900.16,62.81,179.84,0.7089,-1,-1,-1
239,4,1721.90,458.86,72.94,209.15,0.6240,-1,-1,-1
239,5,1360.06,577.32,108.92,240.59,0.4685,-1,-1,-1
239,18,926.42,120.26,67.37,184.40,0.4367,-1,-1,-1
239,19,378.99,531.59,87.29,240.74,0.7622,-1,-1,-1
239,25,587.45,362.58,62.61,187.74,0.5599,-1,-1,-1
239,6,218.19,479.51,62.96,197.48,0.5839,-1,-1,-1
239,8,501.79,357.95,70.67,216.69,0.6809,-1,-1,-1
239,27,783.80,340.21,64.14,198.43,0.4084,-1,-1,-1
239,28,185.40,705.57,85.46,251.42,0.7562,-1,-1,-1
239,32,1089.33,122.87,58.32,181.94,0.4246,-1,-1,-1
239,34,138.35,657.78,65.94,218.58,0.5325,-1,-1,-1
239,38,1160.93,120.87,63.11,165.04,0.3050,-1,-1,-1
240,1,443.72,177.56,73.04,201.17,0.3619,-1,-1,-1
240,2,109.79,562.18,84.30,182.74,0.4946,-1,-1,-1
240,3,936.80,900.27,61.72,179.33,0.7054,-1,-1,-1
240,4,1721.37,459.11,74.00,208.97,0.5960,-1,-1,-1
240,5,1358.52,576.63,112.25,240.42,0.4574,-1,-1,-1
240,18,925.75,118.92,66.68,185.12,0.4095,-1,-1,-1
240,19,383.34,528.61,82.62,236.85,0.7467,-1,-1,-1
240,25,588.65,363.91,59.46,185.53,0.5469,-1,-1,-1
240,6,218.18,478.22,63.32,199.07,0.5943,-1,-1,-1
240,8,499.61,358.61,72.65,217.96,0.6509,-1,-1,-1
240,27,784.05,340.56,65.14,197.70,0.4282,-1,-1,-1
240,28,187.43,707.01,91.60,253.87,0.7576,-1,-1,-1
240,32,1088.18,122.25,57.45,180.92,0.3917,-1,-1,-1
240,34,142.65,655.82,68.14,221.04,0.5604,-1,-1,-1
240,38,1158.09,120.72,66.28,165.57,0.2527,-1,-1,-1
241,1,444.57,177.90,73.97,200.71,0.3664,-1,-1,-1
241,2,110.59,562.63,83.65,161.91,0.5324,-1,-1,-1
241,3,936.55,900.13,61.08,179.59,0.7162,-1,-1,-1
241,4,1721.71,458.81,73.15,208.89,0.6290,-1,-1,-1
241,5,1357.09,573.57,118.04,241.97,0.5078,-1,-1,-1
241,18,924.99,118.22,67.05,183.50,0.4465,-1,-1,-1
241,19,386.71,525.88,79.35,234.38,0.7304,-1,-1,-1
241,25,588.92,365.47,59.08,183.03,0.5622,-1,-1,-1
241,6,218.15,476.49,63.65,201.41,0.6210,-1,-1,-1
241,8,497.86,358.99,73.45,218.84,0.6603,-1,-1,-1
241,27,784.47,340.75,67.68,197.33,0.4428,-1,-1,-1
241,28,189.63,709.15,97.31,256.25,0.7769,-1,-1,-1
241,32,1086.34,121.50,57.46,178.65,0.4318,-1,-1,-1
241,34,148.59,653.16,67.23,168.03,0.4031,-1,-1,-1
241,38,1155.83,119.96,64.89,164.08,0.2881,-1,-1,-1
242,1,445.93,177.09,73.04,202.65,0.3642,-1,-1,-1
242,2,110.82,563.05,84.25,175.46,0.4398,-1,-1,-1
242,3,936.42,900.58,61.52,179.33,0.7259,-1,-1,-1
242,4,1721.68,459.26,72.77,208.50,0.6144,-1,-1,-1
242,5,1356.76,571.05,120.85,243.59,0.5357,-1,-1,-1
242,18,929.14,120.10,62.99,181.24,0.4581,-1,-1,-1
242,19,387.36,523.02,79.14,233.81,0.6991,-1,-1,-1
242,25,587.91,365.54,60.56,186.85,0.5493,-1,-1,-1
242,6,218.09,475.07,63.79,201.81,0.5969,-1,-1,-1
242,8,495.98,360.73,74.00,217.95,0.6504,-1,-1,-1
242,27,785.24,342.26,68.00,196.75,0.4306,-1,-1,-1
242,28,193.82,711.72,98.00,256.46,0.7483,-1,-1,-1
242,32,1084.10,119.28,58.76,178.92,0.4118,-1,-1,-1
242,34,153.23,650.80,68.02,168.45,0.4305,-1,-1,-1
242,38,1155.24,119.39,63.27,161.30,0.3191,-1,-1,-1
243,1,447.66,176.30,71.45,204.10,0.3479,-1,-1,-1
243,2,112.33,561.46,82.99,214.15,0.5381,-1,-1,-1
243,3,936.00,900.45,61.24,179.55,0.7104,-1,-1,-1
243,4,1721.40,458.97,73.42,207.77,0.6317,-1,-1,-1
243,5,1356.85,568.80,120.45,245.94,0.5380,-1,-1,-1
243,18,931.23,119.76,61.43,179.63,0.5040,-1,-1,-1
243,19,388.72,520.21,77.87,235.24,0.6883,-1,-1,-1
243,25,587.34,365.68,61.65,192.20,0.5771,-1,-1,-1
243,6,217.78,474.34,64.41,202.43,0.6049,-1,-1,-1
243,8,494.29,361.02,73.71,218.37,0.6476,-1,-1,-1
243,27,786.08,341.90,68.03,197.69,0.4228,-1,-1,-1
243,28,197.43,716.38,99.39,255.90,0.6950,-1,-1,-1
243,32,1082.32,118.26,59.29,179.49,0.4664,-1,-1,-1
243,34,156.27,651.05,71.87,163.41,0.4760,-1,-1,-1
243,38,1154.76,118.40,63.70,159.18,0.3099,-1,-1,-1
243,21,787.90,152.06,65.46,168.86,0.3728,-1,-1,-1
244,1,447.15,175.83,74.32,204.40,0.3518,-1,-1,-1
244,2,113.29,562.29,83.39,236.70,0.5662,-1,-1,-1
244,3,935.60,901.15,61.99,179.00,0.7835,-1,-1,-1
244,4,1721.18,458.88,73.42,207.76,0.6061,-1,-1,-1
244,5,1356.87,569.63,119.35,244.76,0.5077,-1,-1,-1
244,18,932.65,118.35,60.31,179.17,0.4405,-1,-1,-1
244,19,389.16,518.12,77.91,236.65,0.6919,-1,-1,-1
244,25,586.16,366.94,61.25,196.37,0.5805,-1,-1,-1
244,6,217.20,472.80,64.32,200.11,0.5755,-1,-1,-1
244,8,492.37,361.84,73.26,216.31,0.6436,-1,-1,-1
244,27,788.67,342.69,64.73,196.87,0.3871,-1,-1,-1
244,28,199.77,725.52,99.24,250.96,0.7041,-1,-1,-1
244,32,1080.61,117.92,59.97,179.72,0.4479,-1,-1,-1
244,34,159.10,653.20,79.95,158.53,0.5560,-1,-1,-1
244,38,1154.40,115.21,59.46,159.40,0.3156,-1,-1,-1
244,21,786.26,152.33,68.10,169.99,0.3411,-1,-1,-1
245,1,447.63,175.69,74.33,203.91,0.3196,-1,-1,-1
245,2,115.72,564.92,82.32,246.01,0.6234,-1,-1,-1
245,3,935.14,902.31,63.00,177.77,0.7905,-1,-1,-1
245,4,1720.88,458.97,73.58,207.95,0.5892,-1,-1,-1
245,5,1359.18,569.86,116.96,244.65,0.4324,-1,-1,-1
245,18,934.41,116.59,59.09,178.91,0.4541,-1,-1,-1
245,19,389.16,517.68,78.79,237.44,0.6787,-1,-1,-1
245,25,585.96,369.05,60.32,198.70,0.5897,-1,-1,-1
245,6,217.03,471.38,64.30,200.91,0.5674,-1,-1,-1
245,8,491.60,362.10,72.85,218.46,0.6682,-1,-1,-1
245,27,789.92,343.55,64.17,196.70,0.3798,-1,-1,-1
245,28,199.24,729.14,99.88,250.66,0.7023,-1,-1,-1
245,32,1079.98,117.40,58.92,179.38,0.4497,-1,-1,-1
245,34,163.63,654.93,79.46,152.27,0.5935,-1,-1,-1
245,38,1154.44,113.05,57.22,159.87,0.2880,-1,-1,-1
245,21,785.98,152.70,68.93,169.98,0.3184,-1,-1,-1
245,41,854.70,353.10,66.55,185.10,0.3902,-1,-1,-1
246,1,448.01,176.07,74.59,204.23,0.3246,-1,-1,-1
246,2,118.22,564.61,81.18,250.74,0.6373,-1,-1,-1
246,3,935.26,903.29,63.69,176.78,0.7800,-1,-1,-1
246,4,1720.89,458.53,73.93,209.39,0.6068,-1,-1,-1
246,5,1366.29,571.30,109.46,242.92,0.4674,-1,-1,-1
246,18,936.15,115.78,57.45,179.35,0.4114,-1,-1,-1
246,19,389.17,517.13,79.89,238.92,0.6971,-1,-1,-1
246,25,585.11,370.75,60.73,200.22,0.6292,-1,-1,-1
246,6,219.08,470.34,63.07,203.50,0.5838,-1,-1,-1
246,8,489.20,363.42,73.61,215.78,0.6925,-1,-1,-1
246,27,791.10,344.94,63.56,196.00,0.3963,-1,-1,-1
246,28,202.33,731.22,96.75,254.67,0.6849,-1,-1,-1
246,32,1079.32,117.54,58.93,178.70,0.4121,-1,-1,-1
246,34,170.30,655.29,77.07,151.18,0.6018,-1,-1,-1
246,38,1153.16,111.72,57.18,161.52,0.2676,-1,-1,-1
246,21,784.11,152.90,71.38,170.18,0.3275,-1,-1,-1
246,41,859.79,352.17,64.16,187.17,0.3856,-1,-1,-1
247,1,448.15,175.59,76.16,204.68,0.3373,-1,-1,-1
247,2,119.70,563.91,83.25,254.60,0.6223,-1,-1,-1
247,3,935.69,903.76,63.60,176.26,0.7677,-1,-1,-1
247,4,1720.27,458.45,74.45,208.95,0.6209,-1,-1,-1
247,5,1369.92,568.69,107.20,247.21,0.5719,-1,-1,-1
247,18,936.90,114.50,57.19,177.70,0.4336,-1,-1,-1
247,19,389.46,516.82,80.47,240.20,0.7037,-1,-1,-1
247,25,584.46,372.32,61.57,203.40,0.6803,-1,-1,-1
247,6,219.35,468.97,62.63,205.32,0.5815,-1,-1,-1
247,8,487.66,364.44,73.88,215.10,0.7434,-1,-1,-1
247,27,789.87,345.53,64.89,195.78,0.4094,-1,-1,-1
247,28,204.54,733.29,96.11,256.07,0.6711,-1,-1,-1
247,32,1078.00,116.58,58.30,179.18,0.4382,-1,-1,-1
247,34,175.21,656.44,79.94,145.74,0.4376,-1,-1,-1
247,38,1151.08,112.23,56.50,162.42,0.3185,-1,-1,-1
247,21,785.90,153.08,69.83,169.18,0.3060,-1,-1,-1
247,41,863.19,352.24,59.49,188.30,0.3747,-1,-1,-1
248,1,448.58,173.80,77.03,208.75,0.3513,-1,-1,-1
248,2,122.75,563.51,82.92,253.53,0.6796,-1,-1,-1
248,3,935.98,904.75,64.31,175.06,0.7521,-1,-1,-1
248,4,1719.36,459.23,75.23,208.47,0.6282,-1,-1,-1
248,5,1373.93,569.43,104.02,246.31,0.5477,-1,-1,-1
248,18,938.43,113.57,56.77,176.20,0.4607,-1,-1,-1
248,19,389.64,516.33,80.75,240.54,0.6928,-1,-1,-1
248,25,584.37,374.29,60.67,205.98,0.6461,-1,-1,-1
248,6,220.57,467.47,60.72,203.90,0.5748,-1,-1,-1
248,8,487.18,365.75,72.73,214.90,0.7417,-1,-1,-1
248,27,791.24,345.76,65.14,198.86,0.4234,-1,-1,-1
248,28,204.60,734.88,94.97,257.35,0.5897,-1,-1,-1
248,32,1077.07,116.27,57.56,180.47,0.4956,-1,-1,-1
248,34,179.56,661.38,81.16,144.96,0.3692,-1,-1,-1
248,38,1149.88,112.78,56.39,163.96,0.3311,-1,-1,-1
248,21,790.10,153.68,64.21,168.21,0.2696,-1,-1,-1
248,41,863.50,352.81,62.90,190.09,0.4156,-1,-1,-1
249,1,449.19,172.16,77.26,210.35,0.3885,-1,-1,-1
249,2,125.17,564.09,81.35,254.29,0.6679,-1,-1,-1
249,3,936.22,905.32,65.21,174.67,0.7497,-1,-1,-1
249,4,1720.06,459.53,74.17,207.83,0.5910,-1,-1,-1
249,5,1380.12,569.94,96.35,247.34,0.5262,-1,-1,-1
249,18,939.41,111.45,57.69,178.30,0.5151,-1,-1,-1
249,19,388.81,515.73,82.50,240.38,0.6853,-1,-1,-1
249,25,583.71,377.79,60.08,205.41,0.6023,-1,-1,-1
249,6,220.80,466.78,59.66,197.39,0.5555,-1,-1,-1
249,8,486.51,367.20,72.30,215.67,0.7132,-1,-1,-1
249,27,791.15,346.25,64.43,195.60,0.3833,-1,-1,-1
249,28,206.18,740.51,90.81,252.95,0.4883,-1,-1,-1
249,32,1075.84,116.00,57.28,182.27,0.4615,-1,-1,-1
249,34,181.84,665.24,86.20,208.12,0.4981,-1,-1,-1
249,38,1148.72,111.49,56.31,165.83,0.3423,-1,-1,-1
249,21,791.33,154.32,62.17,167.53,0.2723,-1,-1,-1
249,41,862.22,352.85,66.87,190.57,0.3774,-1,-1,-1
250,1,449.65,170.49,76.86,211.31,0.3735,-1,-1,-1
250,2,127.83,565.63,81.13,251.54,0.6766,-1,-1,-1
250,3,936.38,905.77,66.35,174.27,0.7302,-1,-1,-1
250,4,1720.74,458.64,73.80,208.71,0.5973,-1,-1,-1
250,5,1385.03,569.73,90.55,246.85,0.5921,-1,-1,-1
250,18,938.39,109.87,59.56,179.95,0.4961,-1,-1,-1
250,19,388.70,515.52,83.78,239.34,0.6793,-1,-1,-1
250,25,582.60,380.74,60.32,203.67,0.6331,-1,-1,-1
250,6,221.89,465.04,59.31,195.87,0.5543,-1,-1,-1
250,8,486.30,368.91,72.24,217.83,0.6858,-1,-1,-1
250,27,792.06,348.03,65.63,194.85,0.3414,-1,-1,-1
250,28,210.38,745.66,89.98,246.42,0.4586,-1,-1,-1
250,32,1074.11,115.35,57.59,183.16,0.4139,-1,-1,-1
250,34,183.83,668.69,89.42,175.28,0.4681,-1,-1,-1
250,38,1147.48,110.76,56.62,166.15,0.3421,-1,-1,-1
250,21,791.83,153.66,62.93,167.59,0.2471,-1,-1,-1
250,41,857.19,354.93,71.03,191.26,0.3943,-1,-1,-1
251,1,450.02,168.71,75.23,211.58,0.3775,-1,-1,-1
251,2,130.88,565.69,80.94,252.55,0.7000,-1,-1,-1
251,3,937.55,907.37,66.42,172.85,0.7400,-1,-1,-1
251,4,1720.17,459.05,74.95,208.08,0.6042,-1,-1,-1
251,5,1387.68,568.94,88.92,247.34,0.6259,-1,-1,-1
251,18,936.55,109.86,63.17,180.63,0.4688,-1,-1,-1
251,19,388.24,513.23,84.83,239.69,0.6654,-1,-1,-1
251,25,581.65,383.06,60.31,203.61,0.6521,-1,-1,-1
251,6,221.99,462.11,59.37,196.72,0.5620,-1,-1,-1
251,8,488.52,369.52,69.70,223.73,0.6535,-1,-1,-1
251,27,791.94,350.71,65.87,192.43,0.3647,-1,-1,-1
251,28,211.58,745.78,89.25,247.52,0.5578,-1,-1,-1
251,32,1072.83,114.89,57.68,183.77,0.3954,-1,-1,-1
251,34,185.75,673.29,91.17,151.58,0.5093,-1,-1,-1
251,38,1146.32,109.41,58.07,167.30,0.2882,-1,-1,-1
251,21,792.35,154.87,63.26,165.40,0.2354,-1,-1,-1
251,41,859.75,355.61,69.38,193.15,0.3471,-1,-1,-1
252,1,450.27,167.46,74.60,209.21,0.3792,-1,-1,-1
252,2,133.56,566.16,82.27,250.98,0.7027,-1,-1,-1
252,3,938.23,908.01,66.82,172.06,0.7127,-1,-1,-1
252,4,1720.41,459.51,74.38,207.44,0.5840,-1,-1,-1
252,5,1388.06,569.59,88.13,244.39,0.5677,-1,-1,-1
252,18,936.66,107.53,64.20,182.09,0.4819,-1,-1,-1
252,19,389.42,510.42,83.87,240.64,0.6639,-1,-1,-1
252,25,580.84,384.00,61.09,204.90,0.6667,-1,-1,-1
252,6,221.66,457.32,59.44,200.44,0.5736,-1,-1,-1
252,8,489.27,371.88,68.79,226.36,0.6547,-1,-1,-1
252,27,793.27,351.20,65.77,192.83,0.2974,-1,-1,-1
252,28,211.02,743.35,94.74,249.23,0.6631,-1,-1,-1
252,32,1071.95,114.35,57.73,184.14,0.3638,-1,-1,-1
252,34,187.23,675.92,91.68,143.46,0.4683,-1,-1,-1
252,38,1145.55,108.78,57.64,170.59,0.3290,-1,-1,-1
252,21,793.72,155.46,60.27,164.65,0.2344,-1,-1,-1
252,41,862.67,358.75,63.70,190.62,0.3575,-1,-1,-1
253,1,451.81,166.64,72.32,208.32,0.3854,-1,-1,-1
253,2,135.92,566.06,83.72,249.15,0.6960,-1,-1,-1
253,3,938.55,908.26,67.95,171.74,0.7335,-1,-1,-1
253,4,1720.98,458.48,73.88,208.70,0.5705,-1,-1,-1
253,5,1388.95,570.21,87.58,246.10,0.6154,-1,-1,-1
253,18,935.69,108.31,65.92,181.68,0.4965,-1,-1,-1
253,19,389.38,507.62,83.57,240.06,0.6689,-1,-1,-1
253,25,579.29,384.13,61.81,207.29,0.6810,-1,-1,-1
253,6,221.47,456.56,61.08,199.09,0.6017,-1,-1,-1
253,8,489.05,374.05,69.19,226.28,0.6621,-1,-1,-1
253,27,795.21,351.80,65.41,195.06,0.2706,-1,-1,-1
253,28,215.79,740.16,92.70,250.85,0.7348,-1,-1,-1
253,32,1069.95,114.38,58.72,183.08,0.3580,-1,-1,-1
253,34,193.26,677.43,84.64,137.59,0.4555,-1,-1,-1
253,38,1144.90,108.18,56.48,171.01,0.3577,-1,-1,-1
253,21,795.71,154.53,59.71,165.86,0.2511,-1,-1,-1
253,41,867.42,361.52,58.58,189.90,0.2887,-1,-1,-1
254,1,452.57,165.97,71.13,205.50,0.3664,-1,-1,-1
254,2,137.58,565.93,84.89,247.01,0.6677,-1,-1,-1
254,3,939.43,909.33,68.25,170.67,0.7320,-1,-1,-1
254,4,1720.77,458.71,73.73,208.69,0.5815,-1,-1,-1
254,5,1390.03,570.08,87.04,245.94,0.6186,-1,-1,-1
254,18,935.34,108.61,67.74,181.74,0.4886,-1,-1,-1
254,19,390.23,504.98,81.36,238.76,0.6362,-1,-1,-1
254,25,577.95,385.82,62.46,207.54,0.6923,-1,-1,-1
254,6,221.20,455.73,61.85,198.80,0.5801,-1,-1,-1
254,8,488.81,374.22,69.04,229.47,0.6529,-1,-1,-1
254,27,795.40,351.28,67.50,194.08,0.3483,-1,-1,-1
254,28,220.83,738.33,89.40,253.18,0.7766,-1,-1,-1
254,32,1069.08,114.09,57.18,183.23,0.3857,-1,-1,-1
254,34,194.94,678.39,83.37,136.75,0.4664,-1,-1,-1
254,38,1144.09,107.91,55.15,170.07,0.3485,-1,-1,-1
254,21,796.95,154.13,59.13,166.78,0.2555,-1,-1,-1
254,41,867.31,361.99,58.97,190.29,0.3532,-1,-1,-1
255,1,455.07,165.27,66.74,202.20,0.3485,-1,-1,-1
255,2,139.84,564.32,84.84,246.10,0.6900,-1,-1,-1
255,3,939.48,909.55,69.77,169.72,0.7317,-1,-1,-1
255,4,1721.03,459.16,72.98,207.79,0.6054,-1,-1,-1
255,5,1390.93,569.56,86.69,248.17,0.6545,-1,-1,-1
255,18,934.53,108.53,69.66,180.67,0.4828,-1,-1,-1
255,19,391.38,502.27,80.69,234.35,0.6715,-1,-1,-1
255,25,577.00,386.18,62.48,208.01,0.7296,-1,-1,-1
255,6,221.16,455.05,62.73,198.04,0.6188,-1,-1,-1
255,8,488.53,374.81,69.31,230.51,0.6682,-1,-1,-1
255,27,797.42,351.34,68.86,198.88,0.3302,-1,-1,-1
255,28,222.10,736.46,91.06,259.05,0.7280,-1,-1,-1
255,32,1067.35,113.39,56.99,183.43,0.4076,-1,-1,-1
255,34,198.56,680.01,82.49,136.11,0.4729,-1,-1,-1
255,38,1142.51,107.03,55.16,171.31,0.3294,-1,-1,-1
255,21,796.94,152.41,59.04,168.62,0.2481,-1,-1,-1
255,41,866.45,360.75,66.93,193.07,0.3658,-1,-1,-1
256,1,455.03,164.51,66.92,199.60,0.3199,-1,-1,-1
256,2,141.05,564.62,85.38,244.98,0.6533,-1,-1,-1
256,3,939.39,909.96,71.18,169.82,0.7425,-1,-1,-1
256,4,1720.39,459.10,73.85,208.41,0.5660,-1,-1,-1
256,5,1392.37,568.89,87.10,246.84,0.6370,-1,-1,-1
256,18,934.68,107.82,70.10,180.60,0.4858,-1,-1,-1
256,19,391.75,499.02,79.71,231.79,0.6527,-1,-1,-1
256,25,576.08,387.12,62.51,207.73,0.7454,-1,-1,-1
256,6,221.08,454.60,62.84,196.83,0.5989,-1,-1,-1
256,8,489.38,375.64,68.17,230.37,0.6657,-1,-1,-1
256,27,797.42,351.23,71.01,201.24,0.2878,-1,-1,-1
256,28,226.88,736.75,88.86,265.05,0.7174,-1,-1,-1
256,32,1066.19,113.15,56.51,183.27,0.3978,-1,-1,-1
256,34,202.52,678.97,87.19,143.77,0.5373,-1,-1,-1
256,38,1140.55,106.20,55.71,171.65,0.3385,-1,-1,-1
256,21,797.41,152.29,57.89,167.85,0.2968,-1,-1,-1
256,41,869.10,362.30,65.49,192.57,0.3302,-1,-1,-1
257,1,455.52,163.37,66.77,197.23,0.3063,-1,-1,-1
257,2,141.43,564.57,88.28,244.64,0.6210,-1,-1,-1
257,3,939.20,910.97,73.05,168.78,0.7509,-1,-1,-1
257,4,1720.13,459.71,73.81,207.55,0.5789,-1,-1,-1
257,5,1394.23,567.81,86.50,245.34,0.6262,-1,-1,-1
257,18,934.96,106.97,69.77,181.18,0.4313,-1,-1,-1
257,19,392.15,495.10,79.90,231.99,0.6817,-1,-1,-1
257,25,575.19,387.54,62.44,206.67,0.7588,-1,-1,-1
257,6,220.60,453.95,64.25,197.51,0.5734,-1,-1,-1
257,8,488.33,378.13,69.32,228.43,0.6771,-1,-1,-1
257,27,798.84,351.19,73.65,201.56,0.3213,-1,-1,-1
257,28,232.77,743.25,86.22,266.96,0.7338,-1,-1,-1
257,32,1064.19,112.60,56.87,184.05,0.3663,-1,-1,-1
257,34,204.52,679.05,88.40,150.17,0.5771,-1,-1,-1
257,38,1138.73,105.78,57.13,170.76,0.3210,-1,-1,-1
257,21,796.84,152.50,58.83,166.68,0.2423,-1,-1,-1
257,41,870.24,363.62,59.74,188.06,0.3794,-1,-1,-1
258,1,455.78,163.14,67.51,196.21,0.3235,-1,-1,-1
258,2,142.66,564.72,90.20,246.68,0.5900,-1,-1,-1
258,3,938.96,912.55,74.08,166.61,0.7498,-1,-1,-1
258,4,1720.39,459.45,73.86,207.62,0.5669,-1,-1,-1
258,5,1395.70,566.87,85.88,242.08,0.6219,-1,-1,-1
258,18,936.57,105.76,68.92,180.11,0.4246,-1,-1,-1
258,19,390.81,492.84,80.47,233.06,0.6806,-1,-1,-1
258,25,574.93,388.23,61.84,205.25,0.7465,-1,-1,-1
258,6,221.06,453.15,64.41,197.53,0.5340,-1,-1,-1
258,8,488.90,377.78,68.46,228.95,0.6611,-1,-1,-1
258,27,801.13,352.30,74.54,202.38,0.3331,-1,-1,-1
258,28,234.06,747.78,86.40,269.46,0.7663,-1,-1,-1
258,32,1063.84,112.70,57.99,182.59,0.3173,-1,-1,-1
258,34,210.63,680.18,84.28,154.66,0.5357,-1,-1,-1
258,38,1137.07,104.29,58.36,170.93,0.2797,-1,-1,-1
258,21,796.08,154.95,59.65,164.45,0.2256,-1,-1,-1
258,41,871.61,363.62,56.53,186.09,0.3488,-1,-1,-1
259,1,458.28,162.40,67.45,197.00,0.3507,-1,-1,-1
259,2,144.25,565.57,92.46,245.71,0.6283,-1,-1,-1
259,3,938.80,913.91,75.85,164.86,0.7305,-1,-1,-1
259,4,1720.04,459.36,74.61,208.29,0.5631,-1,-1,-1
259,5,1399.71,566.56,82.69,238.47,0.5865,-1,-1,-1
259,18,938.79,103.80,66.28,179.40,0.4182,-1,-1,-1
259,19,388.97,491.47,82.12,233.48,0.6567,-1,-1,-1
259,25,574.21,389.62,62.57,203.14,0.7487,-1,-1,-1
259,6,222.30,452.25,63.11,196.74,0.5074,-1,-1,-1
259,8,487.45,380.85,69.53,225.51,0.6670,-1,-1,-1
259,27,803.04,353.01,72.82,202.61,0.4110,-1,-1,-1
259,28,235.12,753.05,86.78,265.99,0.7464,-1,-1,-1
259,32,1062.63,112.16,58.22,181.83,0.3247,-1,-1,-1
259,34,212.19,681.69,86.62,136.15,0.4737,-1,-1,-1
259,38,1136.06,103.15,59.40,168.54,0.2670,-1,-1,-1
259,21,794.22,155.92,58.96,163.72,0.2357,-1,-1,-1
259,41,872.44,366.91,52.78,181.76,0.3343,-1,-1,-1
260,1,458.18,162.21,68.72,197.51,0.3750,-1,-1,-1
260,2,149.65,565.07,89.64,246.39,0.6318,-1,-1,-1
260,3,939.30,914.81,77.89,162.83,0.7217,-1,-1,-1
260,4,1719.71,459.36,74.59,208.46,0.5879,-1,-1,-1
260,5,1402.85,565.91,79.84,239.28,0.5573,-1,-1,-1
260,18,939.43,101.63,65.78,175.78,0.4327,-1,-1,-1
260,19,385.09,490.22,85.79,234.80,0.6631,-1,-1,-1
260,25,573.59,390.89,62.31,200.65,0.7529,-1,-1,-1
260,6,222.45,451.37,63.06,195.18,0.5083,-1,-1,-1
260,8,489.12,380.76,68.30,226.00,0.6626,-1,-1,-1
260,27,805.70,354.62,68.50,200.69,0.3902,-1,-1,-1
260,28,237.40,756.90,85.76,266.91,0.7298,-1,-1,-1
260,32,1061.15,110.98,56.85,183.54,0.3457,-1,-1,-1
260,34,215.73,682.67,86.52,127.17,0.5331,-1,-1,-1
260,38,1133.96,102.63,58.81,169.40,0.2824,-1,-1,-1
260,21,792.11,153.91,62.60,165.82,0.2443,-1,-1,-1
260,41,870.46,366.72,60.62,183.15,0.2995,-1,-1,-1
261,1,454.18,161.07,74.45,200.72,0.3851,-1,-1,-1
261,2,156.91,565.05,83.39,247.87,0.6509,-1,-1,-1
261,3,939.41,915.15,80.06,163.04,0.7260,-1,-1,-1
261,4,1720.36,459.54,73.94,208.72,0.5983,-1,-1,-1
261,5,1408.12,565.68,75.58,239.60,0.5527,-1,-1,-1
261,18,939.31,99.42,65.60,174.13,0.4453,-1,-1,-1
261,19,380.14,488.26,90.33,236.92,0.6510,-1,-1,-1
261,25,573.49,392.59,61.79,197.96,0.7489,-1,-1,-1
261,6,222.44,450.16,63.02,194.11,0.4815,-1,-1,-1
261,8,487.71,383.45,69.20,222.40,0.6898,-1,-1,-1
261,27,804.89,354.41,70.84,202.11,0.3709,-1,-1,-1
261,28,239.80,762.28,83.73,260.35,0.6983,-1,-1,-1
261,32,1060.19,109.67,57.18,183.45,0.2969,-1,-1,-1
261,34,218.17,684.32,86.49,126.33,0.6275,-1,-1,-1
261,38,1132.18,100.76,58.28,167.84,0.2487,-1,-1,-1
261,21,791.60,155.34,61.12,164.72,0.2315,-1,-1,-1
261,41,872.49,369.65,53.91,182.10,0.2624,-1,-1,-1
262,1,457.43,161.54,71.05,199.20,0.3845,-1,-1,-1
262,2,161.67,565.23,83.05,250.17,0.6473,-1,-1,-1
262,3,938.24,916.87,82.28,160.40,0.7269,-1,-1,-1
262,4,1720.27,459.91,74.15,208.38,0.5945,-1,-1,-1
262,5,1410.27,564.17,76.58,240.02,0.5657,-1,-1,-1
262,18,938.38,98.15,66.23,171.91,0.4972,-1,-1,-1
262,19,377.39,486.88,92.72,237.52,0.6311,-1,-1,-1
262,25,573.20,394.84,61.52,196.70,0.7372,-1,-1,-1
262,6,222.43,448.85,63.16,193.29,0.5126,-1,-1,-1
262,8,487.91,384.68,68.76,220.83,0.7157,-1,-1,-1
262,27,806.27,355.24,68.91,201.93,0.4087,-1,-1,-1
262,28,241.68,764.39,85.03,263.27,0.6922,-1,-1,-1
262,32,1058.58,108.37,57.17,183.95,0.3759,-1,-1,-1
262,34,222.31,686.79,83.48,125.38,0.5634,-1,-1,-1
262,38,1131.23,100.49,59.03,168.17,0.2919,-1,-1,-1
262,21,789.24,151.92,65.28,168.19,0.2331,-1,-1,-1
262,41,874.22,368.25,60.03,187.46,0.2307,-1,-1,-1
263,1,455.83,160.43,70.66,201.38,0.3654,-1,-1,-1
263,2,165.83,565.38,80.40,251.38,0.6833,-1,-1,-1
263,3,937.05,918.15,84.60,158.73,0.7392,-1,-1,-1
263,4,1719.97,460.02,74.71,208.20,0.5727,-1,-1,-1
263,5,1411.19,564.85,76.20,237.49,0.5933,-1,-1,-1
263,18,938.71,96.34,65.70,174.03,0.4814,-1,-1,-1
263,19,375.94,485.51,93.45,238.51,0.6100,-1,-1,-1
263,25,572.51,396.50,62.17,198.14,0.7084,-1,-1,-1
263,6,223.53,446.62,62.47,191.57,0.5247,-1,-1,-1
263,8,487.64,385.22,68.86,220.06,0.6995,-1,-1,-1
263,27,804.97,355.41,72.70,204.74,0.4034,-1,-1,-1
263,28,243.30,767.90,85.58,262.97,0.6713,-1,-1,-1
263,32,1056.93,107.11,57.70,184.41,0.3885,-1,-1,-1
263,34,224.77,688.64,83.83,124.27,0.4594,-1,-1,-1
263,38,1129.60,98.15,57.76,168.25,0.2718,-1,-1,-1
263,21,789.10,150.97,65.97,169.24,0.2070,-1,-1,-1
263,41,875.36,371.69,52.82,185.49,0.2607,-1,-1,-1
264,1,458.35,160.37,67.74,200.19,0.3312,-1,-1,-1
264,2,169.42,564.74,78.43,252.77,0.6903,-1,-1,-1
264,3,937.14,919.52,85.11,156.67,0.7567,-1,-1,-1
264,4,1720.51,459.83,74.30,208.48,0.5835,-1,-1,-1
264,5,1411.47,565.11,78.77,237.00,0.6156,-1,-1,-1
264,18,938.08,94.51,66.34,176.57,0.4408,-1,-1,-1
264,19,374.45,484.76,94.19,238.45,0.6064,-1,-1,-1
264,25,571.11,397.50,62.51,199.52,0.6841,-1,-1,-1
264,6,225.30,447.16,61.32,188.16,0.5598,-1,-1,-1
264,8,486.55,385.52,69.96,218.59,0.6892,-1,-1,-1
264,27,803.44,357.51,70.83,204.93,0.3898,-1,-1,-1
264,28,245.86,771.56,86.31,261.32,0.7472,-1,-1,-1
264,32,1054.93,106.86,57.62,179.35,0.3527,-1,-1,-1
264,34,231.86,691.62,78.09,120.57,0.6105,-1,-1,-1
264,38,1127.92,97.19,57.32,168.39,0.2776,-1,-1,-1
264,21,789.95,153.83,62.17,165.94,0.2293,-1,-1,-1
264,41,874.35,370.91,60.88,188.13,0.2863,-1,-1,-1
265,1,459.71,161.06,64.95,199.47,0.3728,-1,-1,-1
265,2,173.07,565.43,76.25,254.24,0.6907,-1,-1,-1
265,3,937.99,920.12,85.33,156.24,0.7554,-1,-1,-1
265,4,1720.63,460.04,74.07,208.33,0.6007,-1,-1,-1
265,5,1411.76,565.47,79.05,239.02,0.5871,-1,-1,-1
265,18,938.98,93.17,64.95,178.85,0.4708,-1,-1,-1
265,19,373.50,484.07,94.50,238.54,0.6553,-1,-1,-1
265,25,570.11,399.02,63.07,198.99,0.7247,-1,-1,-1
265,6,226.66,444.73,60.82,188.44,0.5294,-1,-1,-1
265,8,486.09,385.78,69.73,218.35,0.6718,-1,-1,-1
265,27,803.00,358.34,72.94,207.49,0.3663,-1,-1,-1
265,28,247.29,772.53,86.12,261.38,0.7680,-1,-1,-1
265,32,1054.00,106.16,56.71,176.74,0.3830,-1,-1,-1
265,34,238.07,694.78,72.44,119.78,0.5715,-1,-1,-1
265,38,1126.76,96.34,56.44,165.00,0.3309,-1,-1,-1
265,21,788.81,151.33,65.24,169.11,0.2232,-1,-1,-1
265,41,876.00,370.83,62.32,193.51,0.2466,-1,-1,-1
266,1,460.72,160.30,64.10,201.04,0.3284,-1,-1,-1
266,2,176.16,566.13,77.12,255.89,0.6934,-1,-1,-1
266,3,938.12,920.60,86.09,155.84,0.7624,-1,-1,-1
266,4,1720.47,460.32,74.12,208.13,0.5899,-1,-1,-1
266,5,1412.08,565.50,79.40,242.91,0.5707,-1,-1,-1
266,18,939.60,92.47,64.95,178.91,0.4589,-1,-1,-1
266,19,373.41,483.58,94.44,237.68,0.6407,-1,-1,-1
266,25,568.37,400.89,64.14,201.50,0.6708,-1,-1,-1
266,6,226.03,444.05,61.55,184.30,0.4924,-1,-1,-1
266,8,484.98,385.52,69.41,219.83,0.6286,-1,-1,-1
266,27,802.22,359.61,76.47,209.33,0.3991,-1,-1,-1
266,28,249.96,774.52,90.33,259.47,0.7715,-1,-1,-1
266,32,1053.34,105.16,56.46,177.72,0.4406,-1,-1,-1
266,34,245.54,698.20,66.75,117.84,0.5293,-1,-1,-1
266,38,1126.05,96.05,55.50,165.20,0.3526,-1,-1,-1
266,21,787.27,150.14,67.88,170.48,0.2566,-1,-1,-1
266,41,875.33,375.27,54.23,191.59,0.2023,-1,-1,-1
267,1,461.50,159.64,64.16,201.22,0.3720,-1,-1,-1
267,2,178.94,567.00,77.43,259.56,0.6873,-1,-1,-1
267,3,938.85,920.55,85.89,156.13,0.7636,-1,-1,-1
267,4,1720.27,460.11,74.84,208.18,0.5666,-1,-1,-1
267,5,1412.57,565.30,78.86,244.31,0.5651,-1,-1,-1
267,18,939.86,91.57,65.25,179.70,0.4571,-1,-1,-1
267,19,373.10,481.36,93.78,238.24,0.6064,-1,-1,-1
267,25,567.15,402.26,64.74,204.13,0.6510,-1,-1,-1
267,6,224.56,441.56,63.41,184.85,0.4865,-1,-1,-1
267,8,482.33,386.00,70.31,221.30,0.6257,-1,-1,-1
267,27,802.42,361.48,74.14,211.53,0.3821,-1,-1,-1
267,28,249.61,773.48,92.96,261.00,0.7581,-1,-1,-1
267,32,1051.35,104.29,57.78,178.71,0.4609,-1,-1,-1
267,34,249.23,701.36,66.39,114.79,0.5142,-1,-1,-1
267,38,1124.27,95.87,56.56,166.56,0.3902,-1,-1,-1
267,21,786.91,150.05,69.32,170.48,0.2777,-1,-1,-1
267,41,875.16,373.22,65.08,195.53,0.2134,-1,-1,-1
268,1,462.00,157.63,64.73,202.84,0.3731,-1,-1,-1
268,2,182.08,568.53,76.32,259.33,0.7073,-1,-1,-1
268,3,940.59,920.40,84.43,156.50,0.7583,-1,-1,-1
268,4,1720.39,460.09,74.17,208.15,0.5799,-1,-1,-1
268,5,1413.08,564.77,78.24,245.08,0.5938,-1,-1,-1
268,18,941.66,91.84,64.97,179.06,0.4517,-1,-1,-1
268,19,373.18,479.54,92.18,238.81,0.6349,-1,-1,-1
268,25,565.85,403.30,65.84,205.60,0.6221,-1,-1,-1
268,6,224.08,439.75,63.85,186.23,0.5369,-1,-1,-1
268,8,479.82,387.92,72.07,222.86,0.6267,-1,-1,-1
268,27,803.45,362.54,72.10,214.65,0.3771,-1,-1,-1
268,28,251.34,771.11,90.10,263.44,0.7429,-1,-1,-1
268,32,1049.92,104.66,58.71,178.06,0.4540,-1,-1,-1
268,34,253.68,704.04,65.39,112.68,0.5485,-1,-1,-1
268,38,1122.70,96.10,57.23,167.29,0.4121,-1,-1,-1
268,21,785.59,149.61,71.34,170.93,0.2642,-1,-1,-1
268,41,874.81,373.61,66.72,196.37,0.2453,-1,-1,-1
269,1,462.11,158.66,65.25,199.87,0.4035,-1,-1,-1
269,2,184.07,570.92,78.54,254.98,0.7132,-1,-1,-1
269,3,942.76,920.56,83.19,156.69,0.7533,-1,-1,-1
269,4,1720.65,460.47,73.96,207.21,0.5951,-1,-1,-1
269,5,1414.02,566.00,78.47,244.15,0.5817,-1,-1,-1
269,18,942.40,91.85,64.72,178.61,0.4962,-1,-1,-1
269,19,374.04,477.87,90.90,239.18,0.6510,-1,-1,-1
269,25,565.36,401.40,66.85,208.43,0.6021,-1,-1,-1
269,6,224.58,437.72,64.03,188.72,0.5009,-1,-1,-1
269,8,476.77,389.53,74.36,222.11,0.6336,-1,-1,-1
269,27,805.52,365.44,66.87,213.21,0.4108,-1,-1,-1
269,28,252.42,773.57,90.26,261.17,0.7193,-1,-1,-1
269,32,1048.60,104.54,59.00,176.34,0.4450,-1,-1,-1
269,34,257.15,705.93,66.18,112.68,0.5752,-1,-1,-1
269,38,1121.47,95.80,57.58,167.59,0.3738,-1,-1,-1
269,21,785.18,149.53,72.06,170.81,0.2426,-1,-1,-1
269,41,873.19,376.29,72.64,193.34,0.2836,-1,-1,-1
270,1,462.64,155.53,62.89,201.67,0.3787,-1,-1,-1
270,2,185.71,572.14,81.59,249.56,0.6871,-1,-1,-1
270,3,944.12,920.85,82.23,157.16,0.7538,-1,-1,-1
270,4,1720.63,460.97,73.94,206.68,0.5596,-1,-1,-1
270,5,1416.16,569.04,79.70,241.52,0.5699,-1,-1,-1
270,18,941.94,91.58,66.30,178.68,0.4809,-1,-1,-1
270,19,374.94,475.62,89.44,236.70,0.6327,-1,-1,-1
270,25,564.42,401.72,68.03,211.42,0.6105,-1,-1,-1
270,6,225.26,436.48,63.40,190.06,0.4791,-1,-1,-1
270,8,475.07,391.92,75.15,221.56,0.6353,-1,-1,-1
270,27,806.12,367.34,65.28,211.94,0.3770,-1,-1,-1
270,28,256.14,770.78,87.60,263.16,0.7716,-1,-1,-1
270,32,1047.02,104.15,59.10,176.71,0.4332,-1,-1,-1
270,34,259.85,706.75,68.43,109.24,0.5492,-1,-1,-1
270,38,1120.38,95.82,57.63,167.88,0.3589,-1,-1,-1
270,21,786.94,152.52,66.55,167.73,0.2435,-1,-1,-1
270,41,874.02,377.85,68.67,192.46,0.2699,-1,-1,-1
271,1,462.91,155.78,63.67,201.03,0.3588,-1,-1,-1
271,2,187.33,573.98,84.12,246.70,0.6547,-1,-1,-1
271,3,945.37,921.48,81.48,156.66,0.7319,-1,-1,-1
271,4,1720.03,460.45,74.74,207.92,0.5710,-1,-1,-1
271,5,1419.34,572.46,79.66,239.26,0.5320,-1,-1,-1
271,18,942.23,90.94,66.50,177.90,0.5078,-1,-1,-1
271,19,377.95,472.52,86.09,231.32,0.6257,-1,-1,-1
271,25,564.59,402.43,66.96,210.04,0.6058,-1,-1,-1
271,6,226.33,435.35,62.05,187.11,0.4749,-1,-1,-1
271,8,473.65,393.56,75.90,220.14,0.6234,-1,-1,-1
271,27,810.05,369.92,61.74,213.14,0.4078,-1,-1,-1
271,28,258.89,771.91,86.01,261.74,0.7423,-1,-1,-1
271,32,1045.14,103.74,59.70,177.97,0.4225,-1,-1,-1
271,34,262.47,707.99,70.75,112.37,0.4877,-1,-1,-1
271,38,1118.32,95.45,58.16,167.69,0.3163,-1,-1,-1
271,21,786.65,150.65,69.20,169.70,0.2630,-1,-1,-1
271,41,877.64,379.06,58.85,188.93,0.3121,-1,-1,-1
272,1,463.22,154.40,65.20,201.15,0.3685,-1,-1,-1
272,2,189.07,574.44,86.32,246.28,0.6721,-1,-1,-1
272,3,945.92,921.79,81.13,156.43,0.7196,-1,-1,-1
272,4,1720.03,460.31,74.48,207.31,0.5510,-1,-1,-1
272,5,1421.77,574.71,79.87,240.47,0.5202,-1,-1,-1
272,18,941.78,90.38,67.97,178.43,0.4844,-1,-1,-1
272,19,383.66,469.01,81.74,227.62,0.5986,-1,-1,-1
272,25,564.29,402.91,66.37,212.38,0.5543,-1,-1,-1
272,6,227.75,433.71,60.43,186.76,0.4508,-1,-1,-1
272,8,472.19,395.12,76.39,219.59,0.5954,-1,-1,-1
272,27,810.40,371.64,61.44,214.48,0.3818,-1,-1,-1
272,28,259.81,778.75,87.65,258.86,0.7314,-1,-1,-1
272,32,1042.57,103.49,60.62,178.63,0.3876,-1,-1,-1
272,34,267.48,708.43,71.51,116.65,0.5237,-1,-1,-1
272,38,1116.50,96.12,56.44,166.14,0.3192,-1,-1,-1
272,21,787.45,149.78,68.55,170.92,0.2521,-1,-1,-1
272,41,877.75,380.12,59.88,186.99,0.3475,-1,-1,-1
273,1,463.63,152.94,64.55,199.98,0.4018,-1,-1,-1
273,2,190.69,575.39,89.42,245.82,0.6831,-1,-1,-1
273,3,945.87,922.14,81.47,156.27,0.7230,-1,-1,-1
273,4,1719.99,460.48,74.11,207.32,0.5611,-1,-1,-1
273,5,1423.76,579.12,78.34,237.03,0.4939,-1,-1,-1
273,18,942.11,89.35,66.84,178.72,0.4868,-1,-1,-1
273,19,387.11,465.68,78.57,226.30,0.5863,-1,-1,-1
273,25,562.65,404.20,67.11,212.57,0.5500,-1,-1,-1
273,6,229.00,432.76,59.04,184.53,0.4703,-1,-1,-1
273,8,471.19,396.45,75.57,218.79,0.6026,-1,-1,-1
273,27,809.36,373.08,63.01,211.93,0.3547,-1,-1,-1
273,28,258.75,781.36,91.30,261.08,0.7240,-1,-1,-1
273,32,1039.96,102.70,62.39,178.16,0.3629,-1,-1,-1
273,34,272.67,708.76,73.12,123.82,0.5733,-1,-1,-1
273,38,1114.13,95.30,61.18,166.70,0.3025,-1,-1,-1
273,21,787.40,149.67,68.37,170.83,0.2530,-1,-1,-1
273,41,881.09,379.57,57.31,189.40,0.3398,-1,-1,-1
274,1,463.43,152.09,63.80,196.78,0.4003,-1,-1,-1
274,2,192.92,576.31,90.98,246.95,0.6954,-1,-1,-1
274,3,945.98,922.33,81.35,156.37,0.7052,-1,-1,-1
274,4,1720.39,460.36,73.73,207.52,0.5941,-1,-1,-1
274,5,1425.22,579.37,78.47,239.15,0.5281,-1,-1,-1
274,18,942.46,88.25,65.84,179.54,0.5138,-1,-1,-1
274,19,387.50,462.26,78.44,227.56,0.6227,-1,-1,-1
274,25,560.62,404.98,67.06,211.87,0.5339,-1,-1,-1
274,6,229.03,431.68,58.67,183.34,0.4639,-1,-1,-1
274,8,470.44,397.43,74.68,218.68,0.6236,-1,-1,-1
274,27,807.47,373.77,63.12,212.33,0.3452,-1,-1,-1
274,28,261.60,785.36,93.26,262.15,0.7130,-1,-1,-1
274,32,1036.07,102.17,66.40,178.44,0.3898,-1,-1,-1
274,34,276.41,708.93,74.80,136.00,0.6443,-1,-1,-1
274,38,1112.63,94.68,63.25,166.09,0.3419,-1,-1,-1
274,21,788.85,149.95,66.57,170.28,0.2472,-1,-1,-1
274,41,883.59,381.84,55.48,188.82,0.3506,-1,-1,-1
275,1,463.41,151.06,63.89,194.83,0.4032,-1,-1,-1
275,2,194.67,577.88,93.81,249.34,0.6725,-1,-1,-1
275,3,945.10,922.38,82.56,156.46,0.7234,-1,-1,-1
275,4,1720.46,460.16,73.61,207.57,0.5895,-1,-1,-1
275,5,1427.90,580.09,77.59,239.61,0.5103,-1,-1,-1
275,18,942.42,86.25,65.53,180.91,0.4998,-1,-1,-1
275,19,387.12,461.15,78.97,226.67,0.6139,-1,-1,-1
275,25,559.48,405.77,66.58,209.50,0.5952,-1,-1,-1
275,6,228.59,430.47,59.76,188.06,0.3371,-1,-1,-1
275,8,469.85,397.75,73.46,216.99,0.6620,-1,-1,-1
275,27,810.82,374.47,61.37,211.06,0.3944,-1,-1,-1
275,28,265.77,783.35,92.50,266.98,0.7037,-1,-1,-1
275,32,1032.67,102.36,69.03,178.97,0.3354,-1,-1,-1
275,34,277.79,711.31,80.95,140.16,0.4186,-1,-1,-1
275,38,1111.04,94.35,64.16,168.08,0.3063,-1,-1,-1
275,21,789.53,149.62,65.72,170.45,0.2368,-1,-1,-1
275,41,885.74,380.95,54.66,191.00,0.3567,-1,-1,-1
276,1,462.79,149.86,65.31,194.25,0.4030,-1,-1,-1
276,2,195.85,577.97,94.73,249.16,0.6740,-1,-1,-1
276,3,944.26,922.85,83.58,156.11,0.7484,-1,-1,-1
276,4,1719.79,460.42,74.25,206.98,0.5906,-1,-1,-1
276,5,1431.26,579.51,75.66,241.48,0.5310,-1,-1,-1
276,18,943.20,84.63,63.73,180.69,0.4536,-1,-1,-1
276,19,387.59,459.75,78.55,226.92,0.6325,-1,-1,-1
276,25,557.87,407.19,67.20,206.99,0.6338,-1,-1,-1
276,6,228.30,428.67,59.70,191.37,0.3359,-1,-1,-1
276,8,468.46,398.81,73.38,216.75,0.6650,-1,-1,-1
276,27,809.67,374.50,63.27,211.04,0.4044,-1,-1,-1
276,28,270.24,783.67,91.72,270.88,0.6299,-1,-1,-1
276,32,1031.23,102.52,68.97,179.66,0.3314,-1,-1,-1
276,34,280.15,714.59,84.52,141.84,0.3168,-1,-1,-1
276,38,1108.81,94.34,65.34,167.98,0.2939,-1,-1,-1
276,21,790.31,152.34,61.12,168.16,0.2724,-1,-1,-1
276,41,886.38,382.10,55.83,190.78,0.3094,-1,-1,-1
277,1,463.26,147.70,65.88,195.29,0.3743,-1,-1,-1
277,2,196.88,577.36,91.93,249.66,0.6507,-1,-1,-1
277,3,943.84,923.48,84.19,155.10,0.7527,-1,-1,-1
277,4,1719.26,459.93,74.84,208.16,0.5905,-1,-1,-1
277,5,1434.24,580.02,74.26,242.51,0.4950,-1,-1,-1
277,18,943.83,83.81,60.59,176.37,0.4626,-1,-1,-1
277,19,388.51,458.91,78.44,227.61,0.6088,-1,-1,-1
277,25,557.12,409.41,66.57,204.55,0.6591,-1,-1,-1
277,6,228.80,426.66,58.69,186.56,0.3895,-1,-1,-1
277,8,466.86,400.80,72.59,216.35,0.6852,-1,-1,-1
277,27,809.49,375.22,64.52,210.35,0.3811,-1,-1,-1
277,28,272.75,784.11,89.12,276.31,0.6519,-1,-1,-1
277,32,1030.11,102.69,68.98,179.66,0.3398,-1,-1,-1
277,34,282.54,718.05,88.75,142.91,0.5265,-1,-1,-1
277,38,1107.57,94.57,63.67,165.75,0.2775,-1,-1,-1
277,21,789.84,151.09,64.67,170.11,0.2579,-1,-1,-1
277,41,885.13,386.42,61.23,184.94,0.3402,-1,-1,-1
278,1,464.00,146.76,64.95,195.92,0.3478,-1,-1,-1
278,2,198.19,576.49,87.54,250.90,0.6512,-1,-1,-1
278,3,943.60,923.74,84.46,154.29,0.7646,-1,-1,-1
278,4,1719.31,459.57,75.17,209.00,0.5593,-1,-1,-1
278,5,1436.15,582.11,74.20,242.28,0.4393,-1,-1,-1
278,18,942.80,82.02,61.96,176.24,0.4516,-1,-1,-1
278,19,388.76,458.67,79.23,226.86,0.5992,-1,-1,-1
278,25,555.49,411.06,67.11,204.46,0.6520,-1,-1,-1
278,6,228.69,424.73,58.85,180.02,0.4276,-1,-1,-1
278,8,465.82,401.43,71.01,216.76,0.6676,-1,-1,-1
278,27,812.39,376.44,62.67,208.96,0.3481,-1,-1,-1
278,28,275.02,788.32,84.24,274.74,0.6252,-1,-1,-1
278,32,1030.85,102.01,65.15,178.42,0.3738,-1,-1,-1
278,34,284.29,721.12,95.67,144.34,0.6426,-1,-1,-1
278,38,1106.04,94.69,63.40,166.64,0.2809,-1,-1,-1
278,21,790.17,152.50,61.57,167.38,0.2426,-1,-1,-1
278,41,884.87,388.09,63.07,183.79,0.3889,-1,-1,-1
279,1,463.95,146.52,64.94,196.52,0.3521,-1,-1,-1
279,2,201.50,577.19,80.71,250.69,0.5896,-1,-1,-1
279,3,942.98,924.03,85.06,154.03,0.7570,-1,-1,-1
279,4,1720.39,459.42,73.94,209.35,0.5667,-1,-1,-1
279,5,1437.08,588.25,73.12,237.24,0.2920,-1,-1,-1
279,18,942.31,79.45,61.22,177.51,0.4324,-1,-1,-1
279,19,388.12,458.14,80.89,228.35,0.5898,-1,-1,-1
279,25,554.60,412.75,66.82,204.27,0.6604,-1,-1,-1
279,6,229.16,423.12,58.73,176.88,0.4414,-1,-1,-1
279,8,465.30,403.69,69.72,213.39,0.6848,-1,-1,-1
279,27,815.61,378.17,59.80,207.69,0.3967,-1,-1,-1
279,28,276.83,792.73,83.45,277.89,0.6414,-1,-1,-1
279,32,1030.57,101.57,63.23,177.23,0.3994,-1,-1,-1
279,34,286.49,725.16,102.32,143.24,0.6490,-1,-1,-1
279,38,1104.08,93.70,60.22,162.86,0.2997,-1,-1,-1
279,21,790.20,153.25,60.13,167.22,0.2626,-1,-1,-1
279,41,884.73,390.15,62.41,185.27,0.3319,-1,-1,-1
279,42,747.25,333.53,55.35,187.70,0.4048,-1,-1,-1
280,1,463.58,145.01,66.18,198.73,0.3234,-1,-1,-1
280,2,207.63,581.58,70.01,245.30,0.5344,-1,-1,-1
280,3,942.20,924.53,86.22,153.35,0.7599,-1,-1,-1
280,4,1720.66,459.13,73.29,209.50,0.5722,-1,-1,-1
280,5,1437.78,588.90,72.71,237.72,0.3337,-1,-1,-1
280,18,941.99,78.49,61.15,178.01,0.4328,-1,-1,-1
280,19,388.55,457.46,80.67,230.00,0.6086,-1,-1,-1
280,25,553.93,414.96,66.48,206.18,0.6500,-1,-1,-1
280,6,229.38,421.29,58.59,178.19,0.4718,-1,-1,-1
280,8,465.42,405.12,67.63,212.86,0.7120,-1,-1,-1
280,27,817.66,379.66,57.69,205.53,0.3634,-1,-1,-1
280,28,277.61,796.52,83.14,278.73,0.6422,-1,-1,-1
280,32,1028.18,100.49,67.68,179.52,0.4261,-1,-1,-1
280,34,289.43,726.98,106.56,143.58,0.6615,-1,-1,-1
280,38,1102.57,94.19,62.13,160.93,0.2875,-1,-1,-1
280,21,789.98,152.44,64.64,168.74,0.2386,-1,-1,-1
280,41,883.78,391.85,63.57,187.79,0.3277,-1,-1,-1
280,42,748.47,337.73,59.66,187.56,0.4455,-1,-1,-1
281,1,463.66,143.97,66.72,199.80,0.3407,-1,-1,-1
281,2,209.33,581.26,70.09,248.76,0.5730,-1,-1,-1
281,3,941.53,924.06,86.69,154.07,0.7632,-1,-1,-1
281,4,1720.07,459.61,74.00,209.09,0.5691,-1,-1,-1
281,5,1438.87,587.89,74.44,238.91,0.4650,-1,-1,-1
281,18,941.56,77.44,60.67,178.27,0.4340,-1,-1,-1
281,19,390.10,456.68,78.71,230.00,0.6385,-1,-1,-1
281,25,553.40,417.44,65.53,206.55,0.6400,-1,-1,-1
281,6,228.87,419.26,60.36,183.96,0.4025,-1,-1,-1
281,8,464.95,405.69,66.62,212.89,0.6512,-1,-1,-1
281,27,818.86,380.61,57.18,201.40,0.3211,-1,-1,-1
281,28,279.91,798.48,83.40,278.22,0.6532,-1,-1,-1
281,32,1027.64,100.49,64.25,176.81,0.4628,-1,-1,-1
281,34,293.05,729.82,107.37,142.31,0.6484,-1,-1,-1
281,38,1101.93,93.56,59.09,159.12,0.3382,-1,-1,-1
281,21,789.45,151.66,65.33,169.25,0.2435,-1,-1,-1
281,41,885.80,394.64,63.39,185.70,0.3181,-1,-1,-1
281,42,752.02,340.56,57.81,182.93,0.3421,-1,-1,-1
282,1,463.83,143.15,67.39,200.66,0.3178,-1,-1,-1
282,2,215.07,584.25,65.07,245.07,0.6071,-1,-1,-1
282,3,940.86,924.07,87.27,153.80,0.7612,-1,-1,-1
282,4,1719.88,460.23,73.77,209.11,0.6168,-1,-1,-1
282,5,1439.39,586.32,75.52,240.08,0.4946,-1,-1,-1
282,18,940.58,77.21,61.25,177.91,0.4612,-1,-1,-1
282,19,390.50,455.40,76.93,229.09,0.6571,-1,-1,-1
282,25,552.44,419.19,64.87,205.05,0.6606,-1,-1,-1
282,6,228.47,416.68,61.34,188.71,0.4559,-1,-1,-1
282,8,465.18,406.35,64.90,211.44,0.6620,-1,-1,-1
282,27,819.98,382.22,57.49,189.87,0.3030,-1,-1,-1
282,28,281.80,800.35,83.70,277.20,0.7255,-1,-1,-1
282,32,1025.97,99.78,63.14,175.39,0.4269,-1,-1,-1
282,34,297.76,733.22,107.64,144.58,0.6510,-1,-1,-1
282,38,1101.28,92.64,57.11,160.32,0.3526,-1,-1,-1
282,21,789.86,152.88,61.19,167.21,0.2604,-1,-1,-1
282,41,886.91,395.77,64.70,188.18,0.2262,-1,-1,-1
282,42,755.48,342.14,57.25,178.36,0.4132,-1,-1,-1
283,1,464.01,143.77,67.84,199.95,0.3090,-1,-1,-1
283,2,218.84,584.50,64.17,245.09,0.5963,-1,-1,-1
283,3,940.73,923.96,87.61,153.78,0.7738,-1,-1,-1
283,4,1720.45,459.72,73.51,209.41,0.6041,-1,-1,-1
283,5,1440.26,584.61,76.35,241.68,0.4685,-1,-1,-1
283,18,940.61,78.44,59.25,173.08,0.4838,-1,-1,-1
283,19,389.45,452.23,77.88,230.91,0.6525,-1,-1,-1
283,25,552.61,421.02,62.63,205.67,0.6496,-1,-1,-1
283,6,228.54,415.02,61.74,185.21,0.4088,-1,-1,-1
283,8,465.47,407.58,64.39,212.07,0.6540,-1,-1,-1
283,27,820.03,383.14,58.26,194.50,0.3062,-1,-1,-1
283,28,283.25,800.38,84.56,277.54,0.7057,-1,-1,-1
283,32,1023.73,98.80,63.11,175.25,0.4518,-1,-1,-1
283,34,302.38,736.35,106.81,140.24,0.5674,-1,-1,-1
283,38,1100.25,92.20,57.16,161.52,0.3741,-1,-1,-1
283,21,788.52,152.24,65.71,168.18,0.2486,-1,-1,-1
283,41,886.58,396.23,66.47,193.60,0.2473,-1,-1,-1
283,42,759.24,344.01,57.08,175.35,0.3830,-1,-1,-1
284,1,463.27,143.06,67.73,200.12,0.3430,-1,-1,-1
284,2,222.97,581.24,63.44,252.04,0.5659,-1,-1,-1
284,3,939.30,923.29,88.99,154.57,0.7676,-1,-1,-1
284,4,1720.29,460.05,73.88,209.05,0.5969,-1,-1,-1
284,5,1440.98,582.34,77.04,244.07,0.4534,-1,-1,-1
284,18,940.73,78.59,58.96,172.09,0.4619,-1,-1,-1
284,19,391.15,449.76,75.70,232.03,0.6483,-1,-1,-1
284,25,552.06,423.23,62.94,208.55,0.6629,-1,-1,-1
284,6,228.76,412.81,60.60,179.20,0.3737,-1,-1,-1
284,8,464.63,409.16,65.93,214.87,0.6215,-1,-1,-1
284,27,820.14,384.39,59.75,195.17,0.2612,-1,-1,-1
284,28,283.55,801.33,86.07,277.13,0.7167,-1,-1,-1
284,32,1021.44,97.41,63.18,176.99,0.4284,-1,-1,-1
284,34,307.03,738.71,104.37,138.47,0.5649,-1,-1,-1
284,38,1098.67,92.16,57.07,162.66,0.3392,-1,-1,-1
284,21,788.74,152.58,62.73,168.25,0.2855,-1,-1,-1
284,41,890.20,396.94,65.33,194.06,0.2396,-1,-1,-1
284,42,763.07,345.87,57.38,174.28,0.3533,-1,-1,-1
285,1,463.16,142.87,66.12,200.10,0.3239,-1,-1,-1
285,2,226.93,579.92,63.19,254.19,0.5491,-1,-1,-1
285,3,938.24,922.60,89.54,154.95,0.7723,-1,-1,-1
285,4,1720.43,460.29,74.09,208.45,0.5914,-1,-1,-1
285,5,1443.90,580.26,78.29,245.72,0.5650,-1,-1,-1
285,18,940.55,78.83,60.15,173.47,0.4665,-1,-1,-1
285,19,391.94,448.13,74.35,232.11,0.6452,-1,-1,-1
285,25,551.24,424.16,61.64,210.65,0.6517,-1,-1,-1
285,6,227.82,412.46,62.41,183.72,0.3838,-1,-1,-1
285,8,464.45,409.99,66.19,217.33,0.6051,-1,-1,-1
285,27,823.22,384.49,58.26,201.37,0.3094,-1,-1,-1
285,28,284.21,802.28,87.34,276.28,0.6994,-1,-1,-1
285,32,1019.70,97.05,65.52,176.55,0.4519,-1,-1,-1
285,34,308.16,740.83,104.71,138.12,0.5574,-1,-1,-1
285,38,1096.38,91.27,56.99,162.51,0.3303,-1,-1,-1
285,21,788.69,151.46,65.19,169.45,0.2787,-1,-1,-1
285,41,890.92,398.69,59.76,194.68,0.2579,-1,-1,-1
285,42,766.05,349.50,59.12,183.61,0.3533,-1,-1,-1
286,1,463.15,143.82,63.83,198.16,0.3005,-1,-1,-1
286,2,231.06,578.48,62.91,256.21,0.5470,-1,-1,-1
286,3,939.20,922.17,87.60,155.49,0.7622,-1,-1,-1
286,4,1720.85,460.08,73.26,208.51,0.6184,-1,-1,-1
286,5,1446.53,579.93,78.64,247.39,0.4795,-1,-1,-1
286,18,940.44,78.54,60.58,174.42,0.4634,-1,-1,-1
286,19,392.25,445.92,73.52,231.35,0.6347,-1,-1,-1
286,25,549.03,425.32,62.75,211.49,0.6244,-1,-1,-1
286,6,228.71,411.24,62.34,195.94,0.3329,-1,-1,-1
286,8,464.03,411.06,66.42,222.02,0.6053,-1,-1,-1
286,27,825.25,385.96,57.41,203.60,0.3702,-1,-1,-1
286,28,284.57,804.14,90.33,273.80,0.7233,-1,-1,-1
286,32,1018.36,97.01,61.45,177.93,0.4906,-1,-1,-1
286,34,308.73,742.78,104.40,137.76,0.5544,-1,-1,-1
286,38,1095.14,90.11,54.03,164.74,0.3440,-1,-1,-1
286,21,789.55,151.98,65.48,169.13,0.2592,-1,-1,-1
286,41,893.25,398.94,63.82,196.18,0.3613,-1,-1,-1
286,42,769.82,351.96,59.10,192.79,0.2716,-1,-1,-1
287,1,462.10,143.60,64.31,198.15,0.3315,-1,-1,-1
287,2,233.42,579.74,63.45,255.32,0.5447,-1,-1,-1
287,3,939.37,922.23,86.68,155.69,0.7800,-1,-1,-1
287,4,1720.66,459.78,73.26,208.93,0.6068,-1,-1,-1
287,5,1449.35,579.72,79.49,247.41,0.5470,-1,-1,-1
287,18,940.06,78.07,61.12,176.15,0.4507,-1,-1,-1
287,19,392.43,444.09,73.57,226.00,0.6042,-1,-1,-1
287,25,545.72,426.11,64.72,211.34,0.6319,-1,-1,-1
287,6,229.36,411.42,62.67,207.65,0.3092,-1,-1,-1
287,8,463.93,412.33,65.91,224.06,0.5960,-1,-1,-1
287,27,823.71,390.53,66.87,204.39,0.3712,-1,-1,-1
287,28,285.60,808.05,92.83,268.95,0.7517,-1,-1,-1
287,32,1017.62,96.81,60.31,178.02,0.4811,-1,-1,-1
287,34,310.38,742.86,103.06,139.04,0.5582,-1,-1,-1
287,38,1093.08,90.43,55.21,164.43,0.3661,-1,-1,-1
287,21,789.39,152.17,65.75,169.59,0.2798,-1,-1,-1
287,41,893.58,399.57,63.61,196.12,0.3728,-1,-1,-1
287,42,774.85,351.17,59.17,201.93,0.2330,-1,-1,-1
288,1,462.43,143.89,65.78,197.28,0.3234,-1,-1,-1
288,2,234.24,579.44,65.72,255.67,0.5792,-1,-1,-1
288,3,940.08,921.84,84.88,155.92,0.7600,-1,-1,-1
288,4,1720.64,460.03,73.06,208.60,0.6026,-1,-1,-1
288,5,1450.91,582.41,80.81,242.25,0.5275,-1,-1,-1
288,18,939.00,75.42,59.56,176.20,0.5023,-1,-1,-1
288,19,393.15,441.58,72.54,222.80,0.6231,-1,-1,-1
288,25,542.98,426.64,66.35,210.80,0.6145,-1,-1,-1
288,6,230.12,410.54,62.71,203.33,0.3249,-1,-1,-1
288,8,462.25,409.60,66.18,227.50,0.5782,-1,-1,-1
288,27,824.48,393.71,70.45,203.44,0.4151,-1,-1,-1
288,28,286.50,811.42,94.34,267.36,0.7661,-1,-1,-1
288,32,1017.19,96.00,59.75,176.93,0.5123,-1,-1,-1
288,34,310.88,743.38,99.11,138.82,0.5782,-1,-1,-1
288,38,1091.68,90.16,56.00,164.55,0.4101,-1,-1,-1
288,21,788.31,151.85,66.97,169.79,0.2952,-1,-1,-1
288,41,894.09,400.32,63.79,195.98,0.3706,-1,-1,-1
288,42,779.82,351.54,57.52,204.17,0.2579,-1,-1,-1
289,1,462.71,143.52,64.82,197.89,0.3106,-1,-1,-1
289,2,235.52,580.06,67.82,254.26,0.5509,-1,-1,-1
289,3,940.75,921.28,82.19,156.31,0.7492,-1,-1,-1
289,4,1720.09,459.32,73.88,210.18,0.5915,-1,-1,-1
289,5,1452.16,582.13,82.67,240.50,0.4919,-1,-1,-1
289,18,938.34,73.91,58.17,175.58,0.5159,-1,-1,-1
289,19,393.43,439.33,72.38,221.38,0.6236,-1,-1,-1
289,25,540.77,427.35,67.64,210.39,0.6193,-1,-1,-1
289,6,231.56,409.18,61.42,191.02,0.4105,-1,-1,-1
289,8,461.77,411.36,65.43,227.88,0.6396,-1,-1,-1
289,27,825.50,394.66,70.85,203.10,0.3776,-1,-1,-1
289,28,288.71,812.63,95.46,266.81,0.7543,-1,-1,-1
289,32,1016.14,94.98,61.42,177.44,0.4767,-1,-1,-1
289,34,310.69,743.62,98.43,142.06,0.5943,-1,-1,-1
289,38,1091.07,90.85,56.06,164.12,0.3941,-1,-1,-1
289,21,788.75,153.09,66.46,169.28,0.2868,-1,-1,-1
289,41,895.70,400.65,64.58,195.02,0.3241,-1,-1,-1
289,42,782.96,351.93,56.48,197.51,0.3081,-1,-1,-1
290,1,463.61,141.43,61.99,198.00,0.2702,-1,-1,-1
290,2,236.92,581.32,67.59,253.39,0.5761,-1,-1,-1
290,3,941.43,920.45,79.52,156.66,0.7535,-1,-1,-1
290,4,1720.20,459.41,73.94,209.62,0.5992,-1,-1,-1
290,5,1452.72,587.64,85.56,231.97,0.4023,-1,-1,-1
290,18,938.13,72.46,56.58,175.60,0.5210,-1,-1,-1
290,19,390.46,437.34,75.32,223.66,0.6009,-1,-1,-1
290,25,539.30,427.56,68.11,210.05,0.6300,-1,-1,-1
290,6,233.33,408.57,59.94,184.84,0.4551,-1,-1,-1
290,8,460.40,411.77,66.09,230.51,0.6796,-1,-1,-1
290,27,825.76,395.32,73.92,203.52,0.4387,-1,-1,-1
290,28,290.45,815.62,96.84,264.69,0.7199,-1,-1,-1
290,32,1015.27,93.96,61.32,177.80,0.4978,-1,-1,-1
290,34,312.50,744.45,93.59,144.06,0.6312,-1,-1,-1
290,38,1089.04,90.45,57.15,164.61,0.4081,-1,-1,-1
290,21,789.30,152.36,65.87,169.38,0.2926,-1,-1,-1
290,41,897.14,401.94,63.74,194.31,0.3320,-1,-1,-1
290,42,786.91,353.19,53.84,192.65,0.3684,-1,-1,-1
291,1,460.76,140.24,60.41,196.59,0.2970,-1,-1,-1
291,2,238.93,581.06,67.71,254.04,0.5583,-1,-1,-1
291,3,941.86,919.89,77.89,156.92,0.7535,-1,-1,-1
291,4,1721.10,459.73,73.41,209.06,0.5849,-1,-1,-1
291,5,1453.56,592.69,86.90,223.67,0.3740,-1,-1,-1
291,18,938.00,71.07,56.02,177.68,0.5073,-1,-1,-1
291,19,386.67,435.41,79.34,226.07,0.5969,-1,-1,-1
291,25,536.99,428.16,68.82,209.57,0.6354,-1,-1,-1
291,6,233.29,408.05,60.60,182.73,0.4341,-1,-1,-1
291,8,460.18,412.67,66.29,231.08,0.6569,-1,-1,-1
291,27,829.13,398.07,69.92,203.32,0.3208,-1,-1,-1
291,28,292.71,819.70,96.30,260.86,0.7040,-1,-1,-1
291,32,1014.57,93.05,61.13,177.82,0.4531,-1,-1,-1
291,34,313.31,746.17,91.13,144.07,0.6181,-1,-1,-1
291,38,1087.17,89.37,57.09,165.41,0.3653,-1,-1,-1
291,21,788.44,152.22,67.03,169.68,0.2767,-1,-1,-1
291,41,896.98,402.56,63.40,193.35,0.3259,-1,-1,-1
291,42,790.24,353.81,55.66,194.40,0.4370,-1,-1,-1
292,1,458.53,139.62,60.82,195.51,0.3082,-1,-1,-1
292,2,240.99,581.24,71.37,253.36,0.5465,-1,-1,-1
292,3,942.10,919.69,76.19,157.37,0.7396,-1,-1,-1
292,4,1720.29,460.40,74.22,208.64,0.5782,-1,-1,-1
292,5,1460.88,598.01,82.08,222.66,0.4207,-1,-1,-1
292,18,937.82,69.90,56.29,175.98,0.5262,-1,-1,-1
292,19,384.61,434.78,80.82,227.27,0.5705,-1,-1,-1
292,25,536.90,429.66,68.67,208.03,0.6525,-1,-1,-1
292,6,232.84,407.35,60.60,183.50,0.4539,-1,-1,-1
292,8,460.22,414.06,66.25,230.70,0.5968,-1,-1,-1
292,27,831.40,398.65,66.30,205.75,0.4409,-1,-1,-1
292,28,295.01,825.93,98.90,253.60,0.6388,-1,-1,-1
292,32,1013.68,92.69,61.29,177.56,0.4208,-1,-1,-1
292,34,315.64,748.85,87.76,142.25,0.5284,-1,-1,-1
292,38,1085.49,88.86,57.59,164.72,0.3721,-1,-1,-1
292,21,789.81,151.50,65.69,170.18,0.3173,-1,-1,-1
292,41,897.69,407.01,60.96,187.74,0.3526,-1,-1,-1
292,42,791.48,352.25,57.13,201.38,0.3078,-1,-1,-1
293,1,456.99,138.54,61.40,194.42,0.2876,-1,-1,-1
293,2,242.69,581.80,78.78,253.68,0.5522,-1,-1,-1
293,3,942.50,918.76,72.58,158.77,0.7357,-1,-1,-1
293,4,1720.71,460.71,73.61,208.04,0.5612,-1,-1,-1
293,5,1463.09,598.52,84.12,224.80,0.4391,-1,-1,-1
293,18,938.05,68.68,56.02,173.37,0.4574,-1,-1,-1
293,19,382.28,433.14,82.64,228.37,0.5399,-1,-1,-1
293,25,535.51,431.99,69.00,206.83,0.6788,-1,-1,-1
293,6,232.33,406.08,60.82,183.66,0.5320,-1,-1,-1
293,8,459.94,415.03,67.27,228.44,0.5789,-1,-1,-1
293,27,832.41,399.00,65.26,205.83,0.3864,-1,-1,-1
293,28,296.27,831.12,95.26,247.34,0.6655,-1,-1,-1
293,32,1012.62,92.03,61.64,178.50,0.3502,-1,-1,-1
293,34,316.12,751.52,86.48,138.31,0.4064,-1,-1,-1
293,38,1084.43,88.18,56.97,164.76,0.3250,-1,-1,-1
293,21,790.94,151.39,64.33,170.02,0.2812,-1,-1,-1
293,41,897.21,411.42,61.84,183.65,0.3423,-1,-1,-1
293,42,793.52,352.95,58.55,185.65,0.2605,-1,-1,-1
294,1,457.19,137.73,61.40,192.68,0.3339,-1,-1,-1
294,2,243.63,582.59,84.90,253.53,0.6085,-1,-1,-1
294,3,942.60,918.03,68.78,159.95,0.7533,-1,-1,-1
294,4,1720.36,459.85,74.24,209.45,0.5845,-1,-1,-1
294,5,1458.97,595.66,91.23,228.58,0.5253,-1,-1,-1
294,18,938.43,67.43,54.68,171.49,0.4327,-1,-1,-1
294,19,379.90,432.67,84.16,229.65,0.5556,-1,-1,-1
294,25,535.06,434.18,69.20,208.51,0.6737,-1,-1,-1
294,6,232.28,404.86,60.93,181.30,0.5104,-1,-1,-1
294,8,459.18,415.67,68.56,227.36,0.6217,-1,-1,-1
294,27,833.97,400.70,63.83,204.75,0.3705,-1,-1,-1
294,28,298.07,836.10,92.94,242.52,0.7191,-1,-1,-1
294,32,1011.79,91.47,59.97,177.76,0.3570,-1,-1,-1
294,34,323.63,755.01,78.88,136.62,0.4974,-1,-1,-1
294,38,1082.96,87.78,57.51,164.55,0.4089,-1,-1,-1
294,21,789.96,150.84,65.19,170.47,0.2945,-1,-1,-1
294,41,897.18,413.43,62.16,181.96,0.3590,-1,-1,-1
294,42,795.47,355.19,60.94,205.30,0.3098,-1,-1,-1
294,43,324.40,753.22,84.18,261.07,0.3935,-1,-1,-1
295,1,457.90,137.61,60.56,191.52,0.3081,-1,-1,-1
295,2,244.06,582.88,90.15,252.69,0.6484,-1,-1,-1
295,3,941.83,916.85,66.64,161.60,0.7396,-1,-1,-1
295,4,1719.97,460.15,74.52,209.34,0.5886,-1,-1,-1
295,5,1458.61,595.88,93.33,228.21,0.4853,-1,-1,-1
295,18,937.87,66.86,54.38,172.47,0.4049,-1,-1,-1
295,19,377.09,432.75,86.69,230.49,0.5365,-1,-1,-1
295,25,534.05,436.06,68.97,209.90,0.6699,-1,-1,-1
295,6,231.85,402.13,60.73,183.06,0.4393,-1,-1,-1
295,8,459.25,416.16,68.47,225.53,0.6009,-1,-1,-1
295,27,833.95,401.75,63.91,203.64,0.3745,-1,-1,-1
295,28,300.37,839.78,90.84,239.54,0.7003,-1,-1,-1
295,32,1010.97,91.46,58.76,178.39,0.3921,-1,-1,-1
295,34,327.91,758.98,75.96,137.80,0.5066,-1,-1,-1
295,38,1081.61,86.87,56.93,165.63,0.4010,-1,-1,-1
295,21,788.07,150.76,67.16,170.81,0.3037,-1,-1,-1
295,41,896.96,412.51,62.24,184.32,0.3723,-1,-1,-1
295,42,797.99,357.23,62.71,209.00,0.2612,-1,-1,-1
295,43,327.43,756.88,84.38,255.52,0.4057,-1,-1,-1
296,1,459.05,135.44,58.64,193.98,0.2855,-1,-1,-1
296,2,244.47,583.31,91.41,251.92,0.6710,-1,-1,-1
296,3,941.44,915.87,63.87,162.50,0.7561,-1,-1,-1
296,4,1720.14,460.03,73.98,209.22,0.5955,-1,-1,-1
296,5,1459.92,598.04,95.47,226.96,0.4934,-1,-1,-1
296,18,937.61,65.89,54.00,172.19,0.4515,-1,-1,-1
296,19,376.29,431.18,86.34,232.14,0.5342,-1,-1,-1
296,25,534.32,438.45,67.96,206.96,0.6740,-1,-1,-1
296,6,231.78,400.65,61.85,181.92,0.5077,-1,-1,-1
296,8,458.28,418.38,70.38,223.80,0.6248,-1,-1,-1
296,27,833.43,401.99,63.56,203.72,0.4096,-1,-1,-1
296,28,301.98,842.83,90.98,236.53,0.7255,-1,-1,-1
296,32,1010.17,90.85,57.67,179.13,0.4056,-1,-1,-1
296,34,329.57,761.62,76.81,138.71,0.4921,-1,-1,-1
296,38,1080.25,86.43,56.75,165.41,0.4088,-1,-1,-1
296,21,787.27,151.29,68.28,171.04,0.3209,-1,-1,-1
296,41,896.74,412.41,62.62,189.19,0.4579,-1,-1,-1
296,42,800.29,359.58,59.40,209.71,0.1645,-1,-1,-1
296,43,328.47,759.74,82.79,263.89,0.2510,-1,-1,-1
297,1,458.73,134.60,59.59,194.57,0.2794,-1,-1,-1
297,2,245.49,584.76,91.68,250.82,0.6618,-1,-1,-1
297,3,941.29,915.09,62.32,163.86,0.7559,-1,-1,-1
297,4,1719.79,460.32,73.84,208.98,0.5756,-1,-1,-1
297,5,1461.13,597.12,99.36,228.90,0.5440,-1,-1,-1
297,18,936.98,64.82,54.16,173.45,0.4155,-1,-1,-1
297,19,376.32,429.91,85.44,233.19,0.5012,-1,-1,-1
297,25,534.41,440.77,66.07,205.88,0.6665,-1,-1,-1
297,6,232.89,399.80,61.37,182.67,0.5714,-1,-1,-1
297,8,457.55,419.48,69.59,222.32,0.6301,-1,-1,-1
297,27,833.62,401.41,62.95,206.84,0.3726,-1,-1,-1
297,28,303.39,843.82,91.32,235.94,0.7409,-1,-1,-1
297,32,1009.22,90.36,57.55,179.69,0.3721,-1,-1,-1
297,34,331.83,764.92,76.68,139.49,0.5168,-1,-1,-1
297,38,1079.00,86.82,56.73,164.38,0.3425,-1,-1,-1
297,21,788.53,151.10,67.64,170.98,0.3281,-1,-1,-1
297,41,895.72,413.03,63.87,193.76,0.4661,-1,-1,-1
297,42,805.34,359.49,62.32,187.12,0.1904,-1,-1,-1
297,43,330.15,763.85,80.15,291.34,0.2211,-1,-1,-1
298,1,458.28,133.97,59.91,195.94,0.2907,-1,-1,-1
298,2,246.32,585.00,91.35,250.06,0.6280,-1,-1,-1
298,3,940.90,914.61,62.33,164.96,0.7687,-1,-1,-1
298,4,1720.69,460.75,73.40,208.29,0.5996,-1,-1,-1
298,5,1462.70,598.53,102.68,229.23,0.5540,-1,-1,-1
298,18,936.58,64.15,55.10,172.35,0.4242,-1,-1,-1
298,19,375.97,429.50,85.15,230.60,0.5243,-1,-1,-1
298,25,534.51,442.88,65.27,202.86,0.6479,-1,-1,-1
298,6,234.00,398.66,61.22,184.13,0.5572,-1,-1,-1
298,8,456.92,420.14,69.17,221.69,0.6303,-1,-1,-1
298,27,831.83,400.91,65.36,209.41,0.3240,-1,-1,-1
298,28,304.78,845.42,92.52,234.78,0.7523,-1,-1,-1
298,32,1009.65,91.67,57.42,175.63,0.3666,-1,-1,-1
298,34,334.12,767.56,77.86,142.91,0.5770,-1,-1,-1
298,38,1077.56,86.07,57.38,165.13,0.3685,-1,-1,-1
298,21,789.61,151.20,66.66,171.11,0.2977,-1,-1,-1
298,41,895.21,414.47,64.83,196.63,0.4875,-1,-1,-1
299,1,459.24,133.47,59.80,196.17,0.2942,-1,-1,-1
299,2,248.65,584.07,89.50,250.37,0.6829,-1,-1,-1
299,3,940.26,913.74,61.51,165.50,0.7748,-1,-1,-1
299,4,1720.59,461.35,73.39,207.70,0.5952,-1,-1,-1
299,5,1463.09,594.36,104.38,234.52,0.5895,-1,-1,-1
299,18,936.43,63.67,55.97,171.32,0.4305,-1,-1,-1
299,19,377.01,428.31,83.49,228.82,0.5592,-1,-1,-1
299,25,534.92,444.40,64.24,203.17,0.6516,-1,-1,-1
299,6,233.83,397.56,61.58,183.96,0.5951,-1,-1,-1
299,8,456.66,421.08,68.66,223.18,0.6464,-1,-1,-1
299,27,825.26,402.03,73.03,207.40,0.2279,-1,-1,-1
299,28,305.77,846.56,93.22,233.67,0.7641,-1,-1,-1
299,32,1009.34,89.19,57.01,181.27,0.3995,-1,-1,-1
299,34,338.60,770.46,77.41,144.24,0.6277,-1,-1,-1
299,38,1075.02,84.28,57.43,168.56,0.3209,-1,-1,-1
299,21,790.15,152.42,65.39,170.04,0.2773,-1,-1,-1
299,41,895.01,415.65,64.84,197.15,0.5023,-1,-1,-1
300,1,458.84,132.97,61.58,198.14,0.2971,-1,-1,-1
300,2,250.06,583.62,89.86,249.71,0.6895,-1,-1,-1
300,3,940.20,913.81,60.29,165.28,0.7696,-1,-1,-1
300,4,1721.48,460.90,72.47,208.22,0.5807,-1,-1,-1
300,5,1464.28,591.27,104.98,238.28,0.5963,-1,-1,-1
300,18,935.78,63.03,56.49,172.54,0.4551,-1,-1,-1
300,19,379.03,426.10,81.23,225.22,0.5439,-1,-1,-1
300,25,534.67,445.74,64.19,204.05,0.6557,-1,-1,-1
300,6,234.04,397.28,60.71,183.93,0.5750,-1,-1,-1
300,8,456.31,423.13,68.51,223.82,0.6617,-1,-1,-1
300,28,307.13,847.31,94.24,232.89,0.7498,-1,-1,-1
300,32,1008.62,86.98,56.58,184.27,0.4005,-1,-1,-1
300,34,343.54,772.65,75.89,146.04,0.6383,-1,-1,-1
300,38,1073.64,82.76,56.75,165.88,0.2329,-1,-1,-1
300,21,790.48,151.58,65.50,170.19,0.2033,-1,-1,-1
300,41,895.64,416.56,63.62,197.97,0.4480,-1,-1,-1
301,1,458.40,132.64,61.57,198.27,0.2809,-1,-1,-1
301,2,251.64,582.07,89.96,250.42,0.6660,-1,-1,-1
301,3,941.25,913.98,57.98,165.32,0.7693,-1,-1,-1
301,4,1721.32,460.93,72.53,207.94,0.5919,-1,-1,-1
301,5,1465.80,588.36,104.97,242.68,0.6005,-1,-1,-1
301,18,934.99,62.80,57.07,173.68,0.4821,-1,-1,-1
301,19,381.59,423.15,78.20,224.56,0.5512,-1,-1,-1
301,25,534.84,446.45,63.86,205.87,0.6671,-1,-1,-1
301,6,234.42,396.78,59.78,184.29,0.5645,-1,-1,-1
301,8,456.25,426.58,68.16,222.22,0.6715,-1,-1,-1
301,28,307.81,848.09,95.23,232.17,0.7489,-1,-1,-1
301,32,1008.09,85.44,57.04,184.67,0.4183,-1,-1,-1
301,34,346.79,774.75,76.58,144.27,0.5974,-1,-1,-1
301,38,1072.93,81.98,55.97,168.19,0.2806,-1,-1,-1
301,21,791.80,149.07,63.31,172.51,0.2103,-1,-1,-1
301,41,895.74,417.25,63.00,197.06,0.4670,-1,-1,-1
302,1,458.25,130.81,62.93,195.55,0.2539,-1,-1,-1
302,2,253.96,580.88,89.62,251.65,0.6766,-1,-1,-1
302,3,941.62,912.62,56.47,167.13,0.7518,-1,-1,-1
302,4,1721.57,460.21,72.35,209.15,0.5722,-1,-1,-1
302,5,1468.40,589.26,102.97,241.93,0.5663,-1,-1,-1
302,18,934.40,62.14,57.15,174.00,0.4793,-1,-1,-1
302,19,385.11,421.95,74.06,220.16,0.5318,-1,-1,-1
302,25,534.81,447.11,63.68,205.06,0.6401,-1,-1,-1
302,6,233.84,396.30,59.72,185.11,0.5497,-1,-1,-1
302,8,456.16,428.82,67.89,221.85,0.6197,-1,-1,-1
302,28,309.32,848.18,97.14,231.99,0.7381,-1,-1,-1
302,32,1006.64,85.05,58.18,180.74,0.4283,-1,-1,-1
302,34,348.93,776.00,79.96,147.09,0.6332,-1,-1,-1
302,38,1072.31,82.27,54.18,165.66,0.2156,-1,-1,-1
302,21,793.18,150.94,60.28,171.79,0.1781,-1,-1,-1
302,41,895.44,418.80,62.83,198.33,0.5523,-1,-1,-1
302,27,830.04,407.10,73.25,212.71,0.4361,-1,-1,-1
303,1,458.92,130.67,64.25,194.50,0.2199,-1,-1,-1
303,2,257.54,579.73,88.94,253.14,0.6386,-1,-1,-1
303,3,940.86,912.70,56.15,167.27,0.7241,-1,-1,-1
303,4,1721.43,460.11,72.42,209.36,0.5830,-1,-1,-1
303,5,1471.48,586.54,101.78,244.85,0.4843,-1,-1,-1
303,18,933.89,62.39,57.18,170.84,0.4930,-1,-1,-1
303,19,387.15,416.93,71.18,218.43,0.5974,-1,-1,-1
303,25,534.63,447.66,64.23,207.59,0.6541,-1,-1,-1
303,6,233.88,395.31,59.27,186.64,0.5517,-1,-1,-1
303,8,456.10,430.49,66.50,221.44,0.6295,-1,-1,-1
303,28,311.30,848.67,97.77,231.51,0.7381,-1,-1,-1
303,32,1006.11,85.09,58.43,176.23,0.4683,-1,-1,-1
303,34,351.01,776.98,84.50,149.54,0.6873,-1,-1,-1
303,38,1070.86,81.02,55.11,169.22,0.3438,-1,-1,-1
303,21,793.94,150.13,59.62,172.80,0.1612,-1,-1,-1
303,41,895.51,420.95,61.46,196.10,0.5198,-1,-1,-1
303,27,834.73,409.18,67.35,214.66,0.4760,-1,-1,-1
304,1,463.05,131.81,63.38,192.70,0.2249,-1,-1,-1
304,2,263.28,579.80,86.11,251.85,0.6160,-1,-1,-1
304,3,939.67,911.96,57.45,168.06,0.7402,-1,-1,-1
304,4,1721.56,460.00,72.50,210.08,0.5905,-1,-1,-1
304,5,1474.02,582.78,100.79,249.16,0.5025,-1,-1,-1
304,18,934.80,62.16,55.81,173.06,0.5339,-1,-1,-1
304,19,388.44,412.81,69.62,220.37,0.5725,-1,-1,-1
304,25,534.30,448.32,64.79,207.23,0.6425,-1,-1,-1
304,6,234.63,393.95,58.96,188.06,0.5433,-1,-1,-1
304,8,455.46,432.28,65.60,220.14,0.6324,-1,-1,-1
304,28,312.65,849.82,98.49,230.30,0.7474,-1,-1,-1
304,32,1005.98,84.98,57.98,175.03,0.4763,-1,-1,-1
304,34,354.45,777.96,87.03,152.06,0.6167,-1,-1,-1
304,38,1068.91,80.94,56.04,169.36,0.3091,-1,-1,-1
304,21,793.67,149.30,61.33,173.93,0.2405,-1,-1,-1
304,41,897.34,421.21,58.83,196.19,0.4861,-1,-1,-1
304,27,832.01,405.84,76.27,217.07,0.4786,-1,-1,-1
305,1,462.27,131.25,62.85,193.01,0.2216,-1,-1,-1
305,2,271.98,580.90,80.40,249.53,0.5990,-1,-1,-1
305,3,937.83,910.36,59.41,169.74,0.7406,-1,-1,-1
305,4,1721.07,460.27,72.54,209.58,0.5762,-1,-1,-1
305,5,1475.95,585.87,99.79,247.21,0.4534,-1,-1,-1
305,18,934.74,61.96,55.49,173.25,0.4927,-1,-1,-1
305,19,389.48,409.52,68.95,222.28,0.5620,-1,-1,-1
305,25,534.09,448.94,65.12,207.97,0.6385,-1,-1,-1
305,6,233.93,391.45,58.97,191.24,0.5357,-1,-1,-1
305,8,454.58,434.82,65.36,219.31,0.6627,-1,-1,-1
305,28,315.49,851.63,97.85,228.57,0.7613,-1,-1,-1
305,32,1005.37,85.18,58.84,172.13,0.4897,-1,-1,-1
305,34,355.74,779.19,91.68,156.58,0.6138,-1,-1,-1
305,38,1067.59,81.06,56.48,167.58,0.2624,-1,-1,-1
305,21,794.90,149.84,61.61,173.05,0.2504,-1,-1,-1
305,41,899.08,420.55,56.45,196.33,0.4624,-1,-1,-1
305,27,834.77,405.04,74.69,221.32,0.5170,-1,-1,-1
306,1,461.76,131.40,63.77,192.03,0.2559,-1,-1,-1
306,2,283.11,581.60,73.58,248.04,0.5436,-1,-1,-1
306,3,935.99,909.37,62.59,170.71,0.7182,-1,-1,-1
306,4,1721.06,460.60,72.62,209.14,0.5687,-1,-1,-1
306,5,1479.44,587.88,98.71,246.24,0.5165,-1,-1,-1
306,18,934.59,59.99,56.88,174.84,0.4716,-1,-1,-1
306,19,389.76,407.72,68.37,222.44,0.5313,-1,-1,-1
306,25,533.28,449.42,65.50,205.14,0.6218,-1,-1,-1
306,6,232.82,389.59,60.00,193.48,0.5649,-1,-1,-1
306,8,453.50,436.39,64.72,219.16,0.6821,-1,-1,-1
306,28,318.73,857.09,94.03,223.06,0.7690,-1,-1,-1
306,32,1004.17,84.77,60.13,170.50,0.5223,-1,-1,-1
306,34,357.52,780.56,94.42,154.15,0.6553,-1,-1,-1
306,38,1068.10,82.33,54.25,161.26,0.2690,-1,-1,-1
306,21,794.57,122.49,65.65,200.60,0.2703,-1,-1,-1
306,41,898.45,422.60,57.13,193.29,0.4342,-1,-1,-1
306,27,833.55,404.50,76.87,220.99,0.5006,-1,-1,-1
307,1,459.96,130.55,64.91,191.53,0.2419,-1,-1,-1
307,2,293.70,581.00,70.49,246.03,0.5695,-1,-1,-1
307,3,934.50,908.21,65.03,171.72,0.7119,-1,-1,-1
307,4,1720.98,459.88,72.89,209.82,0.5595,-1,-1,-1
307,5,1482.29,588.59,97.00,245.80,0.5470,-1,-1,-1
307,18,934.63,59.37,56.80,174.31,0.4958,-1,-1,-1
307,19,391.08,407.10,67.71,222.30,0.5570,-1,-1,-1
307,25,532.47,449.75,65.52,205.29,0.6415,-1,-1,-1
307,6,232.63,387.77,59.75,193.46,0.5266,-1,-1,-1
307,8,451.62,438.45,65.15,217.83,0.6757,-1,-1,-1
307,28,320.00,861.08,94.41,218.99,0.7755,-1,-1,-1
307,32,1003.47,83.57,60.04,169.86,0.5635,-1,-1,-1
307,34,359.16,781.90,98.44,155.13,0.6473,-1,-1,-1
307,38,1066.30,81.94,53.95,162.79,0.2917,-1,-1,-1
307,21,794.80,109.76,71.06,213.00,0.3702,-1,-1,-1
307,41,898.69,425.01,56.88,191.04,0.3656,-1,-1,-1
307,27,833.98,406.38,77.05,218.79,0.3527,-1,-1,-1
308,1,461.45,130.36,61.82,192.11,0.2793,-1,-1,-1
308,2,302.56,580.55,69.96,244.57,0.6439,-1,-1,-1
308,3,932.48,907.94,67.89,172.15,0.7209,-1,-1,-1
308,4,1721.19,459.33,72.67,210.28,0.5808,-1,-1,-1
308,5,1484.19,591.92,95.82,242.93,0.6302,-1,-1,-1
308,18,935.14,56.84,55.98,170.86,0.5064,-1,-1,-1
308,19,391.01,406.15,69.04,223.59,0.5705,-1,-1,-1
308,25,530.51,451.39,67.10,204.48,0.6571,-1,-1,-1
308,6,230.75,386.09,61.50,191.81,0.5575,-1,-1,-1
308,8,450.16,440.54,64.54,215.98,0.6790,-1,-1,-1
308,28,321.92,866.31,94.97,213.85,0.7753,-1,-1,-1
308,32,1002.38,82.91,60.85,171.39,0.6041,-1,-1,-1
308,34,361.00,784.60,102.46,155.99,0.6934,-1,-1,-1
308,38,1064.70,82.16,55.08,164.99,0.3175,-1,-1,-1
308,21,794.23,104.82,72.89,218.02,0.3291,-1,-1,-1
308,41,896.14,427.52,57.35,188.53,0.3305,-1,-1,-1
308,27,833.90,411.66,78.13,214.26,0.3539,-1,-1,-1
309,1,463.62,130.46,58.96,191.14,0.2678,-1,-1,-1
309,2,308.22,579.95,74.22,246.90,0.6485,-1,-1,-1
309,3,930.62,907.30,70.25,172.73,0.7368,-1,-1,-1
309,4,1720.89,458.70,72.69,211.22,0.5735,-1,-1,-1
309,5,1486.13,590.20,95.51,244.61,0.5929,-1,-1,-1
309,18,935.24,53.82,54.87,170.29,0.4842,-1,-1,-1
309,19,390.75,406.36,70.30,222.48,0.5209,-1,-1,-1
309,25,529.12,454.28,67.80,206.72,0.6705,-1,-1,-1
309,6,230.42,383.97,61.88,190.04,0.5283,-1,-1,-1
309,8,448.29,441.96,64.52,216.14,0.6596,-1,-1,-1
309,28,324.14,871.11,93.92,209.00,0.7802,-1,-1,-1
309,32,1002.09,81.67,61.09,174.33,0.6234,-1,-1,-1
309,34,364.31,789.17,105.14,153.57,0.6760,-1,-1,-1
309,38,1064.41,82.03,53.86,163.74,0.2917,-1,-1,-1
309,21,793.85,102.98,73.61,220.07,0.3716,-1,-1,-1
309,41,892.38,429.90,60.16,187.02,0.2338,-1,-1,-1
309,27,836.32,416.03,71.96,212.29,0.3831,-1,-1,-1
310,1,464.55,129.26,57.10,190.42,0.3100,-1,-1,-1
310,2,312.50,579.55,77.51,248.73,0.6942,-1,-1,-1
310,3,928.68,907.51,72.98,172.54,0.7483,-1,-1,-1
310,4,1720.82,458.43,72.50,210.89,0.5750,-1,-1,-1
310,5,1487.60,588.73,95.96,245.19,0.5556,-1,-1,-1
310,18,934.64,51.21,55.41,170.89,0.5422,-1,-1,-1
310,19,391.80,405.69,69.07,225.24,0.5017,-1,-1,-1
310,25,528.10,455.97,67.96,209.36,0.6984,-1,-1,-1
310,6,230.92,381.12,59.91,187.31,0.5567,-1,-1,-1
310,8,447.57,439.97,63.61,220.61,0.6519,-1,-1,-1
310,28,326.88,873.66,93.52,206.42,0.7566,-1,-1,-1
310,32,1001.17,80.32,61.83,175.68,0.6478,-1,-1,-1
310,34,366.50,793.58,106.55,151.14,0.6772,-1,-1,-1
310,38,1063.89,82.64,54.99,164.04,0.3327,-1,-1,-1
310,21,794.06,102.42,72.85,220.92,0.3229,-1,-1,-1
310,27,837.74,421.92,66.81,206.24,0.1819,-1,-1,-1
311,1,465.25,128.85,57.21,189.58,0.2965,-1,-1,-1
311,2,316.09,579.61,81.00,247.83,0.7417,-1,-1,-1
311,3,927.64,907.06,74.40,172.97,0.7625,-1,-1,-1
311,4,1720.79,458.30,72.66,210.77,0.5783,-1,-1,-1
311,5,1488.63,589.16,100.38,244.53,0.5832,-1,-1,-1
311,18,934.02,49.52,55.71,171.26,0.5087,-1,-1,-1
311,19,391.81,406.62,69.64,224.05,0.4722,-1,-1,-1
311,25,527.54,457.39,67.41,211.74,0.6759,-1,-1,-1
311,6,231.67,379.05,58.16,186.70,0.5299,-1,-1,-1
311,8,445.95,440.17,64.02,221.71,0.6842,-1,-1,-1
311,28,329.68,876.34,94.67,203.68,0.7339,-1,-1,-1
311,32,1000.44,79.80,62.36,175.35,0.6266,-1,-1,-1
311,34,368.24,797.96,108.12,148.06,0.6622,-1,-1,-1
311,38,1062.35,81.86,54.66,163.49,0.2979,-1,-1,-1
311,21,794.42,101.66,71.89,221.67,0.3388,-1,-1,-1
311,27,835.87,423.25,68.58,196.99,0.3110,-1,-1,-1
312,1,463.73,127.95,59.34,188.75,0.3059,-1,-1,-1
312,2,318.50,581.03,87.03,245.00,0.7537,-1,-1,-1
312,3,927.40,906.16,74.95,173.91,0.7517,-1,-1,-1
312,4,1721.22,458.66,72.47,209.97,0.5817,-1,-1,-1
312,5,1489.83,591.95,101.49,240.79,0.6264,-1,-1,-1
312,18,933.76,48.70,56.29,171.92,0.5143,-1,-1,-1
312,19,392.35,407.26,69.07,221.95,0.4320,-1,-1,-1
312,25,527.14,460.39,67.18,214.84,0.6739,-1,-1,-1
312,6,231.37,376.54,58.18,187.70,0.5372,-1,-1,-1
312,8,444.46,441.94,64.32,221.62,0.6668,-1,-1,-1
312,28,332.78,879.25,96.27,200.86,0.7442,-1,-1,-1
312,32,1000.08,79.86,63.11,174.72,0.6073,-1,-1,-1
312,34,368.45,801.35,108.97,148.19,0.6513,-1,-1,-1
312,38,1062.35,81.44,53.26,163.70,0.2623,-1,-1,-1
312,21,793.21,101.90,71.08,221.08,0.3413,-1,-1,-1
312,27,834.02,424.49,71.81,195.52,0.2838,-1,-1,-1
313,1,463.72,124.80,60.02,190.19,0.3262,-1,-1,-1
313,2,319.03,583.35,93.64,241.93,0.7642,-1,-1,-1
313,3,927.02,905.52,75.68,174.55,0.7549,-1,-1,-1
313,4,1721.94,458.03,72.03,210.33,0.5767,-1,-1,-1
313,5,1491.50,596.60,103.09,236.25,0.6175,-1,-1,-1
313,18,933.63,47.89,55.96,172.55,0.5205,-1,-1,-1
313,19,393.09,406.08,68.37,223.66,0.4085,-1,-1,-1
313,25,527.19,463.07,66.54,214.96,0.6592,-1,-1,-1
313,6,231.11,374.70,58.17,188.85,0.5227,-1,-1,-1
313,8,442.38,446.13,64.80,221.88,0.6858,-1,-1,-1
313,28,336.16,882.59,98.54,197.48,0.7359,-1,-1,-1
313,32,1000.18,80.20,62.62,173.51,0.5993,-1,-1,-1
313,34,369.05,804.81,109.34,147.25,0.6929,-1,-1,-1
313,38,1061.54,82.12,54.06,163.99,0.2687,-1,-1,-1
313,21,790.54,102.44,71.67,220.29,0.2663,-1,-1,-1
313,27,834.52,426.29,69.26,198.20,0.2602,-1,-1,-1
314,1,460.50,125.35,63.26,187.75,0.3019,-1,-1,-1
314,2,319.05,584.55,98.19,240.56,0.7642,-1,-1,-1
314,3,927.03,905.17,76.63,174.89,0.7554,-1,-1,-1
314,4,1722.60,457.91,71.35,210.97,0.5739,-1,-1,-1
314,5,1494.24,599.07,102.18,234.21,0.5484,-1,-1,-1
314,18,932.62,47.11,57.00,172.89,0.5235,-1,-1,-1
314,19,393.36,404.39,66.57,224.05,0.3840,-1,-1,-1
314,25,526.97,464.72,66.06,215.60,0.6575,-1,-1,-1
314,6,230.58,373.81,58.68,189.30,0.5528,-1,-1,-1
314,8,440.69,447.42,65.46,221.89,0.6997,-1,-1,-1
314,28,340.15,886.39,97.23,193.65,0.7245,-1,-1,-1
314,32,1000.07,79.91,60.39,173.15,0.5512,-1,-1,-1
314,34,369.97,808.14,110.63,147.78,0.6970,-1,-1,-1
314,38,1058.42,81.66,52.57,161.56,0.1709,-1,-1,-1
314,21,788.74,102.71,72.21,219.66,0.2204,-1,-1,-1
314,27,832.44,426.66,70.49,200.34,0.3154,-1,-1,-1
315,1,462.54,123.09,62.38,188.19,0.2680,-1,-1,-1
315,2,318.73,585.25,105.27,240.28,0.7693,-1,-1,-1
315,3,926.15,904.92,77.48,175.18,0.7592,-1,-1,-1
315,4,1722.50,457.77,71.35,211.42,0.5547,-1,-1,-1
315,5,1497.45,601.64,98.37,231.88,0.5579,-1,-1,-1
315,18,932.04,46.51,57.26,173.31,0.5311,-1,-1,-1
315,19,393.23,403.45,64.16,222.95,0.2655,-1,-1,-1
315,25,527.21,466.47,63.63,216.08,0.6693,-1,-1,-1
315,6,229.98,373.41,60.34,189.42,0.5637,-1,-1,-1
315,8,438.36,448.18,67.07,221.87,0.7304,-1,-1,-1
315,28,342.87,889.32,97.16,190.74,0.7273,-1,-1,-1
315,32,999.54,79.55,58.92,173.73,0.5357,-1,-1,-1
315,34,371.20,809.15,110.31,148.28,0.6414,-1,-1,-1
315,38,1056.30,81.79,52.49,161.02,0.2017,-1,-1,-1
315,21,789.25,102.38,70.31,220.39,0.1961,-1,-1,-1
315,27,828.41,429.33,75.19,198.36,0.2201,-1,-1,-1
315,42,883.05,371.91,71.16,154.91,0.4120,-1,-1,-1
316,1,460.06,122.15,65.10,189.00,0.2715,-1,-1,-1
316,2,319.23,585.44,110.68,239.65,0.7697,-1,-1,-1
316,3,926.09,905.12,77.55,174.95,0.7542,-1,-1,-1
316,4,1722.00,458.17,72.04,211.76,0.5329,-1,-1,-1
316,5,1501.48,602.23,94.41,232.42,0.6161,-1,-1,-1
316,18,931.60,46.13,58.23,172.34,0.5317,-1,-1,-1
316,19,395.87,399.23,60.77,223.75,0.2785,-1,-1,-1
316,25,526.64,469.07,62.48,218.59,0.6475,-1,-1,-1
316,6,230.06,372.73,61.51,189.16,0.5838,-1,-1,-1
316,8,436.40,449.39,68.18,222.40,0.7150,-1,-1,-1
316,28,345.24,892.31,95.91,187.77,0.7154,-1,-1,-1
316,32,999.27,80.08,58.03,173.91,0.5942,-1,-1,-1
316,34,372.88,810.01,108.71,151.51,0.6638,-1,-1,-1
316,38,1054.04,79.44,52.64,163.13,0.2569,-1,-1,-1
316,27,828.90,433.62,70.89,194.67,0.2023,-1,-1,-1
316,42,887.25,373.66,67.30,159.65,0.3392,-1,-1,-1
317,1,458.55,121.12,66.36,189.98,0.3003,-1,-1,-1
317,2,319.30,584.91,114.81,241.08,0.7698,-1,-1,-1
317,3,926.15,905.53,78.02,174.47,0.7524,-1,-1,-1
317,4,1721.82,458.11,72.28,211.93,0.5641,-1,-1,-1
317,5,1506.55,609.15,88.09,226.22,0.5588,-1,-1,-1
317,18,931.11,45.56,58.87,172.71,0.5148,-1,-1,-1
317,19,396.64,395.08,61.04,222.05,0.3272,-1,-1,-1
317,25,524.29,471.76,63.20,219.25,0.6927,-1,-1,-1
317,6,230.08,372.02,61.65,188.26,0.5717,-1,-1,-1
317,8,434.25,449.91,68.68,219.95,0.7120,-1,-1,-1
317,28,346.87,890.03,94.71,189.95,0.7233,-1,-1,-1
317,32,997.55,79.52,58.23,173.78,0.5707,-1,-1,-1
317,34,374.97,812.90,105.27,151.18,0.5635,-1,-1,-1
317,38,1051.44,81.23,57.16,163.32,0.3003,-1,-1,-1
317,27,832.12,437.96,65.72,191.79,0.1848,-1,-1,-1
317,42,892.14,375.67,61.56,164.20,0.1661,-1,-1,-1
318,1,460.30,118.53,65.19,191.94,0.2956,-1,-1,-1
318,2,320.57,585.17,113.60,240.73,0.7561,-1,-1,-1
318,3,926.04,905.47,78.22,174.53,0.7456,-1,-1,-1
318,4,1721.87,458.37,72.32,211.34,0.5710,-1,-1,-1
318,5,1511.05,603.88,85.64,233.29,0.5667,-1,-1,-1
318,18,930.99,45.00,59.73,173.54,0.5129,-1,-1,-1
318,19,397.21,393.13,61.75,215.70,0.2580,-1,-1,-1
318,25,522.19,472.11,64.15,218.59,0.6656,-1,-1,-1
318,6,230.65,371.47,60.47,186.85,0.5601,-1,-1,-1
318,8,433.52,451.35,68.63,219.14,0.7241,-1,-1,-1
318,28,349.40,890.23,95.36,189.76,0.7071,-1,-1,-1
318,32,995.15,78.43,59.81,174.32,0.5958,-1,-1,-1
318,34,376.89,813.14,101.48,153.52,0.6272,-1,-1,-1
318,38,1050.33,81.66,58.07,161.88,0.2893,-1,-1,-1
318,27,833.30,436.71,66.85,192.90,0.2950,-1,-1,-1
318,42,893.09,377.38,65.75,222.76,0.2884,-1,-1,-1
319,1,461.63,117.53,64.03,192.10,0.2469,-1,-1,-1
319,2,321.17,584.35,113.89,241.50,0.7529,-1,-1,-1
319,3,927.10,905.59,77.15,174.40,0.7319,-1,-1,-1
319,4,1722.75,458.86,71.04,210.81,0.5789,-1,-1,-1
319,5,1515.12,602.60,82.51,236.31,0.5144,-1,-1,-1
319,18,930.32,43.74,59.81,173.26,0.4965,-1,-1,-1
319,25,518.09,470.44,68.22,218.30,0.6753,-1,-1,-1
319,6,231.33,370.70,59.67,188.33,0.5898,-1,-1,-1
319,8,432.92,454.51,68.93,218.78,0.7253,-1,-1,-1
319,28,351.21,891.42,96.14,188.61,0.7008,-1,-1,-1
319,32,993.90,77.36,60.12,174.70,0.5780,-1,-1,-1
319,34,378.62,813.31,98.33,155.50,0.6723,-1,-1,-1
319,38,1049.01,83.11,58.88,160.10,0.3012,-1,-1,-1
319,27,835.17,433.77,65.95,200.47,0.4219,-1,-1,-1
319,42,896.68,378.17,64.79,245.63,0.3372,-1,-1,-1
320,1,459.32,120.68,65.52,188.03,0.2311,-1,-1,-1
320,2,323.78,583.77,113.52,240.79,0.7204,-1,-1,-1
320,3,929.25,905.95,75.33,174.05,0.7356,-1,-1,-1
320,4,1722.68,458.62,71.28,210.58,0.6019,-1,-1,-1
320,5,1517.73,603.38,80.71,234.03,0.3640,-1,-1,-1
320,18,929.41,42.03,60.54,175.25,0.5036,-1,-1,-1
320,25,515.06,470.81,69.80,218.82,0.6947,-1,-1,-1
320,6,232.22,370.30,58.92,188.54,0.5843,-1,-1,-1
320,8,432.70,459.41,69.09,216.62,0.7187,-1,-1,-1
320,28,352.88,894.91,98.31,185.11,0.7051,-1,-1,-1
320,32,992.74,77.74,60.11,174.19,0.5754,-1,-1,-1
320,34,380.12,814.17,94.85,152.95,0.6427,-1,-1,-1
320,38,1048.12,84.22,58.02,158.89,0.2659,-1,-1,-1
320,27,835.01,433.68,67.99,200.84,0.5107,-1,-1,-1
320,42,898.31,412.63,60.82,223.26,0.2797,-1,-1,-1
321,1,456.57,119.79,67.44,189.41,0.2574,-1,-1,-1
321,2,326.28,582.72,109.35,241.33,0.6803,-1,-1,-1
321,3,929.71,906.86,74.74,172.93,0.7303,-1,-1,-1
321,4,1722.23,458.73,71.55,210.77,0.5723,-1,-1,-1
321,5,1523.90,604.91,80.17,234.01,0.2589,-1,-1,-1
321,18,929.00,39.76,63.33,178.49,0.4817,-1,-1,-1
321,25,512.96,471.06,70.21,220.17,0.6686,-1,-1,-1
321,6,233.42,369.93,57.47,188.23,0.5606,-1,-1,-1
321,8,430.14,459.35,70.62,224.04,0.6417,-1,-1,-1
321,28,355.17,898.03,100.98,181.95,0.7175,-1,-1,-1
321,32,991.51,77.37,61.78,174.90,0.5977,-1,-1,-1
321,34,383.48,816.25,89.61,150.31,0.6005,-1,-1,-1
321,38,1047.97,81.86,54.16,158.83,0.2749,-1,-1,-1
321,27,833.98,433.08,74.78,204.83,0.4893,-1,-1,-1
321,42,898.93,430.30,62.64,209.63,0.2290,-1,-1,-1
322,1,455.52,119.04,67.38,189.65,0.2518,-1,-1,-1
322,2,330.48,580.66,101.64,243.60,0.7095,-1,-1,-1
322,3,931.84,906.89,72.38,172.98,0.7237,-1,-1,-1
322,4,1721.66,459.19,71.96,209.68,0.5999,-1,-1,-1
322,5,1528.16,605.30,81.13,234.73,0.2297,-1,-1,-1
322,18,928.00,37.22,65.80,182.01,0.4804,-1,-1,-1
322,25,511.42,470.86,70.48,219.37,0.7140,-1,-1,-1
322,6,234.61,368.24,56.37,189.11,0.5620,-1,-1,-1
322,8,428.52,460.25,71.97,224.97,0.6778,-1,-1,-1
322,28,357.29,902.76,99.98,177.18,0.7082,-1,-1,-1
322,32,990.46,76.30,61.07,174.77,0.6150,-1,-1,-1
322,34,388.29,817.43,84.08,149.90,0.5596,-1,-1,-1
322,38,1047.32,79.84,51.40,157.98,0.3316,-1,-1,-1
322,27,832.92,432.87,80.60,208.11,0.5745,-1,-1,-1
323,1,454.47,117.62,67.93,192.34,0.2937,-1,-1,-1
323,2,338.56,579.57,92.13,244.15,0.6237,-1,-1,-1
323,3,934.68,906.57,68.56,173.17,0.6961,-1,-1,-1
323,4,1721.67,458.82,72.29,210.09,0.6019,-1,-1,-1
323,5,1532.91,606.16,71.76,233.76,0.2542,-1,-1,-1
323,18,927.58,35.67,66.63,179.97,0.4689,-1,-1,-1
323,25,511.02,471.00,70.83,219.71,0.7252,-1,-1,-1
323,6,234.15,364.90,57.34,191.50,0.5719,-1,-1,-1
323,8,428.10,462.30,72.17,225.50,0.6871,-1,-1,-1
323,28,359.72,905.98,97.55,173.71,0.7787,-1,-1,-1
323,32,989.85,75.29,61.41,173.47,0.6174,-1,-1,-1
323,34,391.69,820.25,80.03,149.51,0.5613,-1,-1,-1
323,38,1046.78,77.72,50.50,159.21,0.3355,-1,-1,-1
323,27,832.57,432.92,82.95,210.44,0.5686,-1,-1,-1
323,44,911.94,378.78,52.99,163.00,0.3912,-1,-1,-1
324,1,453.51,117.72,68.26,191.30,0.3097,-1,-1,-1
324,2,346.88,580.27,84.23,242.81,0.6271,-1,-1,-1
324,3,936.11,905.67,65.42,174.18,0.7032,-1,-1,-1
324,4,1721.64,458.95,72.05,209.77,0.6027,-1,-1,-1
324,5,1534.28,604.01,69.41,235.43,0.2368,-1,-1,-1
324,18,926.81,33.69,68.96,179.45,0.4033,-1,-1,-1
324,25,509.55,471.32,72.00,219.61,0.7513,-1,-1,-1
324,6,233.73,362.26,57.88,191.89,0.5171,-1,-1,-1
324,8,426.25,463.40,74.38,226.84,0.7029,-1,-1,-1
324,28,361.13,909.64,96.74,169.49,0.7840,-1,-1,-1
324,32,989.10,73.65,61.57,173.30,0.5738,-1,-1,-1
324,34,395.93,823.93,76.95,148.25,0.5875,-1,-1,-1
324,38,1046.72,76.05,48.73,158.93,0.2790,-1,-1,-1
324,27,832.44,434.86,85.91,209.61,0.4796,-1,-1,-1
324,44,913.09,379.31,55.24,168.98,0.2855,-1,-1,-1
325,1,453.65,118.34,68.33,189.01,0.3092,-1,-1,-1
325,2,354.87,580.21,77.00,241.32,0.6582,-1,-1,-1
325,3,936.99,907.22,64.68,172.36,0.7032,-1,-1,-1
325,4,1721.62,459.25,72.28,208.71,0.6108,-1,-1,-1
325,18,925.93,34.61,67.82,173.11,0.4013,-1,-1,-1
325,25,508.75,473.67,71.98,218.01,0.7633,-1,-1,-1
325,6,233.33,360.15,58.43,189.74,0.4478,-1,-1,-1
325,8,426.04,463.08,75.10,228.49,0.7081,-1,-1,-1
325,28,364.17,914.28,96.54,164.71,0.7716,-1,-1,-1
325,32,988.38,72.28,62.21,172.77,0.5539,-1,-1,-1
325,34,400.48,829.15,72.99,142.37,0.5963,-1,-1,-1
325,38,1046.21,74.51,48.63,160.27,0.2734,-1,-1,-1
325,27,833.40,434.49,85.85,210.21,0.5013,-1,-1,-1
325,44,915.88,382.84,59.36,183.21,0.3282,-1,-1,-1
326,1,454.12,117.97,67.86,188.07,0.2953,-1,-1,-1
326,2,367.22,578.86,72.36,242.05,0.6431,-1,-1,-1
326,3,938.63,907.99,61.41,171.95,0.6765,-1,-1,-1
326,4,1721.48,459.53,72.85,208.52,0.6200,-1,-1,-1
326,18,926.09,34.06,66.85,171.03,0.4110,-1,-1,-1
326,25,508.27,475.97,72.21,217.33,0.7602,-1,-1,-1
326,6,233.65,358.57,58.02,189.12,0.5024,-1,-1,-1
326,8,426.63,466.14,73.95,226.99,0.7035,-1,-1,-1
326,28,366.20,917.27,95.74,162.43,0.7177,-1,-1,-1
326,32,986.78,71.33,62.19,172.63,0.5740,-1,-1,-1
326,34,403.14,832.98,72.15,142.04,0.5904,-1,-1,-1
326,38,1045.77,75.70,47.80,156.95,0.2837,-1,-1,-1
326,27,834.98,434.32,87.29,210.32,0.5790,-1,-1,-1
326,44,920.42,384.67,59.85,192.81,0.2756,-1,-1,-1
326,5,1531.38,606.93,80.60,233.02,0.3944,-1,-1,-1
327,1,452.87,115.62,68.54,190.49,0.3648,-1,-1,-1
327,2,375.21,576.79,69.43,243.58,0.5869,-1,-1,-1
327,3,940.96,909.19,57.81,170.72,0.6689,-1,-1,-1
327,4,1721.61,459.71,72.53,207.67,0.6306,-1,-1,-1
327,18,926.71,32.53,66.23,172.39,0.4311,-1,-1,-1
327,25,508.95,477.66,72.09,218.85,0.7048,-1,-1,-1
327,6,233.67,357.01,58.68,189.05,0.5189,-1,-1,-1
327,8,426.17,467.10,73.77,226.51,0.7145,-1,-1,-1
327,28,367.86,918.32,97.98,161.58,0.7018,-1,-1,-1
327,32,986.50,70.29,62.16,171.48,0.5282,-1,-1,-1
327,34,405.79,836.78,72.15,141.53,0.5759,-1,-1,-1
327,38,1044.85,75.82,47.61,155.44,0.2840,-1,-1,-1
327,27,836.17,434.86,87.16,208.82,0.5363,-1,-1,-1
327,44,923.21,385.66,60.35,186.06,0.2569,-1,-1,-1
327,5,1532.31,610.11,82.85,230.86,0.4213,-1,-1,-1
328,1,451.64,113.52,68.56,193.39,0.4532,-1,-1,-1
328,2,383.58,575.07,67.41,246.01,0.5859,-1,-1,-1
328,3,941.10,909.81,56.73,169.67,0.6784,-1,-1,-1
328,4,1721.89,460.44,72.31,207.23,0.6374,-1,-1,-1
328,18,927.67,31.50,64.50,171.78,0.4210,-1,-1,-1
328,25,508.97,479.03,71.24,221.07,0.7042,-1,-1,-1
328,6,232.16,356.03,59.88,187.63,0.5472,-1,-1,-1
328,8,423.60,467.85,76.68,222.68,0.7039,-1,-1,-1
328,28,369.23,921.11,96.79,158.87,0.6851,-1,-1,-1
328,32,985.42,68.36,62.18,172.60,0.4955,-1,-1,-1
328,34,409.77,839.72,72.28,146.09,0.5482,-1,-1,-1
328,38,1043.39,75.71,47.60,155.21,0.2943,-1,-1,-1
328,27,838.57,435.26,88.25,209.46,0.4723,-1,-1,-1
328,44,928.47,387.78,57.08,184.42,0.3264,-1,-1,-1
328,5,1535.06,610.82,82.43,230.39,0.5006,-1,-1,-1
329,1,449.76,111.85,71.25,193.78,0.3801,-1,-1,-1
329,2,388.69,577.22,67.71,246.66,0.5797,-1,-1,-1
329,3,942.67,911.85,56.74,167.30,0.6978,-1,-1,-1
329,4,1722.14,459.24,72.07,208.56,0.6111,-1,-1,-1
329,18,928.57,30.77,64.15,171.62,0.3878,-1,-1,-1
329,25,508.78,482.31,70.26,221.18,0.7129,-1,-1,-1
329,6,232.08,355.51,59.88,186.40,0.5482,-1,-1,-1
329,8,420.23,469.29,79.90,219.45,0.6909,-1,-1,-1
329,28,370.59,923.42,97.11,156.59,0.6869,-1,-1,-1
329,32,985.89,68.28,60.15,170.81,0.4625,-1,-1,-1
329,34,412.99,843.17,74.91,147.44,0.5571,-1,-1,-1
329,38,1041.64,75.65,48.67,153.60,0.2546,-1,-1,-1
329,27,839.39,435.69,86.30,207.68,0.4003,-1,-1,-1
329,44,935.08,387.73,61.08,191.47,0.4198,-1,-1,-1
329,5,1536.28,610.53,86.01,231.02,0.3981,-1,-1,-1
330,1,448.62,110.87,73.73,192.91,0.3655,-1,-1,-1
330,2,391.46,591.83,69.86,234.03,0.3995,-1,-1,-1
330,3,942.35,913.86,58.83,164.95,0.6933,-1,-1,-1
330,4,1722.15,459.82,72.20,207.95,0.6315,-1,-1,-1
330,18,928.56,30.21,64.26,171.87,0.4275,-1,-1,-1
330,25,508.87,485.23,69.30,220.21,0.7320,-1,-1,-1
330,6,232.17,354.80,58.80,185.16,0.5660,-1,-1,-1
330,8,414.22,470.05,86.38,222.75,0.6676,-1,-1,-1
330,28,372.60,924.77,95.51,154.36,0.6374,-1,-1,-1
330,32,984.73,67.56,60.01,172.20,0.4712,-1,-1,-1
330,34,416.61,845.40,76.24,203.69,0.5932,-1,-1,-1
330,38,1039.58,75.55,50.28,156.59,0.3093,-1,-1,-1
330,27,841.75,436.26,83.08,206.87,0.3674,-1,-1,-1
330,44,939.45,388.66,60.52,194.18,0.4183,-1,-1,-1
330,5,1537.37,610.69,86.10,230.61,0.4146,-1,-1,-1
331,1,447.92,110.02,74.04,189.01,0.3807,-1,-1,-1
331,3,941.48,913.61,60.72,165.28,0.7369,-1,-1,-1
331,4,1722.20,458.12,72.72,209.97,0.6495,-1,-1,-1
331,18,927.89,30.33,63.54,172.71,0.4037,-1,-1,-1
331,25,508.56,487.73,68.07,219.87,0.7408,-1,-1,-1
331,6,231.52,353.98,58.79,187.68,0.5210,-1,-1,-1
331,8,401.59,471.64,97.91,308.87,0.5988,-1,-1,-1
331,28,374.20,924.79,94.37,149.91,0.6460,-1,-1,-1
331,32,983.32,67.10,60.98,173.97,0.5001,-1,-1,-1
331,34,420.27,847.68,77.32,222.40,0.6612,-1,-1,-1
331,38,1037.65,74.02,52.90,159.86,0.3595,-1,-1,-1
331,27,844.66,438.55,81.50,206.24,0.4881,-1,-1,-1
331,44,942.63,389.17,58.35,195.46,0.3407,-1,-1,-1
331,5,1538.48,612.74,82.30,229.54,0.5352,-1,-1,-1
331,19,404.37,374.16,78.60,125.05,0.4199,-1,-1,-1
332,1,447.64,109.13,73.90,186.51,0.3408,-1,-1,-1
332,3,942.03,914.69,61.00,163.45,0.7210,-1,-1,-1
332,4,1722.60,458.67,72.80,210.22,0.6395,-1,-1,-1
332,18,927.24,30.03,63.87,172.93,0.4115,-1,-1,-1
332,25,508.02,489.83,68.71,220.33,0.7418,-1,-1,-1
332,6,230.33,352.60,60.20,189.40,0.5018,-1,-1,-1
332,8,395.70,473.12,103.19,339.22,0.6044,-1,-1,-1
332,28,376.40,925.39,92.09,145.91,0.6350,-1,-1,-1
332,32,982.58,67.28,61.32,175.08,0.5243,-1,-1,-1
332,34,423.73,849.48,78.52,229.05,0.6643,-1,-1,-1
332,38,1038.16,73.66,52.30,161.80,0.4012,-1,-1,-1
332,27,843.32,437.76,84.89,210.21,0.3811,-1,-1,-1
332,44,945.09,390.96,58.49,194.22,0.4154,-1,-1,-1
332,5,1539.23,612.58,86.59,230.38,0.4485,-1,-1,-1
332,19,405.71,371.78,77.64,122.13,0.3852,-1,-1,-1
333,1,446.79,107.90,76.42,187.15,0.3282,-1,-1,-1
333,3,943.29,915.16,60.35,162.73,0.7332,-1,-1,-1
333,4,1723.28,458.95,72.17,209.95,0.6222,-1,-1,-1
333,18,927.92,30.18,62.41,171.90,0.4199,-1,-1,-1
333,25,507.28,491.46,69.20,221.17,0.7448,-1,-1,-1
333,6,229.92,352.09,59.74,190.55,0.5167,-1,-1,-1
333,8,393.14,474.80,106.65,352.01,0.6423,-1,-1,-1
333,28,378.50,925.52,94.28,146.39,0.6697,-1,-1,-1
333,32,983.80,66.49,58.32,176.92,0.5050,-1,-1,-1
333,34,423.89,850.81,85.17,185.35,0.5855,-1,-1,-1
333,38,1037.68,73.10,52.03,162.91,0.4111,-1,-1,-1
333,27,844.12,438.45,86.33,214.01,0.4332,-1,-1,-1
333,44,949.16,391.23,57.21,193.11,0.4171,-1,-1,-1
333,5,1539.93,612.79,88.70,232.73,0.4466,-1,-1,-1
333,19,409.01,367.34,75.46,124.48,0.3254,-1,-1,-1
334,1,446.53,108.51,74.38,185.91,0.3168,-1,-1,-1
334,3,944.24,916.31,60.38,161.19,0.7180,-1,-1,-1
334,4,1722.49,459.68,72.41,209.55,0.6197,-1,-1,-1
334,18,928.20,29.50,61.86,172.64,0.3805,-1,-1,-1
334,25,507.06,492.25,68.80,222.48,0.7312,-1,-1,-1
334,6,229.80,351.80,59.41,188.54,0.4715,-1,-1,-1
334,8,392.93,475.41,110.31,357.65,0.6301,-1,-1,-1
334,28,380.38,927.88,95.54,143.93,0.6547,-1,-1,-1
334,32,983.59,66.64,57.23,176.55,0.4840,-1,-1,-1
334,34,424.07,851.95,90.16,165.02,0.5495,-1,-1,-1
334,38,1037.11,72.45,52.10,163.75,0.3881,-1,-1,-1
334,27,845.30,438.71,86.05,217.09,0.4892,-1,-1,-1
334,44,953.06,392.24,56.32,193.72,0.4490,-1,-1,-1
334,5,1540.31,615.40,86.50,231.60,0.5666,-1,-1,-1
334,19,411.12,363.67,74.46,128.57,0.2336,-1,-1,-1
335,1,443.91,105.95,76.75,188.45,0.2737,-1,-1,-1
335,3,944.99,917.94,60.73,159.95,0.7188,-1,-1,-1
335,4,1722.61,459.81,72.02,208.80,0.6220,-1,-1,-1
335,18,928.69,27.89,61.69,172.24,0.3671,-1,-1,-1
335,25,506.00,493.02,68.85,222.72,0.7262,-1,-1,-1
335,6,228.30,350.37,61.41,190.81,0.4945,-1,-1,-1
335,8,390.24,477.27,117.00,358.46,0.6712,-1,-1,-1
335,28,382.86,930.84,96.95,141.51,0.6631,-1,-1,-1
335,32,982.80,66.52,57.47,175.60,0.4756,-1,-1,-1
335,34,425.83,851.40,95.48,162.56,0.5658,-1,-1,-1
335,38,1037.02,72.25,51.78,163.73,0.3748,-1,-1,-1
335,27,847.27,439.70,82.80,217.93,0.4986,-1,-1,-1
335,44,956.85,393.62,55.86,191.07,0.4978,-1,-1,-1
335,5,1540.77,614.55,85.98,238.18,0.5471,-1,-1,-1
335,19,413.32,360.75,74.26,132.00,0.2997,-1,-1,-1
336,1,443.17,104.84,77.62,189.15,0.2375,-1,-1,-1
336,3,945.43,918.90,61.46,159.53,0.7165,-1,-1,-1
336,4,1721.90,459.49,72.76,208.87,0.6377,-1,-1,-1
336,18,927.70,27.30,63.00,174.65,0.3710,-1,-1,-1
336,25,504.94,493.35,69.37,222.14,0.7201,-1,-1,-1
336,6,227.38,349.03,62.41,193.18,0.5092,-1,-1,-1
336,8,394.44,480.90,118.40,353.94,0.7020,-1,-1,-1
336,28,385.83,935.64,95.33,135.27,0.6730,-1,-1,-1
336,32,982.15,66.13,56.98,176.04,0.4611,-1,-1,-1
336,34,426.19,852.69,101.92,164.41,0.5338,-1,-1,-1
336,38,1036.64,71.68,52.15,164.13,0.3422,-1,-1,-1
336,27,845.65,440.53,82.20,218.81,0.4426,-1,-1,-1
336,44,959.35,393.12,56.66,191.31,0.4313,-1,-1,-1
336,5,1541.52,615.40,84.52,241.06,0.5850,-1,-1,-1
336,19,414.46,358.77,75.46,136.29,0.3203,-1,-1,-1
337,1,442.08,103.81,78.48,189.53,0.1984,-1,-1,-1
337,3,947.79,919.61,60.23,158.83,0.6831,-1,-1,-1
337,4,1722.20,459.34,72.54,208.12,0.6125,-1,-1,-1
337,18,928.50,25.18,63.92,175.04,0.3797,-1,-1,-1
337,25,504.40,493.62,69.42,221.79,0.7002,-1,-1,-1
337,6,226.07,348.13,63.10,190.37,0.4995,-1,-1,-1
337,8,397.38,484.99,123.61,348.79,0.7104,-1,-1,-1
337,28,387.42,940.96,96.63,132.25,0.6905,-1,-1,-1
337,32,981.27,64.98,57.06,176.72,0.4472,-1,-1,-1
337,34,427.91,856.07,107.81,165.81,0.4651,-1,-1,-1
337,38,1036.17,71.24,52.58,165.40,0.4169,-1,-1,-1
337,27,846.63,442.52,77.36,220.81,0.4077,-1,-1,-1
337,44,962.83,392.29,57.54,191.50,0.5608,-1,-1,-1
337,5,1541.94,616.11,82.66,239.83,0.6444,-1,-1,-1
337,19,416.18,357.92,76.23,137.98,0.3255,-1,-1,-1
337,45,909.37,456.41,56.93,198.31,0.3670,-1,-1,-1
338,1,440.92,103.15,79.41,190.16,0.2353,-1,-1,-1
338,3,948.58,921.26,60.96,157.02,0.7041,-1,-1,-1
338,4,1722.05,459.00,72.87,208.23,0.5862,-1,-1,-1
338,18,929.14,23.03,62.69,174.56,0.3624,-1,-1,-1
338,25,503.81,493.59,69.64,221.15,0.6971,-1,-1,-1
338,6,225.40,347.02,63.38,188.52,0.5266,-1,-1,-1
338,8,399.69,487.02,125.43,345.60,0.7124,-1,-1,-1
338,28,389.39,944.52,96.91,130.03,0.7150,-1,-1,-1
338,32,980.74,64.20,57.01,176.89,0.4421,-1,-1,-1
338,34,432.19,860.11,110.25,161.51,0.6328,-1,-1,-1
338,38,1035.70,70.83,53.04,165.86,0.3909,-1,-1,-1
338,27,848.32,444.46,76.35,220.66,0.4247,-1,-1,-1
338,44,965.75,392.46,58.42,193.43,0.5275,-1,-1,-1
338,5,1542.92,616.14,80.89,241.38,0.6080,-1,-1,-1
338,19,416.33,357.68,77.55,140.81,0.3291,-1,-1,-1
338,45,910.69,457.82,53.07,198.63,0.3365,-1,-1,-1
339,1,440.10,101.44,79.68,192.01,0.2404,-1,-1,-1
339,3,949.97,922.25,62.11,155.21,0.7037,-1,-1,-1
339,4,1721.70,459.58,73.54,207.52,0.6069,-1,-1,-1
339,18,929.24,22.22,61.95,169.59,0.3569,-1,-1,-1
339,25,503.30,494.20,68.71,221.12,0.6891,-1,-1,-1
339,6,224.11,346.01,63.94,185.22,0.5265,-1,-1,-1
339,8,401.26,487.69,124.38,343.20,0.7391,-1,-1,-1
339,28,391.89,948.39,97.28,127.36,0.7279,-1,-1,-1
339,32,979.74,62.00,57.82,178.31,0.4544,-1,-1,-1
339,34,437.33,865.46,109.77,159.09,0.6151,-1,-1,-1
339,38,1036.15,70.34,52.01,166.32,0.4355,-1,-1,-1
339,27,847.08,446.64,76.39,218.38,0.4256,-1,-1,-1
339,44,968.53,394.28,59.56,194.53,0.5963,-1,-1,-1
339,5,1543.54,616.52,80.70,242.77,0.6253,-1,-1,-1
339,19,416.92,357.45,79.61,142.62,0.3311,-1,-1,-1
339,45,911.86,459.40,50.79,198.55,0.3260,-1,-1,-1
340,1,440.86,99.52,78.65,193.83,0.2598,-1,-1,-1
340,3,950.94,923.08,62.64,154.16,0.6989,-1,-1,-1
340,4,1721.66,458.42,73.34,209.21,0.6069,-1,-1,-1
340,18,929.11,20.86,62.45,168.22,0.3433,-1,-1,-1
340,25,501.19,496.43,70.42,218.16,0.6595,-1,-1,-1
340,6,222.66,344.28,64.16,183.32,0.5185,-1,-1,-1
340,8,402.56,488.51,124.61,341.80,0.6977,-1,-1,-1
340,28,394.98,950.95,96.73,126.87,0.7110,-1,-1,-1
340,32,979.10,60.95,57.48,179.13,0.4919,-1,-1,-1
340,34,439.97,870.96,112.77,153.47,0.6901,-1,-1,-1
340,38,1035.28,69.74,52.77,167.54,0.4181,-1,-1,-1
340,27,847.01,449.03,75.41,220.95,0.4336,-1,-1,-1
340,44,970.74,396.49,60.86,195.13,0.5861,-1,-1,-1
340,5,1544.90,616.06,80.13,244.11,0.6002,-1,-1,-1
340,19,417.77,356.33,81.69,147.30,0.3237,-1,-1,-1
340,45,911.67,459.43,51.26,199.49,0.3370,-1,-1,-1
341,1,440.74,98.82,78.96,193.29,0.3029,-1,-1,-1
341,3,951.35,924.09,63.13,153.12,0.7038,-1,-1,-1
341,4,1721.62,458.66,73.24,209.07,0.6055,-1,-1,-1
341,18,928.45,19.69,62.75,166.33,0.3548,-1,-1,-1
341,25,499.21,498.47,70.53,216.03,0.6819,-1,-1,-1
341,6,221.91,342.62,64.67,183.03,0.5232,-1,-1,-1
341,8,405.11,489.13,121.60,340.85,0.3958,-1,-1,-1
341,28,398.56,954.82,96.48,123.90,0.6939,-1,-1,-1
341,32,978.90,59.28,56.06,180.02,0.4666,-1,-1,-1
341,34,441.60,875.40,115.08,148.73,0.6956,-1,-1,-1
341,38,1035.58,69.02,52.05,169.78,0.4608,-1,-1,-1
341,27,846.37,450.85,75.62,221.58,0.4574,-1,-1,-1
341,44,974.36,398.02,61.17,195.66,0.5525,-1,-1,-1
341,5,1545.17,616.34,81.25,243.82,0.6541,-1,-1,-1
341,19,418.28,356.17,84.33,151.21,0.3039,-1,-1,-1
341,45,911.34,460.17,51.64,200.95,0.3397,-1,-1,-1
342,1,440.23,99.53,79.69,192.50,0.3130,-1,-1,-1
342,3,951.49,924.38,64.91,152.77,0.6960,-1,-1,-1
342,4,1722.58,457.61,73.02,210.82,0.6238,-1,-1,-1
342,18,927.71,18.55,62.77,164.57,0.3291,-1,-1,-1
342,25,497.66,500.57,71.37,213.67,0.6917,-1,-1,-1
342,6,220.13,341.06,65.91,184.61,0.5138,-1,-1,-1
342,8,402.07,488.33,97.89,277.76,0.5927,-1,-1,-1
342,28,401.91,959.97,97.12,119.23,0.7165,-1,-1,-1
342,32,978.31,58.01,55.98,180.64,0.3981,-1,-1,-1
342,34,442.55,878.75,117.47,145.82,0.6867,-1,-1,-1
342,38,1035.63,68.35,51.95,169.79,0.4110,-1,-1,-1
342,27,845.49,452.22,70.56,220.98,0.3876,-1,-1,-1
342,44,976.21,400.07,62.48,196.17,0.6030,-1,-1,-1
342,5,1545.42,617.65,81.97,241.26,0.6389,-1,-1,-1
342,19,418.79,355.15,86.15,177.18,0.3204,-1,-1,-1
342,45,909.96,461.26,53.83,201.01,0.3544,-1,-1,-1
343,1,440.19,101.10,78.46,190.86,0.3001,-1,-1,-1
343,3,951.72,924.98,65.60,151.68,0.7070,-1,-1,-1
343,4,1722.41,457.82,72.49,209.65,0.5943,-1,-1,-1
343,18,925.87,16.85,64.63,162.80,0.3083,-1,-1,-1
343,25,495.38,502.07,73.04,213.33,0.6723,-1,-1,-1
343,6,218.71,339.80,67.87,185.01,0.5042,-1,-1,-1
343,8,400.25,486.88,85.53,252.35,0.5738,-1,-1,-1
343,28,404.29,962.97,98.06,116.39,0.7208,-1,-1,-1
343,32,977.00,57.71,55.94,177.96,0.3676,-1,-1,-1
343,34,442.00,881.76,120.26,144.15,0.6736,-1,-1,-1
343,38,1035.11,67.47,51.94,171.16,0.3732,-1,-1,-1
343,27,844.64,453.36,66.67,220.33,0.3289,-1,-1,-1
343,44,979.68,401.55,62.24,194.34,0.6358,-1,-1,-1
343,5,1545.52,617.81,83.37,240.94,0.5991,-1,-1,-1
343,19,418.85,354.18,88.08,191.32,0.3025,-1,-1,-1
343,45,909.22,462.31,55.31,200.35,0.3303,-1,-1,-1
344,1,438.75,101.75,79.98,189.24,0.3213,-1,-1,-1
344,3,951.85,925.19,67.07,151.00,0.6952,-1,-1,-1
344,4,1721.68,458.83,72.98,207.86,0.6047,-1,-1,-1
344,18,923.56,15.40,67.66,166.05,0.3476,-1,-1,-1
344,25,495.59,503.42,71.49,211.57,0.6449,-1,-1,-1
344,6,219.28,339.13,66.59,185.74,0.5436,-1,-1,-1
344,8,399.37,486.94,79.06,243.14,0.6259,-1,-1,-1
344,28,407.58,964.97,96.62,113.61,0.7272,-1,-1,-1
344,32,977.18,56.25,55.76,176.89,0.3815,-1,-1,-1
344,34,445.44,883.78,118.98,144.67,0.6799,-1,-1,-1
344,38,1035.17,66.39,51.77,171.75,0.3337,-1,-1,-1
344,27,843.52,454.77,67.55,208.60,0.3306,-1,-1,-1
344,44,982.52,405.10,63.32,192.59,0.5797,-1,-1,-1
344,5,1546.21,617.79,84.64,239.07,0.5899,-1,-1,-1
344,19,419.71,353.29,87.70,201.25,0.3321,-1,-1,-1
344,45,908.54,462.68,56.97,196.21,0.3873,-1,-1,-1
345,1,438.67,101.95,80.32,187.71,0.2924,-1,-1,-1
345,3,952.30,925.71,67.98,149.99,0.6993,-1,-1,-1
345,4,1721.08,458.61,73.45,207.14,0.6117,-1,-1,-1
345,18,923.30,15.52,68.28,165.71,0.3687,-1,-1,-1
345,25,496.64,505.41,68.57,210.80,0.5651,-1,-1,-1
345,6,219.20,338.44,65.53,185.54,0.5140,-1,-1,-1
345,8,398.90,487.62,77.57,237.06,0.6667,-1,-1,-1
345,28,410.46,965.29,97.46,112.65,0.7052,-1,-1,-1
345,32,977.03,54.17,55.31,173.64,0.4170,-1,-1,-1
345,34,448.42,885.26,118.06,148.92,0.6598,-1,-1,-1
345,38,1035.14,66.14,51.97,169.46,0.3405,-1,-1,-1
345,27,842.52,454.72,67.18,214.43,0.3401,-1,-1,-1
345,44,984.62,406.95,64.18,193.63,0.5287,-1,-1,-1
345,5,1546.88,618.59,84.99,239.84,0.5660,-1,-1,-1
345,19,421.67,352.04,85.10,197.05,0.3747,-1,-1,-1
345,45,908.57,463.11,58.55,194.63,0.3918,-1,-1,-1
346,1,439.27,99.35,78.48,190.75,0.2842,-1,-1,-1
346,3,952.55,926.37,69.10,149.38,0.7130,-1,-1,-1
346,4,1721.65,457.97,73.30,207.71,0.6133,-1,-1,-1
346,18,922.77,14.47,69.07,169.68,0.3310,-1,-1,-1
346,25,488.42,507.57,74.74,207.41,0.5514,-1,-1,-1
346,6,218.80,337.49,66.79,186.69,0.5116,-1,-1,-1
346,8,396.95,487.43,78.75,233.40,0.7008,-1,-1,-1
346,28,412.10,965.72,103.56,112.95,0.7048,-1,-1,-1
346,32,975.71,54.20,56.58,174.51,0.3620,-1,-1,-1
346,34,452.62,886.10,114.38,152.27,0.6693,-1,-1,-1
346,38,1034.58,66.68,52.14,165.23,0.2639,-1,-1,-1
346,27,841.38,454.20,67.07,204.54,0.3789,-1,-1,-1
346,44,985.92,408.03,65.56,194.90,0.4623,-1,-1,-1
346,5,1552.64,620.12,80.01,237.20,0.5691,-1,-1,-1
346,19,424.79,349.82,80.15,202.50,0.3211,-1,-1,-1
346,45,905.30,463.79,63.32,196.85,0.4630,-1,-1,-1
346,2,459.41,586.15,73.58,229.58,0.3697,-1,-1,-1
347,1,439.07,96.45,78.75,193.64,0.2772,-1,-1,-1
347,3,952.23,927.26,71.07,148.44,0.7031,-1,-1,-1
347,4,1722.67,458.12,72.55,208.71,0.6247,-1,-1,-1
347,18,922.46,14.40,68.88,170.76,0.2924,-1,-1,-1
347,25,483.99,510.43,77.54,202.49,0.5342,-1,-1,-1
347,6,218.22,336.69,67.22,187.20,0.4517,-1,-1,-1
347,8,396.07,488.71,79.79,231.02,0.7110,-1,-1,-1
347,28,413.96,966.23,103.29,112.84,0.6975,-1,-1,-1
347,32,975.11,53.92,57.18,174.33,0.3638,-1,-1,-1
347,34,455.44,887.70,110.75,154.01,0.6729,-1,-1,-1
347,38,1033.41,65.43,53.63,167.52,0.2713,-1,-1,-1
347,27,841.55,455.07,66.97,202.04,0.3360,-1,-1,-1
347,44,989.17,409.49,65.00,193.85,0.5305,-1,-1,-1
347,5,1551.52,621.20,82.86,235.73,0.5572,-1,-1,-1
347,19,427.31,348.35,75.62,207.58,0.3355,-1,-1,-1
347,45,906.47,465.26,64.66,196.62,0.4581,-1,-1,-1
347,2,467.10,583.88,72.43,232.35,0.3937,-1,-1,-1
348,1,439.15,95.58,78.10,193.92,0.2768,-1,-1,-1
348,3,952.01,927.55,71.75,148.57,0.7289,-1,-1,-1
348,4,1722.43,457.92,73.10,208.90,0.6153,-1,-1,-1
348,18,922.55,14.37,66.73,166.94,0.2692,-1,-1,-1
348,25,484.64,512.49,75.52,195.49,0.4439,-1,-1,-1
348,6,217.55,336.12,67.30,186.29,0.4055,-1,-1,-1
348,8,394.36,489.62,80.62,230.66,0.7211,-1,-1,-1
348,28,415.92,967.44,102.50,111.55,0.7086,-1,-1,-1
348,32,974.95,52.30,55.65,172.60,0.3428,-1,-1,-1
348,34,455.92,890.25,106.95,160.06,0.6440,-1,-1,-1
348,38,1032.52,65.81,53.53,164.24,0.2415,-1,-1,-1
348,27,842.38,455.10,65.93,198.93,0.2766,-1,-1,-1
348,44,993.82,410.42,62.89,193.26,0.5836,-1,-1,-1
348,5,1552.97,621.83,83.35,233.62,0.5380,-1,-1,-1
348,19,430.17,347.21,72.26,196.82,0.3942,-1,-1,-1
348,45,906.86,466.17,65.21,197.12,0.5207,-1,-1,-1
348,2,470.84,574.69,77.23,243.99,0.5979,-1,-1,-1
349,1,439.42,92.79,75.59,194.45,0.2631,-1,-1,-1
349,3,951.85,927.89,74.07,147.77,0.7385,-1,-1,-1
349,4,1722.62,457.83,72.72,208.54,0.6026,-1,-1,-1
349,18,922.06,14.08,68.11,164.63,0.2747,-1,-1,-1
349,25,487.18,515.88,70.85,141.50,0.2226,-1,-1,-1
349,6,217.39,334.17,67.25,187.87,0.4351,-1,-1,-1
349,8,393.53,489.61,79.46,231.15,0.7185,-1,-1,-1
349,28,417.67,969.38,101.88,109.92,0.7049,-1,-1,-1
349,32,974.27,51.62,55.16,173.34,0.4554,-1,-1,-1
349,34,458.18,892.38,101.80,163.39,0.6408,-1,-1,-1
349,38,1031.74,65.50,54.14,161.16,0.2472,-1,-1,-1
349,27,843.32,455.97,65.87,204.76,0.2433,-1,-1,-1
349,44,996.38,411.44,63.30,193.31,0.6044,-1,-1,-1
349,5,1552.83,622.19,85.61,236.29,0.5481,-1,-1,-1
349,19,430.09,345.18,72.57,201.78,0.4492,-1,-1,-1
349,45,907.78,468.96,61.84,197.06,0.4722,-1,-1,-1
349,2,474.88,576.76,76.38,242.44,0.6646,-1,-1,-1
350,1,438.57,92.75,76.53,191.70,0.2075,-1,-1,-1
350,3,951.42,928.63,76.06,146.87,0.7283,-1,-1,-1
350,4,1722.17,457.72,73.30,207.73,0.6070,-1,-1,-1
350,18,922.08,13.60,66.64,166.00,0.2582,-1,-1,-1
350,6,215.97,333.14,67.50,187.17,0.3941,-1,-1,-1
350,8,391.87,491.07,79.23,230.86,0.6654,-1,-1,-1
350,28,418.82,972.05,103.17,107.69,0.6934,-1,-1,-1
350,32,974.05,50.07,54.63,175.75,0.3872,-1,-1,-1
350,34,462.13,894.62,94.15,160.57,0.6168,-1,-1,-1
350,38,1031.04,65.45,54.98,158.89,0.2410,-1,-1,-1
350,27,844.61,456.54,65.31,205.30,0.2407,-1,-1,-1
350,44,1000.10,411.20,63.58,194.16,0.6154,-1,-1,-1
350,5,1553.98,623.17,87.05,239.21,0.5350,-1,-1,-1
350,19,430.35,342.72,72.25,204.84,0.4445,-1,-1,-1
350,45,907.77,468.71,64.40,200.85,0.4104,-1,-1,-1
350,2,478.90,577.77,77.24,241.61,0.5705,-1,-1,-1
351,1,438.27,92.30,77.03,190.72,0.2905,-1,-1,-1
351,3,951.11,929.64,78.42,146.62,0.7362,-1,-1,-1
351,4,1722.37,457.92,72.88,208.50,0.5800,-1,-1,-1
351,18,921.94,13.63,66.74,166.45,0.2500,-1,-1,-1
351,6,213.96,330.34,67.71,187.18,0.3092,-1,-1,-1
351,8,391.97,493.30,77.15,231.63,0.6816,-1,-1,-1
351,28,420.12,975.45,103.40,104.25,0.6975,-1,-1,-1
351,32,973.56,49.30,54.46,177.00,0.4682,-1,-1,-1
351,34,465.94,897.83,87.90,156.59,0.5868,-1,-1,-1
351,38,1030.22,65.16,55.72,158.70,0.2844,-1,-1,-1
351,27,844.98,457.05,63.92,203.20,0.2452,-1,-1,-1
351,44,1002.27,409.63,63.71,195.06,0.5936,-1,-1,-1
351,5,1552.19,623.86,92.24,237.52,0.5587,-1,-1,-1
351,19,430.27,339.59,72.62,206.31,0.4666,-1,-1,-1
351,45,908.22,469.45,65.90,203.38,0.3725,-1,-1,-1
351,2,481.28,540.99,86.21,277.00,0.6589,-1,-1,-1
352,1,438.08,91.45,76.68,190.94,0.2741,-1,-1,-1
352,3,950.80,929.98,79.93,147.05,0.7255,-1,-1,-1
352,4,1722.74,457.31,72.93,209.22,0.5956,-1,-1,-1
352,18,922.77,11.95,65.58,168.17,0.2679,-1,-1,-1
352,6,211.88,328.03,68.03,188.42,0.3163,-1,-1,-1
352,8,391.52,494.97,76.33,232.76,0.7085,-1,-1,-1
352,28,421.84,979.35,106.48,100.47,0.6904,-1,-1,-1
352,32,972.30,47.90,54.80,178.36,0.4319,-1,-1,-1
352,34,468.60,900.07,84.21,152.47,0.5720,-1,-1,-1
352,38,1029.64,64.89,56.29,158.22,0.2966,-1,-1,-1
352,27,845.27,457.89,67.91,211.24,0.2766,-1,-1,-1
352,44,1006.81,410.21,62.51,194.42,0.5951,-1,-1,-1
352,5,1551.28,625.56,93.93,238.56,0.5540,-1,-1,-1
352,19,429.93,337.58,71.39,211.26,0.3821,-1,-1,-1
352,45,909.30,471.85,65.75,203.16,0.4370,-1,-1,-1
352,2,482.81,553.06,97.43,263.72,0.6566,-1,-1,-1
353,1,439.33,90.25,73.36,192.00,0.2799,-1,-1,-1
353,3,950.84,930.41,81.41,147.25,0.7475,-1,-1,-1
353,4,1722.22,457.93,73.18,209.64,0.6057,-1,-1,-1
353,18,922.47,10.26,65.24,167.91,0.2697,-1,-1,-1
353,6,211.88,325.61,66.89,188.26,0.3040,-1,-1,-1
353,8,391.04,496.75,75.66,234.03,0.7021,-1,-1,-1
353,28,422.76,983.27,107.95,96.77,0.6864,-1,-1,-1
353,32,969.67,47.23,56.95,179.29,0.3711,-1,-1,-1
353,34,468.23,902.42,85.15,151.62,0.4819,-1,-1,-1
353,38,1029.28,64.95,56.82,158.06,0.2573,-1,-1,-1
353,27,845.87,458.98,69.31,217.30,0.3694,-1,-1,-1
353,44,1009.11,411.05,64.13,194.45,0.6474,-1,-1,-1
353,5,1560.41,625.12,86.65,239.92,0.5149,-1,-1,-1
353,19,430.50,334.89,73.04,205.13,0.4524,-1,-1,-1
353,45,909.77,473.63,65.70,202.44,0.4823,-1,-1,-1
353,2,483.13,566.88,107.26,249.14,0.7219,-1,-1,-1
354,1,440.30,89.40,72.16,192.78,0.2752,-1,-1,-1
354,3,951.19,930.85,81.73,147.01,0.7472,-1,-1,-1
354,4,1722.27,458.05,72.74,209.87,0.5894,-1,-1,-1
354,18,922.39,8.65,64.18,167.12,0.2631,-1,-1,-1
354,6,213.30,324.23,64.46,186.90,0.3003,-1,-1,-1
354,8,389.49,498.42,77.65,234.31,0.6843,-1,-1,-1
354,28,425.34,988.93,106.16,91.16,0.6513,-1,-1,-1
354,32,966.58,46.94,59.72,179.03,0.3174,-1,-1,-1
354,34,470.98,907.19,81.85,149.48,0.5197,-1,-1,-1
354,38,1029.11,64.93,56.83,160.26,0.2763,-1,-1,-1
354,27,845.52,460.63,69.06,220.76,0.3659,-1,-1,-1
354,44,1011.90,413.28,65.81,194.10,0.5958,-1,-1,-1
354,5,1565.01,626.01,84.75,244.28,0.5241,-1,-1,-1
354,19,429.20,334.38,75.51,204.10,0.4273,-1,-1,-1
354,45,909.18,476.73,67.80,201.28,0.4620,-1,-1,-1
354,2,482.96,573.57,112.70,242.14,0.7361,-1,-1,-1
355,1,442.23,88.31,70.47,193.48,0.2304,-1,-1,-1
355,3,951.04,930.09,82.86,147.63,0.7464,-1,-1,-1
355,4,1722.83,458.21,71.58,208.98,0.6057,-1,-1,-1
355,18,923.21,7.17,62.74,165.92,0.2461,-1,-1,-1
355,6,212.15,322.85,64.02,186.17,0.2826,-1,-1,-1
355,8,388.23,500.57,79.42,235.30,0.6944,-1,-1,-1
355,28,430.46,993.86,101.20,85.32,0.6170,-1,-1,-1
355,32,965.92,56.88,61.00,168.74,0.2860,-1,-1,-1
355,34,472.55,910.21,81.92,157.61,0.5779,-1,-1,-1
355,38,1028.99,64.36,57.09,160.66,0.2625,-1,-1,-1
355,27,845.25,462.91,69.07,221.92,0.3724,-1,-1,-1
355,44,1014.61,416.28,66.40,192.05,0.5705,-1,-1,-1
355,5,1567.98,627.92,84.37,245.57,0.5546,-1,-1,-1
355,19,427.32,333.21,77.99,208.34,0.4527,-1,-1,-1
355,45,909.06,480.03,67.58,199.10,0.4022,-1,-1,-1
355,2,482.60,577.62,115.31,238.50,0.7571,-1,-1,-1
356,1,442.95,87.55,69.93,193.81,0.2996,-1,-1,-1
356,3,951.62,929.34,82.13,147.58,0.7432,-1,-1,-1
356,4,1722.71,458.27,71.53,208.74,0.6058,-1,-1,-1
356,18,924.44,5.40,61.21,166.33,0.2833,-1,-1,-1
356,6,215.67,321.60,60.03,183.61,0.2857,-1,-1,-1
356,8,386.68,503.13,79.48,235.53,0.6989,-1,-1,-1
356,28,434.75,998.06,97.18,81.04,0.6165,-1,-1,-1
356,32,963.10,53.45,62.35,171.29,0.3363,-1,-1,-1
356,34,473.75,914.81,83.08,157.65,0.5490,-1,-1,-1
356,38,1028.45,63.55,57.17,160.93,0.2997,-1,-1,-1
356,27,846.07,464.43,68.76,220.44,0.4241,-1,-1,-1
356,44,1016.24,418.42,68.19,190.97,0.5037,-1,-1,-1
356,5,1569.23,627.87,85.20,246.44,0.5845,-1,-1,-1
356,19,426.05,332.25,80.08,210.63,0.4717,-1,-1,-1
356,45,909.89,481.98,66.43,202.18,0.4206,-1,-1,-1
356,2,482.79,576.26,116.97,239.82,0.7304,-1,-1,-1
357,1,443.84,87.31,68.96,192.86,0.2209,-1,-1,-1
357,3,952.46,928.31,81.69,148.60,0.7290,-1,-1,-1
357,4,1722.78,458.31,71.44,208.05,0.5888,-1,-1,-1
357,18,925.04,3.42,60.80,168.94,0.2871,-1,-1,-1
357,6,216.58,320.41,58.31,181.46,0.2917,-1,-1,-1
357,8,385.13,505.01,79.44,236.06,0.6875,-1,-1,-1
357,28,439.08,1003.07,94.07,75.99,0.5528,-1,-1,-1
357,32,963.23,53.92,61.19,169.46,0.2981,-1,-1,-1
357,34,477.94,919.27,81.85,157.16,0.5160,-1,-1,-1
357,38,1027.55,62.95,57.49,161.33,0.2649,-1,-1,-1
357,27,846.57,466.85,69.24,216.10,0.4765,-1,-1,-1
357,44,1018.20,420.61,73.99,193.13,0.4390,-1,-1,-1
357,5,1570.79,630.01,85.30,244.78,0.5878,-1,-1,-1
357,19,424.66,330.65,82.28,213.60,0.4445,-1,-1,-1
357,45,910.73,484.80,65.20,199.53,0.4847,-1,-1,-1
357,2,484.00,574.38,118.38,241.82,0.7084,-1,-1,-1
357,25,477.91,520.28,59.60,214.65,0.4192,-1,-1,-1
358,1,443.98,85.75,68.88,194.56,0.2279,-1,-1,-1
358,3,954.06,927.64,79.90,151.27,0.7234,-1,-1,-1
358,4,1723.13,458.08,71.37,208.14,0.5798,-1,-1,-1
358,18,924.72,2.07,61.81,171.12,0.2382,-1,-1,-1
358,6,216.12,318.63,58.58,182.43,0.3549,-1,-1,-1
358,8,383.81,506.29,79.66,239.44,0.6983,-1,-1,-1
358,28,441.10,1006.76,90.40,72.41,0.5573,-1,-1,-1
358,32,963.62,55.28,59.43,167.70,0.3174,-1,-1,-1
358,34,482.50,921.67,83.94,155.50,0.5998,-1,-1,-1
358,38,1026.77,62.07,57.86,161.11,0.2777,-1,-1,-1
358,27,847.43,468.18,69.31,215.63,0.4890,-1,-1,-1
358,44,1018.40,422.75,77.49,193.68,0.5047,-1,-1,-1
358,5,1571.38,632.23,84.98,243.09,0.5366,-1,-1,-1
358,19,423.72,330.65,83.24,211.84,0.4526,-1,-1,-1
358,45,912.07,486.72,64.63,199.36,0.4784,-1,-1,-1
358,2,486.17,577.35,118.06,238.52,0.7534,-1,-1,-1
358,25,476.20,520.75,64.58,220.05,0.5417,-1,-1,-1
359,1,443.99,85.35,68.50,194.75,0.2745,-1,-1,-1
359,3,954.41,927.36,79.97,150.24,0.7142,-1,-1,-1
359,4,1722.61,457.42,72.09,208.97,0.5837,-1,-1,-1
359,18,924.28,1.70,62.86,172.22,0.1989,-1,-1,-1
359,6,211.56,317.32,62.80,184.43,0.3743,-1,-1,-1
359,8,382.54,507.29,79.90,241.40,0.6909,-1,-1,-1
359,28,443.28,1010.96,91.65,68.66,0.5407,-1,-1,-1
359,32,963.72,56.07,56.71,168.58,0.3723,-1,-1,-1
359,34,483.77,923.20,85.69,154.05,0.5679,-1,-1,-1
359,38,1026.25,61.84,57.89,163.10,0.3324,-1,-1,-1
359,27,847.13,473.24,71.63,216.77,0.5529,-1,-1,-1
359,44,1020.20,425.53,78.42,192.83,0.5000,-1,-1,-1
359,5,1570.94,634.70,85.96,242.67,0.5839,-1,-1,-1
359,19,423.88,329.93,82.75,211.53,0.4778,-1,-1,-1
359,45,913.50,488.16,64.40,198.66,0.4437,-1,-1,-1
359,2,488.05,578.80,115.50,236.71,0.7390,-1,-1,-1
359,25,475.46,522.73,65.41,220.82,0.5348,-1,-1,-1
359,47,1752.33,74.33,56.46,171.79,0.3417,-1,-1,-1
360,1,443.39,85.45,68.74,193.83,0.2531,-1,-1,-1
360,3,955.29,926.92,79.07,150.61,0.7148,-1,-1,-1
360,4,1722.60,457.60,72.03,208.22,0.6175,-1,-1,-1
360,18,923.81,1.22,64.12,173.79,0.1771,-1,-1,-1
360,6,209.91,317.22,63.75,184.95,0.3816,-1,-1,-1
360,8,380.42,508.33,81.29,241.98,0.7215,-1,-1,-1
360,28,445.56,1012.75,90.25,67.17,0.5192,-1,-1,-1
360,32,962.70,55.29,56.67,169.67,0.3686,-1,-1,-1
360,34,488.14,924.65,85.24,153.82,0.6046,-1,-1,-1
360,38,1025.64,61.94,57.45,162.06,0.3437,-1,-1,-1
360,27,847.72,475.72,73.57,218.93,0.5622,-1,-1,-1
360,44,1023.45,426.04,78.48,196.75,0.5173,-1,-1,-1
360,5,1570.94,635.49,83.80,244.06,0.5803,-1,-1,-1
360,19,425.61,329.14,80.43,210.16,0.5079,-1,-1,-1
360,45,915.20,488.39,63.88,198.90,0.4698,-1,-1,-1
360,2,491.02,580.50,112.50,235.38,0.6955,-1,-1,-1
360,25,475.99,526.33,62.66,222.47,0.6201,-1,-1,-1
360,47,1752.72,75.35,56.34,171.74,0.3372,-1,-1,-1
361,1,442.36,85.40,69.08,193.31,0.2228,-1,-1,-1
361,3,956.29,926.52,78.40,151.16,0.7188,-1,-1,-1
361,4,1722.87,457.73,72.07,208.64,0.6122,-1,-1,-1
361,18,923.51,0.78,65.82,174.53,0.1775,-1,-1,-1
361,6,212.08,316.10,59.61,184.55,0.2894,-1,-1,-1
361,8,379.61,509.14,79.90,242.16,0.7080,-1,-1,-1
361,28,446.47,1015.28,92.34,64.22,0.4415,-1,-1,-1
361,32,958.95,53.15,59.09,171.37,0.4080,-1,-1,-1
361,34,492.69,925.19,85.06,155.27,0.6524,-1,-1,-1
361,38,1025.23,60.87,56.27,161.73,0.3843,-1,-1,-1
361,27,849.43,477.53,72.77,219.40,0.6195,-1,-1,-1
361,44,1027.13,428.33,77.12,196.35,0.4507,-1,-1,-1
361,5,1569.58,636.12,83.76,243.64,0.6137,-1,-1,-1
361,19,427.26,328.37,78.40,208.89,0.5139,-1,-1,-1
361,45,915.77,488.14,65.69,200.57,0.4864,-1,-1,-1
361,2,497.75,578.41,105.43,237.42,0.6562,-1,-1,-1
361,25,474.65,528.06,65.56,229.89,0.6367,-1,-1,-1
361,47,1753.20,76.85,56.85,172.80,0.3686,-1,-1,-1
362,1,441.68,84.52,69.61,193.77,0.2204,-1,-1,-1
362,3,958.27,926.24,76.06,151.45,0.6825,-1,-1,-1
362,4,1722.74,457.87,72.71,208.71,0.5889,-1,-1,-1
362,6,209.71,315.62,61.36,185.34,0.2246,-1,-1,-1
362,8,377.95,510.00,78.90,240.84,0.6908,-1,-1,-1
362,28,448.51,1017.79,86.11,61.00,0.4468,-1,-1,-1
362,32,956.25,50.59,60.88,173.62,0.4191,-1,-1,-1
362,34,494.92,927.00,90.44,153.99,0.6729,-1,-1,-1
362,38,1025.13,59.93,55.47,162.63,0.3819,-1,-1,-1
362,27,850.20,478.19,71.87,218.97,0.5482,-1,-1,-1
362,44,1029.84,429.56,76.38,195.61,0.4730,-1,-1,-1
362,5,1571.08,635.42,82.85,244.93,0.5535,-1,-1,-1
362,19,430.83,325.73,75.41,206.60,0.4851,-1,-1,-1
362,45,915.43,489.64,66.58,199.94,0.3961,-1,-1,-1
362,2,508.87,577.66,95.50,235.83,0.6012,-1,-1,-1
362,25,472.79,526.60,66.52,236.23,0.6950,-1,-1,-1
362,47,1753.65,81.17,56.47,170.14,0.3803,-1,-1,-1
363,1,441.70,83.69,69.45,193.55,0.2633,-1,-1,-1
363,3,960.09,926.10,74.24,151.52,0.6450,-1,-1,-1
363,4,1722.83,458.12,72.67,208.47,0.5977,-1,-1,-1
363,6,207.34,315.62,62.79,182.97,0.2519,-1,-1,-1
363,8,376.28,510.27,79.02,240.20,0.7083,-1,-1,-1
363,28,449.69,1018.76,89.20,60.50,0.5111,-1,-1,-1
363,32,955.73,48.73,60.30,173.40,0.3449,-1,-1,-1
363,34,496.67,928.90,95.96,152.27,0.6548,-1,-1,-1
363,38,1024.35,59.47,56.38,161.87,0.4396,-1,-1,-1
363,27,852.08,479.20,69.59,217.53,0.5921,-1,-1,-1
363,44,1034.26,430.07,73.30,195.74,0.5349,-1,-1,-1
363,5,1572.35,635.29,82.77,244.59,0.5801,-1,-1,-1
363,19,434.41,324.13,72.02,207.66,0.4889,-1,-1,-1
363,45,915.64,491.63,66.39,198.61,0.4514,-1,-1,-1
363,2,515.86,576.99,92.63,234.05,0.6178,-1,-1,-1
363,25,472.01,532.57,67.17,232.05,0.7131,-1,-1,-1
363,47,1753.46,81.90,56.43,170.42,0.3731,-1,-1,-1
364,1,441.98,82.73,68.68,193.49,0.2585,-1,-1,-1
364,3,962.01,925.49,73.06,152.49,0.6626,-1,-1,-1
364,4,1722.04,458.03,73.35,208.33,0.5894,-1,-1,-1
364,6,205.73,316.00,63.44,181.92,0.2370,-1,-1,-1
364,8,374.33,511.45,79.03,239.60,0.6917,-1,-1,-1
364,28,452.20,1019.08,88.56,60.74,0.4987,-1,-1,-1
364,32,956.40,47.58,58.99,172.99,0.3105,-1,-1,-1
364,34,499.86,931.94,99.38,149.21,0.6698,-1,-1,-1
364,38,1023.08,58.50,57.62,162.54,0.3819,-1,-1,-1
364,27,852.42,478.89,70.94,217.68,0.5556,-1,-1,-1
364,44,1039.27,430.47,71.05,194.67,0.6047,-1,-1,-1
364,5,1573.54,634.36,80.92,245.98,0.5528,-1,-1,-1
364,19,435.85,322.74,70.33,207.20,0.4866,-1,-1,-1
364,45,916.70,492.55,65.30,197.96,0.4146,-1,-1,-1
364,2,524.27,576.34,88.16,235.46,0.6583,-1,-1,-1
364,25,470.92,537.39,66.67,228.51,0.7209,-1,-1,-1
364,47,1753.74,82.85,56.11,169.73,0.3100,-1,-1,-1
365,1,442.51,81.17,67.83,193.82,0.2979,-1,-1,-1
365,3,963.19,924.02,72.11,154.32,0.6770,-1,-1,-1
365,4,1722.50,457.19,72.73,209.22,0.5713,-1,-1,-1
365,6,205.44,314.70,63.42,184.16,0.2664,-1,-1,-1
365,8,371.16,512.58,79.63,238.22,0.6926,-1,-1,-1
365,28,454.71,1017.78,86.54,62.19,0.4654,-1,-1,-1
365,32,956.73,50.20,59.55,167.77,0.2090,-1,-1,-1
365,34,503.24,934.15,102.34,146.86,0.6750,-1,-1,-1
365,38,1021.84,58.18,58.52,162.04,0.3884,-1,-1,-1
365,27,851.63,479.49,72.02,216.42,0.5337,-1,-1,-1
365,44,1043.52,431.10,69.66,194.02,0.6229,-1,-1,-1
365,5,1574.67,635.28,79.63,243.93,0.6048,-1,-1,-1
365,19,437.37,318.62,68.24,208.87,0.5329,-1,-1,-1
365,45,916.69,491.14,65.88,199.54,0.4050,-1,-1,-1
365,2,535.65,574.27,81.32,237.08,0.6433,-1,-1,-1
365,25,470.13,537.82,66.44,229.64,0.7146,-1,-1,-1
365,47,1754.40,83.62,54.63,169.52,0.2907,-1,-1,-1
366,1,443.57,80.46,66.38,193.02,0.3175,-1,-1,-1
366,3,964.86,923.05,71.36,155.56,0.7050,-1,-1,-1
366,4,1722.25,457.32,72.55,209.19,0.5805,-1,-1,-1
366,8,367.34,512.57,80.76,237.40,0.7386,-1,-1,-1
366,28,456.72,1017.83,80.56,62.10,0.3916,-1,-1,-1
366,32,957.13,50.00,59.18,166.32,0.3246,-1,-1,-1
366,34,507.35,936.62,104.06,144.17,0.6744,-1,-1,-1
366,38,1021.14,58.94,56.68,158.10,0.4131,-1,-1,-1
366,27,851.08,480.05,72.33,215.69,0.5810,-1,-1,-1
366,44,1047.00,430.81,68.82,195.15,0.6339,-1,-1,-1
366,5,1574.96,634.00,81.63,246.08,0.5604,-1,-1,-1
366,19,438.78,316.36,68.17,209.23,0.5350,-1,-1,-1
366,45,916.23,490.56,66.90,200.75,0.4541,-1,-1,-1
366,2,543.84,572.93,75.46,238.90,0.7075,-1,-1,-1
366,25,469.38,538.87,65.45,232.73,0.7373,-1,-1,-1
366,47,1754.89,84.62,55.27,168.74,0.2735,-1,-1,-1
367,1,444.24,79.53,65.33,192.54,0.2822,-1,-1,-1
367,3,966.10,921.80,70.89,156.40,0.7096,-1,-1,-1
367,4,1722.06,457.56,72.08,209.45,0.5755,-1,-1,-1
367,8,363.25,514.30,83.49,235.77,0.7544,-1,-1,-1
367,28,461.81,1020.98,73.14,59.05,0.3442,-1,-1,-1
367,32,956.71,48.06,59.28,167.24,0.3204,-1,-1,-1
367,34,507.68,940.52,106.82,140.24,0.6848,-1,-1,-1
367,38,1020.72,58.63,55.79,155.94,0.4284,-1,-1,-1
367,27,851.34,480.27,72.87,217.22,0.5989,-1,-1,-1
367,44,1050.44,431.08,67.98,194.64,0.6265,-1,-1,-1
367,5,1575.19,639.28,86.55,241.83,0.5770,-1,-1,-1
367,19,439.38,314.19,68.60,209.35,0.5601,-1,-1,-1
367,45,915.88,491.14,66.86,202.06,0.4410,-1,-1,-1
367,2,547.53,572.18,73.69,241.75,0.6913,-1,-1,-1
367,25,467.94,539.96,65.32,234.68,0.7385,-1,-1,-1
367,47,1758.28,86.57,53.65,165.65,0.2126,-1,-1,-1
368,1,444.56,79.10,65.14,191.43,0.2203,-1,-1,-1
368,3,967.59,921.29,70.77,157.11,0.6915,-1,-1,-1
368,4,1722.03,457.85,73.20,208.13,0.5794,-1,-1,-1
368,8,359.95,515.23,86.02,235.01,0.7695,-1,-1,-1
368,28,467.62,1023.61,60.78,56.42,0.2916,-1,-1,-1
368,32,955.62,47.74,59.48,167.82,0.2674,-1,-1,-1
368,34,510.07,943.23,108.44,137.43,0.6921,-1,-1,-1
368,38,1020.37,58.00,55.38,154.49,0.4449,-1,-1,-1
368,27,851.84,481.04,70.91,217.46,0.6341,-1,-1,-1
368,44,1054.31,432.06,67.57,196.79,0.6633,-1,-1,-1
368,5,1575.28,643.50,89.37,236.65,0.5187,-1,-1,-1
368,19,439.78,312.63,69.05,208.64,0.5695,-1,-1,-1
368,45,915.31,492.04,67.78,202.30,0.4875,-1,-1,-1
368,2,549.47,571.78,75.30,241.47,0.6900,-1,-1,-1
368,25,465.99,540.69,66.40,235.15,0.7517,-1,-1,-1
368,47,1757.31,86.05,54.90,165.28,0.2614,-1,-1,-1
369,1,443.33,79.15,66.53,188.68,0.1847,-1,-1,-1
369,3,968.73,920.89,71.12,157.89,0.7150,-1,-1,-1
369,4,1722.06,458.11,74.55,206.90,0.5701,-1,-1,-1
369,8,356.58,516.06,88.92,237.93,0.7539,-1,-1,-1
369,28,474.36,1028.21,48.02,51.77,0.2596,-1,-1,-1
369,32,957.65,47.56,56.67,167.85,0.3068,-1,-1,-1
369,34,513.00,946.05,110.68,134.47,0.6971,-1,-1,-1
369,38,1019.64,57.18,54.79,155.32,0.4412,-1,-1,-1
369,27,852.02,482.20,68.17,219.02,0.5734,-1,-1,-1
369,44,1057.34,432.89,68.34,195.12,0.6209,-1,-1,-1
369,5,1575.70,645.09,88.98,236.45,0.5141,-1,-1,-1
369,19,440.95,310.51,67.75,209.84,0.5335,-1,-1,-1
369,45,913.95,493.49,68.80,203.83,0.3973,-1,-1,-1
369,2,549.71,572.11,78.13,241.24,0.6850,-1,-1,-1
369,25,464.74,541.04,66.38,234.74,0.7328,-1,-1,-1
369,47,1759.31,89.27,54.26,162.24,0.2710,-1,-1,-1
370,1,445.01,78.18,65.43,188.10,0.1561,-1,-1,-1
370,3,969.02,919.79,72.61,158.62,0.7278,-1,-1,-1
370,4,1722.26,457.76,73.99,207.81,0.5860,-1,-1,-1
370,8,353.20,518.36,90.54,241.20,0.7171,-1,-1,-1
370,28,479.13,1035.60,52.38,44.27,0.2515,-1,-1,-1
370,32,957.18,46.81,56.37,169.15,0.2801,-1,-1,-1
370,34,515.41,950.68,114.03,129.75,0.6847,-1,-1,-1
370,38,1017.07,55.84,57.13,158.05,0.4010,-1,-1,-1
370,27,852.50,482.57,66.67,217.52,0.4652,-1,-1,-1
370,44,1060.17,434.59,67.85,197.84,0.6176,-1,-1,-1
370,5,1575.37,645.05,90.13,235.63,0.4653,-1,-1,-1
370,19,441.88,309.05,67.68,212.34,0.5436,-1,-1,-1
370,45,915.21,497.09,67.94,203.29,0.3749,-1,-1,-1
370,2,549.45,572.32,81.66,241.03,0.6620,-1,-1,-1
370,25,463.08,541.41,67.11,234.22,0.7271,-1,-1,-1
370,47,1761.44,92.38,53.26,160.07,0.2437,-1,-1,-1
371,3,970.11,918.06,73.44,160.30,0.7223,-1,-1,-1
371,4,1722.30,457.75,74.39,207.58,0.5573,-1,-1,-1
371,8,349.35,521.51,92.42,241.92,0.6988,-1,-1,-1
371,28,482.10,1040.30,49.19,39.40,0.2279,-1,-1,-1
371,32,956.60,46.16,56.54,168.73,0.1838,-1,-1,-1
371,34,517.06,954.50,116.53,125.91,0.6957,-1,-1,-1
371,38,1015.49,54.33,58.97,160.26,0.3365,-1,-1,-1
371,27,851.81,482.90,67.78,223.13,0.4585,-1,-1,-1
371,44,1062.79,435.88,69.03,198.96,0.6657,-1,-1,-1
371,5,1575.72,640.25,92.80,239.43,0.3970,-1,-1,-1
371,19,441.85,309.41,68.95,210.65,0.5039,-1,-1,-1
371,45,914.94,501.90,68.95,203.52,0.4722,-1,-1,-1
371,2,549.56,572.17,90.69,241.50,0.6371,-1,-1,-1
371,25,461.50,541.84,67.46,233.83,0.7148,-1,-1,-1
371,47,1761.82,93.53,54.73,159.04,0.3381,-1,-1,-1
372,3,970.82,917.24,75.90,161.18,0.7405,-1,-1,-1
372,4,1721.65,458.54,75.93,206.95,0.5365,-1,-1,-1
372,8,347.70,524.30,93.43,242.67,0.7195,-1,-1,-1
372,28,482.80,1043.39,46.65,36.54,0.1782,-1,-1,-1
372,32,953.18,43.49,59.75,170.71,0.2138,-1,-1,-1
372,34,519.32,958.66,116.51,121.71,0.6824,-1,-1,-1
372,38,1015.03,53.49,58.94,162.89,0.3705,-1,-1,-1
372,27,851.23,484.10,68.57,224.03,0.4061,-1,-1,-1
372,44,1064.91,438.44,69.91,202.22,0.6598,-1,-1,-1
372,5,1574.54,644.76,93.16,234.81,0.4455,-1,-1,-1
372,19,442.69,309.87,69.04,209.92,0.5496,-1,-1,-1
372,45,913.43,504.87,70.76,203.63,0.4702,-1,-1,-1
372,2,550.50,571.36,102.22,242.64,0.6555,-1,-1,-1
372,25,459.98,542.28,68.07,232.23,0.7108,-1,-1,-1
372,47,1762.57,96.04,56.31,157.07,0.3662,-1,-1,-1
373,3,971.90,915.84,77.35,162.17,0.7324,-1,-1,-1
373,4,1720.97,458.13,77.64,207.70,0.5363,-1,-1,-1
373,8,346.38,526.47,93.16,240.59,0.6988,-1,-1,-1
373,32,951.55,44.00,61.21,169.55,0.2258,-1,-1,-1
373,34,519.96,962.20,117.50,117.99,0.6650,-1,-1,-1
373,38,1015.02,52.80,58.13,162.15,0.3822,-1,-1,-1
373,27,850.94,485.51,67.73,223.03,0.3831,-1,-1,-1
373,44,1067.37,440.68,70.57,203.03,0.6469,-1,-1,-1
373,5,1574.27,645.45,92.55,232.57,0.4215,-1,-1,-1
373,19,443.28,309.14,68.84,210.13,0.5553,-1,-1,-1
373,45,913.91,505.78,70.68,204.98,0.4771,-1,-1,-1
373,2,551.41,570.92,108.08,243.01,0.6639,-1,-1,-1
373,25,458.99,543.15,67.43,230.91,0.7047,-1,-1,-1
373,47,1765.10,97.26,54.65,157.59,0.2826,-1,-1,-1
374,3,972.62,915.35,78.17,162.83,0.7307,-1,-1,-1
374,4,1720.00,457.19,78.62,207.87,0.5488,-1,-1,-1
374,8,344.94,527.79,92.08,238.82,0.7001,-1,-1,-1
374,32,952.37,42.85,60.11,171.14,0.2223,-1,-1,-1
374,34,522.11,964.73,115.88,115.49,0.6549,-1,-1,-1
374,38,1014.49,52.33,57.37,161.89,0.3986,-1,-1,-1
374,27,851.44,487.80,67.21,219.67,0.4420,-1,-1,-1
374,44,1072.31,442.73,67.96,202.29,0.6222,-1,-1,-1
374,5,1573.32,645.91,93.74,232.66,0.4282,-1,-1,-1
374,19,443.92,308.60,68.88,209.23,0.5965,-1,-1,-1
374,45,913.76,506.69,70.36,205.59,0.5504,-1,-1,-1
374,2,554.86,569.84,108.68,243.91,0.6560,-1,-1,-1
374,25,457.27,544.93,67.67,227.85,0.7049,-1,-1,-1
374,47,1765.70,96.07,55.16,160.36,0.2398,-1,-1,-1
375,3,973.20,914.36,78.86,164.36,0.7215,-1,-1,-1
375,4,1719.01,457.04,78.75,208.38,0.5773,-1,-1,-1
375,8,343.57,528.89,92.08,238.09,0.6902,-1,-1,-1
375,32,951.34,41.53,61.08,169.51,0.2449,-1,-1,-1
375,34,524.74,966.83,113.15,113.39,0.6393,-1,-1,-1
375,38,1014.27,51.96,56.90,160.70,0.4206,-1,-1,-1
375,27,853.11,490.16,65.35,217.30,0.4046,-1,-1,-1
375,44,1076.53,444.10,67.72,203.06,0.5902,-1,-1,-1
375,5,1572.15,642.20,95.81,236.04,0.2737,-1,-1,-1
375,19,445.33,307.38,68.99,209.33,0.6044,-1,-1,-1
375,45,914.02,507.42,69.63,205.78,0.5549,-1,-1,-1
375,2,559.77,568.38,108.89,245.09,0.6324,-1,-1,-1
375,25,455.48,546.63,69.47,224.57,0.7348,-1,-1,-1
375,47,1766.29,94.58,56.89,162.37,0.2457,-1,-1,-1
376,3,974.46,912.92,78.68,166.19,0.7171,-1,-1,-1
376,4,1719.80,456.86,76.29,209.35,0.6119,-1,-1,-1
376,8,341.39,531.40,91.98,236.48,0.6838,-1,-1,-1
376,32,949.21,40.37,62.89,169.51,0.2320,-1,-1,-1
376,34,528.61,969.34,108.57,110.86,0.6359,-1,-1,-1
376,38,1013.91,52.42,56.62,162.25,0.3712,-1,-1,-1
376,27,853.30,493.77,65.16,216.33,0.5090,-1,-1,-1
376,44,1079.51,445.01,68.19,201.84,0.5825,-1,-1,-1
376,5,1572.82,645.94,96.61,234.21,0.3188,-1,-1,-1
376,19,446.72,306.33,69.19,209.16,0.5908,-1,-1,-1
376,45,914.39,507.64,68.48,206.38,0.5748,-1,-1,-1
376,2,564.55,565.51,107.48,248.94,0.5840,-1,-1,-1
376,25,454.33,548.82,68.88,224.26,0.7416,-1,-1,-1
376,47,1767.62,95.75,55.90,162.83,0.2868,-1,-1,-1
377,3,973.46,911.68,81.48,167.46,0.7053,-1,-1,-1
377,4,1720.32,456.68,74.88,209.05,0.6236,-1,-1,-1
377,8,338.92,533.72,91.93,232.94,0.6855,-1,-1,-1
377,32,949.71,42.60,62.17,170.51,0.2879,-1,-1,-1
377,34,530.56,970.11,105.76,110.01,0.6485,-1,-1,-1
377,38,1013.30,51.64,56.69,161.59,0.3950,-1,-1,-1
377,27,852.84,495.42,65.61,214.73,0.5071,-1,-1,-1
377,44,1081.31,446.92,68.48,201.20,0.5975,-1,-1,-1
377,5,1580.44,647.94,89.62,231.48,0.2492,-1,-1,-1
377,19,447.64,304.16,69.22,210.44,0.6378,-1,-1,-1
377,45,914.22,508.43,67.95,205.51,0.5751,-1,-1,-1
377,2,568.43,564.57,106.18,249.54,0.5901,-1,-1,-1
377,25,453.42,550.48,68.65,227.16,0.7338,-1,-1,-1
377,47,1768.85,98.87,55.59,161.49,0.2821,-1,-1,-1
378,3,974.20,910.33,82.26,169.41,0.7159,-1,-1,-1
378,4,1720.14,456.50,75.29,209.33,0.6188,-1,-1,-1
378,8,337.72,534.97,90.48,231.17,0.6962,-1,-1,-1
378,32,952.51,42.71,58.89,170.31,0.2368,-1,-1,-1
378,34,533.02,971.74,102.77,108.41,0.6423,-1,-1,-1
378,38,1013.26,51.83,55.76,161.83,0.3790,-1,-1,-1
378,27,852.12,493.38,66.34,221.63,0.5067,-1,-1,-1
378,44,1084.66,449.07,67.78,198.76,0.6358,-1,-1,-1
378,5,1596.32,656.33,73.39,220.72,0.2039,-1,-1,-1
378,19,448.03,302.88,70.70,210.09,0.6321,-1,-1,-1
378,45,915.14,509.42,66.66,204.61,0.5561,-1,-1,-1
378,2,572.59,563.40,101.31,249.12,0.5010,-1,-1,-1
378,25,452.31,552.74,68.87,229.52,0.7250,-1,-1,-1
378,47,1770.42,101.77,55.66,159.47,0.2569,-1,-1,-1
379,3,974.51,909.67,83.77,170.05,0.7198,-1,-1,-1
379,4,1719.86,456.90,76.26,208.69,0.6199,-1,-1,-1
379,8,337.20,536.21,88.97,228.49,0.6948,-1,-1,-1
379,32,954.13,40.57,57.46,171.47,0.2641,-1,-1,-1
379,34,535.48,973.22,99.60,106.93,0.6109,-1,-1,-1
379,38,1013.00,51.09,55.14,164.24,0.3872,-1,-1,-1
379,27,851.20,493.15,67.70,224.99,0.5169,-1,-1,-1
379,44,1090.38,449.10,65.08,199.85,0.6337,-1,-1,-1
379,19,447.76,301.25,71.88,208.91,0.6428,-1,-1,-1
379,45,915.72,509.24,66.25,204.90,0.5595,-1,-1,-1
379,2,578.59,562.30,93.92,248.98,0.4036,-1,-1,-1
379,25,451.00,554.82,69.80,232.53,0.7144,-1,-1,-1
379,47,1771.07,100.85,57.14,161.07,0.2675,-1,-1,-1
380,3,975.15,908.77,84.35,170.63,0.7103,-1,-1,-1
380,4,1719.93,456.55,75.98,209.36,0.6107,-1,-1,-1
380,8,336.35,537.18,88.49,227.18,0.7025,-1,-1,-1
380,32,956.92,36.32,55.05,175.36,0.3062,-1,-1,-1
380,34,537.69,974.49,97.29,105.56,0.6081,-1,-1,-1
380,38,1012.74,50.16,54.56,165.16,0.4299,-1,-1,-1
380,27,849.22,492.91,70.28,219.89,0.4426,-1,-1,-1
380,44,1092.63,449.48,65.41,199.36,0.6023,-1,-1,-1
380,19,447.62,299.23,72.69,206.43,0.5915,-1,-1,-1
380,45,915.69,507.73,66.83,205.14,0.4806,-1,-1,-1
380,2,593.44,561.92,79.39,250.84,0.2000,-1,-1,-1
380,25,449.51,557.89,69.60,231.48,0.7314,-1,-1,-1
380,47,1771.41,100.48,56.46,160.65,0.2678,-1,-1,-1
381,3,975.91,907.87,84.35,171.50,0.7045,-1,-1,-1
381,4,1720.02,456.34,74.91,209.48,0.6324,-1,-1,-1
381,8,335.91,537.91,86.84,232.50,0.7547,-1,-1,-1
381,32,957.80,33.80,54.26,176.19,0.3207,-1,-1,-1
381,34,540.53,977.25,94.61,102.82,0.6081,-1,-1,-1
381,38,1012.50,49.48,54.06,165.82,0.4501,-1,-1,-1
381,27,848.11,492.94,70.12,219.88,0.3918,-1,-1,-1
381,44,1094.13,449.65,66.25,198.59,0.6688,-1,-1,-1
381,19,447.63,297.71,72.54,203.89,0.6312,-1,-1,-1
381,45,916.78,507.23,66.27,204.79,0.4835,-1,-1,-1
381,2,600.52,562.20,73.99,242.53,0.3209,-1,-1,-1
381,25,448.88,560.84,68.84,233.68,0.7347,-1,-1,-1
381,47,1771.59,100.53,57.42,161.34,0.2688,-1,-1,-1
382,3,976.31,907.16,84.72,171.82,0.7193,-1,-1,-1
382,4,1719.44,456.69,74.64,208.40,0.6005,-1,-1,-1
382,8,335.81,539.32,85.00,234.79,0.7804,-1,-1,-1
382,32,958.56,32.90,54.26,175.03,0.3700,-1,-1,-1
382,34,543.89,980.46,91.56,99.64,0.5994,-1,-1,-1
382,38,1012.48,48.29,53.54,168.85,0.4642,-1,-1,-1
382,27,849.00,494.14,69.64,217.93,0.2494,-1,-1,-1
382,44,1095.76,449.26,66.77,199.60,0.6667,-1,-1,-1
382,19,447.83,295.06,73.18,203.55,0.6233,-1,-1,-1
382,45,916.53,509.24,67.50,203.76,0.4695,-1,-1,-1
382,2,606.77,563.46,70.34,241.62,0.2275,-1,-1,-1
382,25,448.00,562.26,68.94,235.16,0.7429,-1,-1,-1
382,47,1772.01,100.91,57.60,160.58,0.2741,-1,-1,-1
383,3,977.92,906.29,83.47,172.29,0.6950,-1,-1,-1
383,4,1719.61,456.54,74.03,209.16,0.6006,-1,-1,-1
383,8,335.00,540.20,84.49,235.18,0.7797,-1,-1,-1
383,32,960.01,31.76,53.35,173.00,0.3902,-1,-1,-1
383,34,546.83,987.68,88.72,92.38,0.5859,-1,-1,-1
383,38,1012.84,47.57,52.89,169.67,0.4480,-1,-1,-1
383,27,849.75,496.65,69.00,214.23,0.3741,-1,-1,-1
383,44,1097.96,449.39,67.21,198.61,0.6580,-1,-1,-1
383,19,448.01,292.27,74.13,203.96,0.5802,-1,-1,-1
383,45,915.85,510.55,68.60,203.07,0.4879,-1,-1,-1
383,2,611.19,562.46,68.82,238.02,0.2391,-1,-1,-1
383,25,446.65,562.02,70.78,236.83,0.7658,-1,-1,-1
383,47,1772.77,97.49,58.56,164.31,0.3186,-1,-1,-1
384,3,978.97,906.01,83.20,172.59,0.6984,-1,-1,-1
384,4,1719.90,456.77,72.22,208.51,0.5856,-1,-1,-1
384,8,334.94,540.75,82.86,236.88,0.7748,-1,-1,-1
384,32,959.25,30.54,54.38,173.46,0.3277,-1,-1,-1
384,34,550.46,992.60,87.00,87.37,0.5777,-1,-1,-1
384,38,1012.72,46.26,52.67,169.48,0.4228,-1,-1,-1
384,27,850.22,497.31,69.56,211.84,0.4244,-1,-1,-1
384,44,1099.89,452.87,69.77,197.69,0.6481,-1,-1,-1
384,19,448.24,290.07,74.35,205.33,0.6012,-1,-1,-1
384,45,916.12,512.42,68.96,202.10,0.5728,-1,-1,-1
384,2,612.66,559.50,66.50,234.08,0.2856,-1,-1,-1
384,25,444.44,564.02,72.26,235.74,0.7714,-1,-1,-1
384,47,1772.37,98.58,59.45,163.14,0.3732,-1,-1,-1
385,3,980.30,905.66,81.94,172.94,0.7089,-1,-1,-1
385,4,1719.20,456.94,72.26,208.20,0.6486,-1,-1,-1
385,8,334.08,541.54,83.35,238.62,0.7686,-1,-1,-1
385,32,957.83,30.48,56.13,172.43,0.3545,-1,-1,-1
385,34,553.22,997.21,86.19,82.81,0.5668,-1,-1,-1
385,38,1012.84,45.80,52.26,170.58,0.3896,-1,-1,-1
385,27,850.65,499.20,70.00,208.79,0.4454,-1,-1,-1
385,44,1102.12,454.23,71.95,199.64,0.5821,-1,-1,-1
385,19,446.31,288.89,76.51,207.04,0.5651,-1,-1,-1
385,45,919.10,514.48,67.41,203.33,0.5243,-1,-1,-1
385,25,443.78,564.44,72.52,236.15,0.7674,-1,-1,-1
385,47,1772.29,98.70,60.45,163.83,0.3699,-1,-1,-1
385,49,788.44,150.95,65.21,170.67,0.3642,-1,-1,-1
386,3,982.11,905.02,79.88,173.34,0.6759,-1,-1,-1
386,4,1719.47,457.28,72.33,207.62,0.5985,-1,-1,-1
386,8,332.55,543.83,85.15,239.00,0.7442,-1,-1,-1
386,32,955.03,29.48,58.51,172.26,0.3371,-1,-1,-1
386,34,557.08,1001.91,85.12,78.12,0.5119,-1,-1,-1
386,38,1012.16,45.69,52.07,165.65,0.3484,-1,-1,-1
386,27,850.39,500.09,70.03,208.60,0.4784,-1,-1,-1
386,44,1106.64,455.92,72.27,200.04,0.5336,-1,-1,-1
386,19,444.46,287.92,79.25,208.04,0.5690,-1,-1,-1
386,45,918.59,515.61,68.57,204.73,0.4938,-1,-1,-1
386,25,442.36,565.41,72.47,235.89,0.7521,-1,-1,-1
386,47,1771.96,98.57,63.21,164.47,0.3664,-1,-1,-1
386,49,786.92,151.00,66.73,170.54,0.3583,-1,-1,-1
387,3,983.85,904.47,78.09,173.39,0.6608,-1,-1,-1
387,4,1719.38,458.07,72.63,206.72,0.5508,-1,-1,-1
387,8,331.53,545.38,86.24,242.58,0.7475,-1,-1,-1
387,32,954.44,29.49,59.26,171.54,0.3244,-1,-1,-1
387,34,559.85,1005.50,84.90,74.48,0.5012,-1,-1,-1
387,38,1011.89,45.13,52.02,162.84,0.3194,-1,-1,-1
387,27,850.62,500.14,69.81,210.56,0.4371,-1,-1,-1
387,44,1108.60,458.10,77.36,199.49,0.5176,-1,-1,-1
387,19,443.82,287.62,81.40,208.21,0.5789,-1,-1,-1
387,45,921.72,517.72,66.44,208.59,0.4461,-1,-1,-1
387,25,440.88,565.59,71.37,236.03,0.7457,-1,-1,-1
387,47,1772.35,96.44,62.93,168.62,0.3668,-1,-1,-1
387,49,787.01,150.46,66.51,171.43,0.3466,-1,-1,-1
388,3,984.32,904.24,78.63,173.77,0.6202,-1,-1,-1
388,4,1719.41,457.47,72.21,207.07,0.5456,-1,-1,-1
388,8,328.79,549.16,88.66,246.21,0.7585,-1,-1,-1
388,32,954.98,29.31,58.23,171.86,0.3445,-1,-1,-1
388,34,562.49,1010.12,84.04,69.90,0.4464,-1,-1,-1
388,38,1011.77,44.93,52.14,159.34,0.3209,-1,-1,-1
388,27,850.47,501.74,69.76,209.79,0.4324,-1,-1,-1
388,44,1109.58,461.75,81.63,198.63,0.5451,-1,-1,-1
388,19,443.34,287.23,82.58,208.54,0.5925,-1,-1,-1
388,45,921.99,519.44,66.98,208.57,0.4739,-1,-1,-1
388,25,439.48,567.22,70.97,234.94,0.7461,-1,-1,-1
388,47,1772.24,94.14,64.09,172.10,0.3624,-1,-1,-1
388,49,788.90,150.72,64.26,170.85,0.3476,-1,-1,-1
389,3,984.53,904.39,79.82,173.73,0.6536,-1,-1,-1
389,4,1719.96,457.42,72.22,208.09,0.5552,-1,-1,-1
389,8,326.60,551.74,90.58,246.16,0.7756,-1,-1,-1
389,32,953.88,29.03,58.59,172.04,0.3471,-1,-1,-1
389,34,564.29,1013.16,83.78,66.87,0.4309,-1,-1,-1
389,38,1011.06,44.01,52.64,161.25,0.3580,-1,-1,-1
389,27,850.79,501.40,70.14,197.84,0.4285,-1,-1,-1
389,44,1111.48,463.46,85.85,200.37,0.4800,-1,-1,-1
389,19,442.15,286.76,83.83,209.00,0.6108,-1,-1,-1
389,45,921.89,523.64,69.34,204.68,0.5317,-1,-1,-1
389,25,437.71,568.19,72.27,233.55,0.7651,-1,-1,-1
389,47,1772.34,86.63,63.74,179.91,0.3486,-1,-1,-1
389,49,789.31,150.97,64.00,170.48,0.3568,-1,-1,-1
390,3,984.12,904.29,80.98,173.75,0.6174,-1,-1,-1
390,4,1720.03,456.85,71.74,208.71,0.5492,-1,-1,-1
390,8,324.45,553.63,90.77,245.81,0.7912,-1,-1,-1
390,32,955.09,28.37,56.74,172.99,0.3587,-1,-1,-1
390,34,566.99,1015.83,83.17,64.20,0.3864,-1,-1,-1
390,38,1010.90,43.20,53.10,163.22,0.3871,-1,-1,-1
390,27,851.35,503.41,70.21,209.20,0.5204,-1,-1,-1
390,44,1117.09,464.61,82.83,201.35,0.4757,-1,-1,-1
390,19,441.85,286.62,83.78,209.13,0.6382,-1,-1,-1
390,45,922.66,525.92,70.08,202.10,0.5937,-1,-1,-1
390,25,436.24,569.26,72.90,232.40,0.7766,-1,-1,-1
390,47,1772.23,88.73,61.82,178.48,0.3544,-1,-1,-1
390,49,790.51,151.31,62.71,169.99,0.3919,-1,-1,-1
391,3,982.85,904.51,82.06,174.43,0.6166,-1,-1,-1
391,4,1719.84,456.81,72.61,210.06,0.5625,-1,-1,-1
391,8,322.56,556.03,91.41,245.82,0.7920,-1,-1,-1
391,32,953.77,28.21,58.10,172.58,0.4099,-1,-1,-1
391,34,569.42,1017.35,83.99,62.42,0.3882,-1,-1,-1
391,38,1010.28,42.38,54.04,164.33,0.3629,-1,-1,-1
391,27,851.09,506.26,71.51,211.45,0.5873,-1,-1,-1
391,44,1121.00,465.87,80.31,201.96,0.4453,-1,-1,-1
391,19,442.34,284.93,83.00,209.32,0.6376,-1,-1,-1
391,45,923.02,527.62,71.32,206.71,0.6189,-1,-1,-1
391,25,434.44,571.81,73.88,230.21,0.8020,-1,-1,-1
391,47,1771.53,99.01,61.13,168.71,0.3898,-1,-1,-1
391,49,790.79,152.74,60.74,168.74,0.3700,-1,-1,-1
392,3,981.52,904.80,83.85,173.81,0.6710,-1,-1,-1
392,4,1721.13,456.83,71.71,209.41,0.5862,-1,-1,-1
392,8,320.62,557.38,92.85,247.59,0.8023,-1,-1,-1
392,32,954.12,28.05,57.76,172.48,0.3946,-1,-1,-1
392,34,570.90,1017.63,84.99,62.36,0.4018,-1,-1,-1
392,38,1010.21,41.90,54.64,161.94,0.3321,-1,-1,-1
392,27,851.30,508.25,71.19,222.82,0.5647,-1,-1,-1
392,44,1126.63,467.66,76.38,199.72,0.5122,-1,-1,-1
392,19,443.52,283.13,81.09,210.47,0.6669,-1,-1,-1
392,45,922.29,528.87,73.25,208.50,0.6076,-1,-1,-1
392,25,433.32,573.82,74.67,229.97,0.8104,-1,-1,-1
392,47,1772.03,105.38,60.68,163.86,0.3532,-1,-1,-1
392,49,791.34,153.20,59.01,168.16,0.3891,-1,-1,-1
392,1,457.09,72.21,75.85,187.72,0.3391,-1,-1,-1
393,3,980.88,905.51,84.44,172.87,0.6830,-1,-1,-1
393,4,1721.70,456.71,71.29,209.74,0.5854,-1,-1,-1
393,8,319.26,559.50,94.09,247.85,0.7958,-1,-1,-1
393,32,953.76,28.50,57.99,172.50,0.3862,-1,-1,-1
393,34,573.05,1018.12,85.11,61.93,0.4238,-1,-1,-1
393,38,1010.10,41.34,55.29,161.36,0.3197,-1,-1,-1
393,27,850.63,510.42,71.72,222.63,0.5589,-1,-1,-1
393,44,1131.88,467.19,73.26,201.30,0.5165,-1,-1,-1
393,19,445.60,280.15,78.52,211.63,0.6620,-1,-1,-1
393,45,923.96,529.83,73.21,210.24,0.6582,-1,-1,-1
393,25,432.32,576.48,74.30,230.64,0.8171,-1,-1,-1
393,47,1771.03,109.29,62.09,162.41,0.3668,-1,-1,-1
393,49,791.72,153.22,58.03,167.96,0.3824,-1,-1,-1
393,1,458.19,71.98,75.39,187.00,0.3361,-1,-1,-1
394,3,981.24,906.39,83.93,171.72,0.6815,-1,-1,-1
394,4,1720.76,456.32,71.56,210.61,0.5811,-1,-1,-1
394,8,318.93,560.76,93.72,247.96,0.7911,-1,-1,-1
394,32,954.53,29.45,57.30,171.73,0.3830,-1,-1,-1
394,34,574.49,1018.52,86.47,61.49,0.4425,-1,-1,-1
394,38,1008.78,40.71,56.90,163.29,0.3463,-1,-1,-1
394,27,850.96,511.87,71.93,227.83,0.5168,-1,-1,-1
394,44,1137.88,467.48,70.10,201.70,0.5342,-1,-1,-1
394,19,447.70,277.75,76.12,212.09,0.6724,-1,-1,-1
394,45,926.03,526.44,71.48,212.66,0.6616,-1,-1,-1
394,25,431.86,579.18,72.74,230.49,0.8000,-1,-1,-1
394,47,1769.27,111.55,64.64,161.82,0.3447,-1,-1,-1
394,49,791.33,151.76,60.06,169.08,0.3716,-1,-1,-1
394,1,459.48,71.44,75.02,187.12,0.3026,-1,-1,-1
395,3,981.70,906.67,84.20,171.35,0.6671,-1,-1,-1
395,4,1720.73,456.11,71.30,211.39,0.5830,-1,-1,-1
395,8,318.05,561.14,92.48,248.79,0.7875,-1,-1,-1
395,32,954.40,28.54,56.58,172.63,0.4052,-1,-1,-1
395,34,575.67,1019.91,86.99,60.06,0.4024,-1,-1,-1
395,38,1008.10,39.99,58.24,164.77,0.3475,-1,-1,-1
395,27,852.50,515.07,71.42,223.18,0.5649,-1,-1,-1
395,44,1140.86,468.85,70.34,200.98,0.4431,-1,-1,-1
395,19,449.48,275.76,74.25,210.55,0.6572,-1,-1,-1
395,45,927.19,525.94,72.41,212.41,0.6760,-1,-1,-1
395,25,431.42,582.52,71.38,231.54,0.7920,-1,-1,-1
395,47,1769.79,112.43,63.11,162.15,0.3434,-1,-1,-1
395,49,790.33,150.94,62.19,169.87,0.3984,-1,-1,-1
395,1,460.01,71.76,75.02,186.04,0.2660,-1,-1,-1
396,3,981.47,907.46,84.65,170.67,0.6858,-1,-1,-1
396,4,1720.75,457.21,71.56,209.74,0.6232,-1,-1,-1
396,8,316.88,562.37,89.40,248.94,0.7875,-1,-1,-1
396,32,953.57,28.71,57.17,172.00,0.4373,-1,-1,-1
396,34,577.68,1023.45,85.58,56.57,0.2676,-1,-1,-1
396,38,1008.24,39.62,58.27,164.01,0.3832,-1,-1,-1
396,27,854.13,517.61,70.82,225.03,0.6069,-1,-1,-1
396,44,1145.85,469.14,69.29,199.87,0.4849,-1,-1,-1
396,19,450.63,274.10,72.48,207.34,0.6752,-1,-1,-1
396,45,928.40,526.44,72.10,212.33,0.6931,-1,-1,-1
396,25,430.56,585.15,71.14,231.22,0.7760,-1,-1,-1
396,47,1769.86,112.05,61.84,162.92,0.3207,-1,-1,-1
396,49,789.42,150.44,63.47,170.92,0.4023,-1,-1,-1
396,1,460.68,71.06,74.28,186.47,0.2650,-1,-1,-1
397,3,981.25,908.13,85.03,170.36,0.7022,-1,-1,-1
397,4,1720.55,457.66,72.30,209.38,0.6301,-1,-1,-1
397,8,315.78,562.73,87.12,249.46,0.7930,-1,-1,-1
397,32,953.09,28.69,56.97,170.72,0.4219,-1,-1,-1
397,34,582.21,1027.44,76.94,52.65,0.2143,-1,-1,-1
397,38,1007.61,39.55,59.52,165.56,0.3287,-1,-1,-1
397,27,853.66,519.69,72.77,212.56,0.6179,-1,-1,-1
397,44,1148.58,471.50,70.10,197.87,0.4756,-1,-1,-1
397,19,451.87,272.18,70.97,203.47,0.6855,-1,-1,-1
397,45,929.10,527.87,72.40,210.21,0.6868,-1,-1,-1
397,25,429.93,587.52,70.17,231.44,0.7713,-1,-1,-1
397,47,1769.73,113.89,60.75,161.05,0.3345,-1,-1,-1
397,49,789.14,150.29,63.69,171.00,0.4060,-1,-1,-1
397,1,461.49,70.90,74.45,186.60,0.2909,-1,-1,-1
398,3,982.03,908.20,83.35,170.32,0.7214,-1,-1,-1
398,4,1720.31,458.54,72.54,208.54,0.5912,-1,-1,-1
398,8,314.00,563.25,85.80,248.99,0.7893,-1,-1,-1
398,32,953.61,29.15,56.23,169.70,0.4315,-1,-1,-1
398,34,592.05,1031.79,61.58,48.19,0.2213,-1,-1,-1
398,38,1006.80,40.94,59.30,160.93,0.3555,-1,-1,-1
398,27,855.57,519.88,72.01,221.31,0.6068,-1,-1,-1
398,44,1151.60,470.30,72.82,199.58,0.5295,-1,-1,-1
398,19,451.73,270.32,71.94,201.18,0.6636,-1,-1,-1
398,45,931.31,530.27,69.67,207.38,0.6510,-1,-1,-1
398,25,429.63,589.07,67.35,234.92,0.7511,-1,-1,-1
398,47,1770.62,114.15,58.19,161.11,0.2885,-1,-1,-1
398,49,789.01,150.30,63.69,170.63,0.4148,-1,-1,-1
398,1,462.19,70.76,76.13,186.05,0.3604,-1,-1,-1
399,3,983.14,908.54,82.13,170.97,0.7311,-1,-1,-1
399,4,1720.56,458.58,72.30,208.26,0.5767,-1,-1,-1
399,8,312.66,563.76,85.10,247.42,0.7838,-1,-1,-1
399,32,953.13,29.04,55.67,168.21,0.4412,-1,-1,-1
399,34,597.91,1036.83,48.56,43.19,0.2255,-1,-1,-1
399,38,1007.37,40.69,57.96,158.77,0.3579,-1,-1,-1
399,27,856.19,520.63,72.42,222.15,0.6084,-1,-1,-1
399,44,1154.89,468.17,74.58,204.15,0.5756,-1,-1,-1
399,19,452.53,267.45,72.57,202.15,0.6445,-1,-1,-1
399,45,932.87,531.53,69.55,206.48,0.6660,-1,-1,-1
399,25,429.05,591.08,66.75,236.37,0.7535,-1,-1,-1
399,47,1770.85,113.95,57.22,161.28,0.2714,-1,-1,-1
399,49,789.06,150.14,63.27,170.10,0.4054,-1,-1,-1
399,1,463.31,70.80,76.44,186.59,0.3728,-1,-1,-1
400,3,984.08,909.27,81.08,170.31,0.7246,-1,-1,-1
400,4,1720.53,457.98,72.18,208.34,0.5436,-1,-1,-1
400,8,311.92,565.14,84.27,244.22,0.7863,-1,-1,-1
400,32,951.96,27.45,56.34,168.58,0.4438,-1,-1,-1
400,38,1006.93,40.41,58.56,158.58,0.3670,-1,-1,-1
400,27,856.98,521.51,72.46,223.76,0.6055,-1,-1,-1
400,44,1158.05,469.98,73.72,205.37,0.5751,-1,-1,-1
400,19,452.41,266.26,73.37,202.84,0.6444,-1,-1,-1
400,45,931.69,533.16,71.25,206.35,0.6484,-1,-1,-1
400,25,428.44,592.68,65.95,237.07,0.7664,-1,-1,-1
400,47,1770.11,113.15,57.61,162.95,0.2695,-1,-1,-1
400,49,788.51,149.94,64.36,170.56,0.4445,-1,-1,-1
400,1,465.15,70.83,75.01,187.74,0.4270,-1,-1,-1
401,3,984.05,910.56,79.42,168.96,0.7077,-1,-1,-1
401,4,1721.02,456.82,70.95,209.84,0.5082,-1,-1,-1
401,8,310.20,566.61,85.05,240.35,0.7850,-1,-1,-1
401,32,951.21,25.14,56.92,169.39,0.4787,-1,-1,-1
401,38,1006.50,39.56,58.90,159.61,0.4224,-1,-1,-1
401,27,857.09,521.41,73.19,227.04,0.6110,-1,-1,-1
401,44,1162.88,471.21,72.53,206.89,0.6032,-1,-1,-1
401,19,451.75,265.62,74.86,202.87,0.6432,-1,-1,-1
401,45,934.31,534.89,69.78,206.37,0.6574,-1,-1,-1
401,25,427.84,593.89,66.35,237.36,0.7536,-1,-1,-1
401,47,1769.63,112.07,58.07,164.63,0.2438,-1,-1,-1
401,49,788.64,150.39,64.11,169.91,0.4213,-1,-1,-1
401,1,465.84,70.77,74.68,187.79,0.4777,-1,-1,-1
402,3,984.98,912.01,77.46,167.73,0.7041,-1,-1,-1
402,4,1721.09,455.95,71.33,210.91,0.5201,-1,-1,-1
402,8,308.48,568.32,86.48,240.60,0.7815,-1,-1,-1
402,32,950.30,22.42,57.83,170.19,0.4370,-1,-1,-1
402,38,1005.90,38.80,58.50,159.56,0.4423,-1,-1,-1
402,27,856.64,522.33,74.29,227.84,0.6058,-1,-1,-1
402,44,1165.84,474.38,75.01,202.08,0.5433,-1,-1,-1
402,19,452.06,264.85,75.48,203.99,0.6368,-1,-1,-1
402,45,934.77,536.18,70.85,208.40,0.6376,-1,-1,-1
402,25,427.61,595.03,65.69,236.84,0.7496,-1,-1,-1
402,47,1768.48,113.13,62.13,166.75,0.2955,-1,-1,-1
402,49,788.89,150.51,64.23,169.78,0.4295,-1,-1,-1
402,1,466.55,70.70,74.00,188.71,0.4641,-1,-1,-1
403,3,985.13,913.46,76.02,165.95,0.7161,-1,-1,-1
403,4,1721.50,458.47,71.39,208.83,0.5068,-1,-1,-1
403,8,307.44,570.85,85.63,243.51,0.7803,-1,-1,-1
403,32,950.34,21.70,57.03,165.37,0.4124,-1,-1,-1
403,38,1005.25,38.57,58.76,158.88,0.4417,-1,-1,-1
403,27,856.93,523.07,75.16,227.63,0.6415,-1,-1,-1
403,44,1169.66,478.32,75.40,199.22,0.3751,-1,-1,-1
403,19,452.41,264.61,75.86,204.55,0.6439,-1,-1,-1
403,45,934.10,537.95,72.21,207.31,0.6351,-1,-1,-1
403,25,426.72,596.34,65.12,236.36,0.7420,-1,-1,-1
403,47,1768.35,112.32,65.89,170.37,0.2886,-1,-1,-1
403,49,790.10,150.62,63.53,169.85,0.4411,-1,-1,-1
403,1,466.42,70.91,73.32,189.18,0.4481,-1,-1,-1
404,3,985.49,915.40,74.53,164.00,0.6959,-1,-1,-1
404,4,1721.40,459.67,70.99,207.50,0.4495,-1,-1,-1
404,8,306.76,573.78,84.72,245.63,0.7799,-1,-1,-1
404,32,950.41,20.72,55.68,163.91,0.3861,-1,-1,-1
404,38,1003.77,37.61,59.63,157.94,0.4408,-1,-1,-1
404,27,857.13,523.35,75.65,227.20,0.6506,-1,-1,-1
404,44,1171.98,481.90,77.79,199.69,0.4733,-1,-1,-1
404,19,453.14,263.81,75.16,206.22,0.6609,-1,-1,-1
404,45,933.41,539.81,72.58,211.15,0.6119,-1,-1,-1
404,25,425.50,597.21,65.88,235.56,0.7299,-1,-1,-1
404,47,1768.40,96.74,69.68,187.90,0.2744,-1,-1,-1
404,49,790.97,150.48,62.61,169.75,0.4132,-1,-1,-1
404,1,466.95,70.88,72.05,188.39,0.4280,-1,-1,-1
405,3,985.37,917.62,73.63,161.60,0.6974,-1,-1,-1
405,4,1721.56,457.53,72.54,208.73,0.4621,-1,-1,-1
405,8,305.96,575.53,83.34,248.23,0.7703,-1,-1,-1
405,32,950.51,20.11,53.96,160.76,0.3813,-1,-1,-1
405,38,1002.77,37.03,59.72,156.34,0.4035,-1,-1,-1
405,27,858.20,524.00,77.56,227.46,0.6712,-1,-1,-1
405,44,1173.45,483.78,80.08,200.76,0.5425,-1,-1,-1
405,19,453.17,263.39,75.39,206.13,0.6715,-1,-1,-1
405,45,935.09,541.21,71.17,213.29,0.6423,-1,-1,-1
405,25,423.04,598.44,67.50,234.53,0.7476,-1,-1,-1
405,47,1768.49,102.78,68.70,183.70,0.2390,-1,-1,-1
405,49,790.60,149.97,63.09,170.15,0.4119,-1,-1,-1
405,1,467.08,70.74,71.53,187.81,0.4072,-1,-1,-1
406,3,984.35,918.82,74.84,160.43,0.7103,-1,-1,-1
406,4,1721.81,457.17,73.60,209.10,0.4898,-1,-1,-1
406,8,305.44,577.64,82.48,249.45,0.7537,-1,-1,-1
406,32,951.12,19.21,52.90,160.18,0.3905,-1,-1,-1
406,38,1002.25,36.47,58.83,155.83,0.3741,-1,-1,-1
406,27,859.32,525.85,78.29,227.30,0.6863,-1,-1,-1
406,44,1177.31,485.87,80.27,203.06,0.4504,-1,-1,-1
406,19,452.74,262.94,77.12,204.60,0.6597,-1,-1,-1
406,45,933.41,543.75,73.89,213.79,0.6615,-1,-1,-1
406,25,420.72,600.23,68.44,232.63,0.7347,-1,-1,-1
406,47,1770.10,113.98,68.82,174.93,0.2777,-1,-1,-1
406,49,791.21,150.85,59.75,169.82,0.4453,-1,-1,-1
406,1,467.01,70.46,71.33,187.13,0.3901,-1,-1,-1
406,50,1612.28,606.44,72.34,251.17,0.4264,-1,-1,-1
407,3,983.34,920.38,75.14,158.57,0.6981,-1,-1,-1
407,4,1721.84,458.47,74.35,207.59,0.4469,-1,-1,-1
407,8,304.91,579.90,81.63,248.81,0.7589,-1,-1,-1
407,32,950.01,18.21,53.86,160.42,0.3665,-1,-1,-1
407,38,1002.03,35.59,58.72,156.05,0.4417,-1,-1,-1
407,27,858.15,526.46,79.61,233.97,0.6437,-1,-1,-1
407,44,1181.39,487.07,78.78,202.59,0.3584,-1,-1,-1
407,19,453.45,262.65,76.77,203.98,0.6780,-1,-1,-1
407,45,933.52,545.72,72.95,216.19,0.6853,-1,-1,-1
407,25,418.62,600.73,67.37,231.80,0.7571,-1,-1,-1
407,47,1771.45,114.44,73.58,177.62,0.1858,-1,-1,-1
407,49,790.21,150.01,61.69,170.38,0.4510,-1,-1,-1
407,1,467.55,69.80,71.13,186.05,0.3871,-1,-1,-1
407,50,1612.00,605.20,73.27,250.94,0.2988,-1,-1,-1
408,3,982.36,922.45,75.50,155.61,0.7116,-1,-1,-1
408,4,1721.51,456.28,73.25,210.82,0.4582,-1,-1,-1
408,8,303.49,582.78,81.53,249.93,0.7557,-1,-1,-1
408,32,949.67,19.47,54.17,160.31,0.3598,-1,-1,-1
408,38,1002.58,35.80,57.66,155.59,0.4346,-1,-1,-1
408,27,859.08,527.31,78.90,237.86,0.6623,-1,-1,-1
408,44,1186.62,487.15,75.79,204.47,0.4291,-1,-1,-1
408,19,453.97,261.30,76.61,204.93,0.6792,-1,-1,-1
408,45,932.00,547.41,74.02,215.05,0.6936,-1,-1,-1
408,25,417.16,603.48,69.33,230.85,0.7636,-1,-1,-1
408,47,1771.30,106.93,78.25,186.04,0.1557,-1,-1,-1
408,49,789.68,149.91,62.26,170.37,0.4599,-1,-1,-1
408,1,467.75,69.62,70.66,185.48,0.3255,-1,-1,-1
408,50,1613.30,615.63,69.35,240.84,0.2542,-1,-1,-1
409,3,981.61,924.00,76.17,153.91,0.6881,-1,-1,-1
409,4,1721.63,454.00,72.41,212.84,0.5249,-1,-1,-1
409,8,302.04,585.14,81.23,250.26,0.7667,-1,-1,-1
409,32,950.83,19.11,52.76,160.78,0.3860,-1,-1,-1
409,38,1003.05,35.60,57.27,156.10,0.4254,-1,-1,-1
409,27,859.93,529.83,78.98,240.19,0.6322,-1,-1,-1
409,44,1195.32,487.58,70.67,204.20,0.4698,-1,-1,-1
409,19,455.99,260.07,74.92,203.44,0.6621,-1,-1,-1
409,45,932.79,548.90,73.30,213.31,0.6870,-1,-1,-1
409,25,415.59,607.45,70.01,231.14,0.7629,-1,-1,-1
409,47,1771.59,107.33,77.66,186.72,0.1693,-1,-1,-1
409,49,789.62,149.83,63.11,170.35,0.4266,-1,-1,-1
409,1,467.49,69.41,70.62,183.66,0.3413,-1,-1,-1
409,50,1603.48,620.77,78.97,233.89,0.2589,-1,-1,-1
410,3,981.25,925.23,76.20,152.60,0.6906,-1,-1,-1
410,4,1722.01,450.93,71.86,216.17,0.5461,-1,-1,-1
410,8,298.70,586.58,83.64,251.30,0.7945,-1,-1,-1
410,32,949.65,19.20,54.08,161.38,0.4011,-1,-1,-1
410,38,1003.12,35.57,57.10,156.28,0.4377,-1,-1,-1
410,27,860.37,532.35,76.98,242.81,0.6341,-1,-1,-1
410,44,1204.77,488.42,63.91,202.97,0.4730,-1,-1,-1
410,19,457.63,259.27,73.42,200.50,0.6667,-1,-1,-1
410,45,933.96,550.71,71.82,212.52,0.7032,-1,-1,-1
410,25,414.13,609.75,69.67,233.55,0.7295,-1,-1,-1
410,47,1771.24,89.76,77.49,205.08,0.2359,-1,-1,-1
410,49,789.79,149.95,63.42,170.10,0.4285,-1,-1,-1
410,1,466.18,67.27,71.73,186.91,0.3190,-1,-1,-1
410,50,1584.49,620.98,97.79,233.90,0.3295,-1,-1,-1
410,2,702.24,557.40,90.65,237.24,0.3417,-1,-1,-1
411,3,979.81,925.80,77.97,151.73,0.6895,-1,-1,-1
411,4,1721.89,449.36,72.03,218.61,0.5377,-1,-1,-1
411,8,297.14,587.88,83.19,250.13,0.7970,-1,-1,-1
411,32,949.71,18.49,53.24,161.46,0.3550,-1,-1,-1
411,38,1002.83,34.82,56.30,156.16,0.4038,-1,-1,-1
411,27,862.13,535.08,73.97,243.77,0.6578,-1,-1,-1
411,44,1209.17,487.50,63.94,204.99,0.4238,-1,-1,-1
411,19,457.99,257.49,72.67,197.63,0.6786,-1,-1,-1
411,45,934.24,551.59,70.94,211.22,0.6876,-1,-1,-1
411,25,412.30,612.42,69.39,233.84,0.7072,-1,-1,-1
411,47,1772.08,101.36,69.82,192.63,0.2369,-1,-1,-1
411,49,788.85,149.95,64.23,169.98,0.4347,-1,-1,-1
411,1,463.77,67.92,71.81,188.75,0.2617,-1,-1,-1
411,50,1577.68,620.43,104.09,234.74,0.3717,-1,-1,-1
411,2,703.94,558.72,91.78,236.62,0.3316,-1,-1,-1
412,3,978.71,925.88,80.31,152.02,0.7054,-1,-1,-1
412,4,1721.98,448.39,72.03,219.56,0.5731,-1,-1,-1
412,8,295.62,588.44,82.41,249.37,0.7994,-1,-1,-1
412,32,950.54,18.87,53.74,164.03,0.3702,-1,-1,-1
412,38,1002.90,34.72,55.65,157.55,0.4114,-1,-1,-1
412,27,862.76,537.84,73.38,238.36,0.6554,-1,-1,-1
412,44,1212.27,487.00,64.31,205.68,0.5110,-1,-1,-1
412,19,457.19,254.60,73.25,197.52,0.6563,-1,-1,-1
412,45,936.08,552.99,68.97,210.00,0.6721,-1,-1,-1
412,25,407.87,614.31,71.37,235.53,0.7283,-1,-1,-1
412,47,1772.96,107.82,66.86,185.90,0.2063,-1,-1,-1
412,49,789.56,150.89,61.54,169.14,0.4162,-1,-1,-1
412,1,464.89,66.43,71.35,191.11,0.2687,-1,-1,-1
412,50,1574.67,619.11,106.01,236.04,0.3906,-1,-1,-1
412,2,705.49,558.91,94.63,237.99,0.3805,-1,-1,-1
413,3,977.60,926.91,82.20,150.68,0.6954,-1,-1,-1
413,4,1722.56,450.25,71.82,217.94,0.5495,-1,-1,-1
413,8,292.92,589.87,83.73,247.73,0.7894,-1,-1,-1
413,32,949.47,18.72,55.37,166.02,0.3722,-1,-1,-1
413,38,1002.88,34.69,54.93,156.99,0.4344,-1,-1,-1
413,27,863.93,539.62,72.04,239.68,0.6424,-1,-1,-1
413,44,1216.63,493.22,62.88,199.98,0.5866,-1,-1,-1
413,19,456.39,251.89,73.68,198.40,0.6538,-1,-1,-1
413,45,937.91,553.48,67.93,209.60,0.6480,-1,-1,-1
413,25,406.35,616.40,71.39,235.37,0.7389,-1,-1,-1
413,47,1773.32,113.94,62.26,180.28,0.2435,-1,-1,-1
413,49,788.71,150.90,61.78,169.59,0.4324,-1,-1,-1
413,1,465.55,65.99,70.11,190.55,0.2921,-1,-1,-1
413,50,1574.33,616.69,106.42,237.85,0.4377,-1,-1,-1
413,2,706.18,558.93,95.44,238.84,0.4021,-1,-1,-1
414,3,976.88,927.40,83.93,150.10,0.7040,-1,-1,-1
414,4,1722.14,455.93,71.60,212.44,0.4780,-1,-1,-1
414,8,291.51,590.47,84.16,247.34,0.7820,-1,-1,-1
414,32,949.35,16.72,54.21,166.09,0.3824,-1,-1,-1
414,38,1002.81,34.68,54.88,156.31,0.4126,-1,-1,-1
414,27,865.19,540.78,70.49,242.47,0.6481,-1,-1,-1
414,44,1220.99,488.41,65.54,204.77,0.5254,-1,-1,-1
414,19,454.26,249.48,75.24,200.41,0.6629,-1,-1,-1
414,45,933.25,555.69,74.09,206.55,0.6700,-1,-1,-1
414,25,405.66,618.40,71.09,236.16,0.7248,-1,-1,-1
414,47,1773.93,112.63,59.83,181.68,0.1781,-1,-1,-1
414,49,788.11,150.22,64.15,169.70,0.4166,-1,-1,-1
414,1,465.71,64.97,69.94,191.24,0.2428,-1,-1,-1
414,50,1573.52,614.37,110.73,242.11,0.5768,-1,-1,-1
414,2,706.86,559.37,95.95,238.89,0.4068,-1,-1,-1
415,3,976.85,928.54,86.03,148.93,0.7249,-1,-1,-1
415,4,1722.31,452.94,72.40,215.09,0.4946,-1,-1,-1
415,8,290.24,592.03,84.44,245.82,0.7816,-1,-1,-1
415,32,950.28,14.33,52.50,167.49,0.3409,-1,-1,-1
415,38,1002.83,34.38,55.02,156.22,0.4046,-1,-1,-1
415,27,866.17,542.29,69.75,243.85,0.6306,-1,-1,-1
415,44,1222.75,492.93,69.52,202.41,0.5825,-1,-1,-1
415,19,451.88,248.97,77.85,199.32,0.6195,-1,-1,-1
415,45,932.87,557.22,76.63,205.68,0.6420,-1,-1,-1
415,25,403.84,620.06,71.06,237.68,0.7211,-1,-1,-1
415,47,1773.86,116.85,54.97,177.66,0.1654,-1,-1,-1
415,49,787.61,150.19,65.76,169.55,0.3851,-1,-1,-1
415,1,464.88,65.65,70.65,192.33,0.2591,-1,-1,-1
415,50,1571.99,614.88,112.75,241.55,0.5361,-1,-1,-1
415,2,707.73,559.64,95.15,239.90,0.3909,-1,-1,-1
415,52,1658.18,63.00,73.05,173.77,0.3689,-1,-1,-1
416,3,976.09,928.93,87.78,148.51,0.7303,-1,-1,-1
416,4,1721.68,452.52,73.65,215.20,0.4781,-1,-1,-1
416,8,290.09,593.03,83.89,243.36,0.7907,-1,-1,-1
416,32,950.72,13.77,51.13,167.63,0.2932,-1,-1,-1
416,38,1003.00,33.76,55.07,157.23,0.4390,-1,-1,-1
416,27,866.64,543.27,69.07,243.38,0.6034,-1,-1,-1
416,44,1226.47,489.91,75.71,206.59,0.4214,-1,-1,-1
416,19,449.72,248.60,79.87,198.94,0.6010,-1,-1,-1
416,45,933.61,558.69,76.74,206.32,0.6430,-1,-1,-1
416,25,401.64,621.24,72.08,238.14,0.7395,-1,-1,-1
416,49,788.32,150.48,63.02,170.08,0.3915,-1,-1,-1
416,1,461.35,65.45,73.06,193.98,0.3086,-1,-1,-1
416,50,1572.54,614.11,111.99,242.82,0.5601,-1,-1,-1
416,2,708.88,559.74,94.26,239.91,0.3873,-1,-1,-1
416,52,1658.93,64.26,71.83,176.32,0.4686,-1,-1,-1
417,3,975.98,929.92,88.72,147.40,0.7107,-1,-1,-1
417,4,1721.36,454.31,72.79,213.56,0.4830,-1,-1,-1
417,8,289.24,595.55,84.88,241.03,0.7693,-1,-1,-1
417,32,950.08,12.80,51.86,169.05,0.3028,-1,-1,-1
417,38,1002.95,33.57,55.02,157.49,0.4515,-1,-1,-1
417,27,867.14,544.45,67.11,232.38,0.5605,-1,-1,-1
417,44,1229.65,490.86,82.20,207.90,0.5257,-1,-1,-1
417,19,447.40,249.43,81.80,197.95,0.5980,-1,-1,-1
417,45,934.14,560.83,77.35,204.53,0.6163,-1,-1,-1
417,25,399.00,623.61,73.26,235.57,0.7413,-1,-1,-1
417,49,786.67,150.07,65.95,170.19,0.3537,-1,-1,-1
417,1,461.18,64.72,73.54,195.05,0.3052,-1,-1,-1
417,50,1571.84,611.41,111.08,245.50,0.5615,-1,-1,-1
417,2,713.06,559.07,89.48,239.40,0.3778,-1,-1,-1
417,52,1659.58,66.08,72.40,174.46,0.3269,-1,-1,-1
418,3,975.17,930.60,90.58,147.02,0.7074,-1,-1,-1
418,4,1720.69,453.82,73.37,214.44,0.4690,-1,-1,-1
418,8,288.40,597.32,85.51,241.48,0.7827,-1,-1,-1
418,32,948.96,11.75,52.86,169.40,0.3284,-1,-1,-1
418,38,1003.56,32.94,54.50,156.72,0.4391,-1,-1,-1
418,27,867.31,545.88,67.40,221.20,0.5149,-1,-1,-1
418,44,1230.67,491.01,89.46,210.76,0.5416,-1,-1,-1
418,19,445.78,249.36,83.28,198.37,0.5497,-1,-1,-1
418,45,935.95,562.38,76.50,205.00,0.6010,-1,-1,-1
418,25,396.09,624.09,73.88,235.61,0.7810,-1,-1,-1
418,49,787.08,149.62,66.02,170.51,0.3385,-1,-1,-1
418,1,459.13,64.64,73.26,194.98,0.2188,-1,-1,-1
418,50,1572.59,613.68,107.79,242.85,0.5849,-1,-1,-1
418,2,717.63,558.40,83.64,239.53,0.3823,-1,-1,-1
418,52,1660.74,67.18,72.70,174.02,0.4223,-1,-1,-1
419,3,974.19,931.30,92.60,146.26,0.7164,-1,-1,-1
419,4,1720.66,449.62,73.40,218.49,0.5305,-1,-1,-1
419,8,287.61,599.24,86.28,244.33,0.7873,-1,-1,-1
419,32,948.56,9.29,54.48,172.95,0.3673,-1,-1,-1
419,38,1004.11,32.12,54.42,157.07,0.4796,-1,-1,-1
419,27,867.70,546.71,67.84,215.64,0.5412,-1,-1,-1
419,44,1231.53,492.78,92.12,211.47,0.4787,-1,-1,-1
419,19,445.66,249.10,83.51,198.95,0.5466,-1,-1,-1
419,45,941.26,564.00,71.91,211.20,0.5486,-1,-1,-1
419,25,393.95,624.01,73.67,236.14,0.7939,-1,-1,-1
419,49,788.30,149.56,65.33,170.43,0.3509,-1,-1,-1
419,1,459.74,64.07,74.05,195.80,0.2224,-1,-1,-1
419,50,1572.60,614.86,107.76,241.53,0.5873,-1,-1,-1
419,2,723.07,558.41,76.00,238.48,0.4191,-1,-1,-1
419,52,1662.08,65.45,72.14,177.72,0.3886,-1,-1,-1
420,3,973.99,931.41,94.51,146.39,0.7010,-1,-1,-1
420,4,1721.64,449.55,73.38,216.86,0.4990,-1,-1,-1
420,8,287.12,601.00,86.47,247.82,0.7782,-1,-1,-1
420,32,949.14,9.16,53.16,171.56,0.3838,-1,-1,-1
420,38,1004.79,30.88,54.09,157.93,0.4893,-1,-1,-1
420,27,867.91,546.03,69.08,217.22,0.5591,-1,-1,-1
420,44,1232.36,491.66,91.55,215.77,0.4168,-1,-1,-1
420,19,446.69,248.79,82.64,198.62,0.5255,-1,-1,-1
420,45,943.56,567.09,70.83,211.10,0.5340,-1,-1,-1
420,25,392.16,624.73,74.58,235.82,0.7863,-1,-1,-1
420,49,788.88,149.11,65.42,170.49,0.3416,-1,-1,-1
420,1,460.41,62.84,72.97,196.77,0.2210,-1,-1,-1
420,50,1573.37,615.03,104.91,240.77,0.5887,-1,-1,-1
420,2,726.14,558.55,73.04,239.70,0.4165,-1,-1,-1
420,52,1660.62,66.70,72.04,173.05,0.2452,-1,-1,-1
421,3,974.14,932.00,94.32,146.06,0.7085,-1,-1,-1
421,4,1721.84,454.17,74.09,214.00,0.4893,-1,-1,-1
421,8,286.06,602.79,87.88,252.22,0.7641,-1,-1,-1
421,32,949.49,8.51,53.96,171.25,0.3884,-1,-1,-1
421,38,1005.42,29.19,53.91,158.41,0.5088,-1,-1,-1
421,27,867.69,546.88,70.82,218.72,0.5200,-1,-1,-1
421,44,1233.97,497.14,93.08,212.42,0.3862,-1,-1,-1
421,19,445.58,247.16,83.89,199.33,0.5855,-1,-1,-1
421,45,945.32,570.80,70.72,212.14,0.4534,-1,-1,-1
421,25,390.74,625.25,74.98,235.56,0.7875,-1,-1,-1
421,49,791.53,149.59,60.40,171.29,0.3682,-1,-1,-1
421,1,459.46,62.28,73.81,195.60,0.1974,-1,-1,-1
421,50,1573.51,622.02,102.06,233.64,0.5485,-1,-1,-1
421,2,729.18,558.88,69.96,238.69,0.4808,-1,-1,-1
421,52,1661.72,67.37,68.15,170.90,0.2349,-1,-1,-1
422,3,974.67,931.73,93.82,146.41,0.7210,-1,-1,-1
422,4,1721.06,458.17,73.62,208.54,0.5261,-1,-1,-1
422,8,284.72,604.67,91.24,256.64,0.7470,-1,-1,-1
422,32,949.02,7.90,53.51,165.91,0.3747,-1,-1,-1
422,38,1005.85,27.82,53.68,156.62,0.4731,-1,-1,-1
422,27,868.67,548.83,71.54,223.62,0.4379,-1,-1,-1
422,44,1239.21,500.96,90.53,208.72,0.3871,-1,-1,-1
422,19,446.71,245.36,81.15,200.90,0.6082,-1,-1,-1
422,45,947.43,574.33,68.37,210.02,0.5531,-1,-1,-1
422,25,390.02,627.11,75.53,233.40,0.7814,-1,-1,-1
422,49,792.20,149.24,58.75,171.50,0.3526,-1,-1,-1
422,1,458.46,61.38,74.61,195.08,0.1639,-1,-1,-1
422,50,1573.10,624.74,100.98,230.93,0.4853,-1,-1,-1
422,2,731.54,560.85,68.34,232.03,0.5278,-1,-1,-1
422,52,1663.25,67.71,66.23,170.03,0.2948,-1,-1,-1
422,47,1759.87,102.45,75.24,197.70,0.3658,-1,-1,-1
423,3,975.49,931.28,93.57,146.57,0.6958,-1,-1,-1
423,4,1720.99,458.81,73.63,207.70,0.5458,-1,-1,-1
423,8,284.52,607.01,92.59,257.71,0.7405,-1,-1,-1
423,32,948.10,7.11,54.48,163.62,0.3814,-1,-1,-1
423,38,1006.56,25.83,53.17,155.86,0.4418,-1,-1,-1
423,27,867.67,549.53,71.88,171.97,0.3624,-1,-1,-1
423,44,1247.56,505.05,85.82,204.57,0.2952,-1,-1,-1
423,19,447.30,243.18,79.20,201.42,0.5941,-1,-1,-1
423,45,947.78,576.32,68.54,209.47,0.5579,-1,-1,-1
423,25,388.84,629.42,76.06,233.15,0.7808,-1,-1,-1
423,49,792.36,148.99,58.32,172.06,0.3342,-1,-1,-1
423,50,1573.78,625.21,99.29,230.28,0.4357,-1,-1,-1
423,2,735.27,560.81,67.01,229.19,0.6165,-1,-1,-1
423,52,1665.94,71.42,64.32,168.77,0.2851,-1,-1,-1
423,47,1759.88,102.39,71.58,198.30,0.3407,-1,-1,-1
424,3,976.29,931.76,92.79,146.05,0.7093,-1,-1,-1
424,4,1720.91,460.72,73.68,206.17,0.5562,-1,-1,-1
424,8,284.23,609.44,92.11,257.40,0.7514,-1,-1,-1
424,32,946.24,6.49,56.09,164.33,0.4192,-1,-1,-1
424,38,1007.07,24.02,52.82,156.65,0.4637,-1,-1,-1
424,27,868.08,551.01,72.80,208.08,0.3868,-1,-1,-1
424,44,1253.78,505.02,83.83,206.73,0.2831,-1,-1,-1
424,19,447.51,242.58,77.35,201.69,0.5972,-1,-1,-1
424,45,948.08,578.06,70.09,209.23,0.5913,-1,-1,-1
424,25,386.10,631.82,80.51,235.40,0.7808,-1,-1,-1
424,49,793.03,149.42,57.22,171.43,0.3702,-1,-1,-1
424,50,1577.38,633.32,92.85,221.81,0.4270,-1,-1,-1
424,2,737.15,560.39,70.68,230.49,0.6618,-1,-1,-1
424,52,1667.92,72.67,62.63,170.27,0.3064,-1,-1,-1
424,47,1760.44,119.22,61.04,181.32,0.3074,-1,-1,-1
425,3,977.78,931.91,92.14,146.13,0.6975,-1,-1,-1
425,4,1720.55,460.46,74.10,207.01,0.5447,-1,-1,-1
425,8,283.57,611.42,93.25,258.70,0.7281,-1,-1,-1
425,32,943.82,5.47,58.60,164.15,0.3898,-1,-1,-1
425,38,1007.40,23.01,52.59,157.35,0.4301,-1,-1,-1
425,27,868.04,552.07,73.00,168.58,0.3482,-1,-1,-1
425,44,1259.54,502.94,82.43,208.70,0.2000,-1,-1,-1
425,19,447.47,239.98,76.37,202.25,0.6361,-1,-1,-1
425,45,947.76,577.20,73.54,208.37,0.5781,-1,-1,-1
425,25,384.51,633.57,81.87,237.39,0.7597,-1,-1,-1
425,49,793.70,149.91,56.28,170.42,0.3775,-1,-1,-1
425,50,1576.95,635.25,91.28,220.76,0.4290,-1,-1,-1
425,2,739.15,559.69,74.68,235.01,0.6251,-1,-1,-1
425,52,1668.90,74.12,62.59,171.09,0.2808,-1,-1,-1
425,47,1760.85,126.27,55.44,175.34,0.3283,-1,-1,-1
426,3,979.20,931.90,92.01,146.51,0.7120,-1,-1,-1
426,4,1720.76,460.16,75.25,207.33,0.5635,-1,-1,-1
426,8,283.45,613.56,92.55,259.01,0.7227,-1,-1,-1
426,32,942.69,4.81,59.86,165.12,0.4245,-1,-1,-1
426,38,1007.89,22.13,52.64,158.26,0.4387,-1,-1,-1
426,27,868.68,555.17,74.50,205.52,0.4857,-1,-1,-1
426,44,1268.27,504.53,74.39,204.96,0.3302,-1,-1,-1
426,19,447.42,237.91,75.17,199.46,0.6273,-1,-1,-1
426,45,948.07,577.54,75.12,208.12,0.6223,-1,-1,-1
426,25,383.71,635.37,81.76,238.60,0.7307,-1,-1,-1
426,49,792.07,149.51,57.15,171.38,0.3393,-1,-1,-1
426,50,1577.10,636.91,90.13,218.96,0.3638,-1,-1,-1
426,2,740.95,559.90,77.13,237.85,0.6269,-1,-1,-1
426,52,1670.71,74.50,61.56,174.12,0.2531,-1,-1,-1
426,47,1763.28,128.46,50.09,175.17,0.3353,-1,-1,-1
427,3,980.62,931.03,91.52,147.67,0.7067,-1,-1,-1
427,4,1719.68,461.72,75.29,206.05,0.5424,-1,-1,-1
427,8,282.14,615.06,93.81,259.81,0.7049,-1,-1,-1
427,32,942.20,4.43,60.19,165.58,0.4088,-1,-1,-1
427,38,1007.96,21.86,52.79,158.48,0.4387,-1,-1,-1
427,27,869.37,557.15,74.65,217.06,0.5286,-1,-1,-1
427,44,1282.01,503.82,64.02,196.92,0.3009,-1,-1,-1
427,19,447.65,236.92,74.50,196.17,0.6148,-1,-1,-1
427,45,949.23,578.29,75.87,208.90,0.6070,-1,-1,-1
427,25,382.51,637.71,86.43,240.36,0.6814,-1,-1,-1
427,49,792.64,149.82,57.60,171.14,0.3955,-1,-1,-1
427,50,1576.16,633.17,89.37,222.51,0.3219,-1,-1,-1
427,2,742.76,560.18,77.89,241.29,0.5611,-1,-1,-1
427,52,1671.38,76.70,62.30,174.71,0.2608,-1,-1,-1
427,47,1763.55,129.19,49.57,175.90,0.3797,-1,-1,-1
428,3,981.81,930.36,91.73,148.42,0.7258,-1,-1,-1
428,4,1717.80,462.47,76.95,205.00,0.5272,-1,-1,-1
428,8,281.25,617.70,94.56,259.33,0.7028,-1,-1,-1
428,32,942.57,3.71,59.76,166.49,0.3718,-1,-1,-1
428,38,1008.02,21.63,52.96,158.64,0.4334,-1,-1,-1
428,27,870.45,560.03,75.95,226.57,0.6007,-1,-1,-1
428,44,1288.63,502.26,62.89,208.37,0.4021,-1,-1,-1
428,19,447.76,235.06,73.96,193.87,0.6391,-1,-1,-1
428,45,951.39,578.77,75.45,210.15,0.6468,-1,-1,-1
428,25,381.73,641.31,78.84,238.33,0.7222,-1,-1,-1
428,49,792.41,149.31,59.82,171.06,0.4033,-1,-1,-1
428,50,1576.47,633.08,88.52,222.83,0.3745,-1,-1,-1
428,2,744.86,561.26,81.09,242.68,0.6019,-1,-1,-1
428,52,1670.51,78.05,65.64,172.76,0.1984,-1,-1,-1
428,47,1763.29,129.76,49.73,176.52,0.3979,-1,-1,-1
429,3,983.08,930.39,91.15,148.38,0.7322,-1,-1,-1
429,4,1718.71,461.49,77.37,206.88,0.5470,-1,-1,-1
429,8,280.15,618.44,94.93,257.27,0.7233,-1,-1,-1
429,32,942.28,3.53,59.64,167.21,0.3725,-1,-1,-1
429,38,1007.82,20.97,53.39,161.83,0.4507,-1,-1,-1
429,27,871.30,562.87,76.17,226.06,0.6410,-1,-1,-1
429,44,1289.59,504.96,65.03,208.49,0.3998,-1,-1,-1
429,19,446.97,234.15,74.82,192.54,0.5974,-1,-1,-1
429,45,954.31,579.63,73.51,209.96,0.6488,-1,-1,-1
429,25,381.09,644.20,75.05,238.12,0.7132,-1,-1,-1
429,49,793.04,148.86,58.28,171.98,0.3995,-1,-1,-1
429,50,1576.24,635.28,87.99,221.31,0.4367,-1,-1,-1
429,2,747.56,562.13,84.01,246.36,0.6671,-1,-1,-1
429,52,1673.40,82.13,63.87,169.65,0.1801,-1,-1,-1
429,47,1763.15,136.10,47.20,169.58,0.3195,-1,-1,-1
430,3,986.45,929.76,88.45,148.92,0.7070,-1,-1,-1
430,4,1719.94,464.02,76.68,203.77,0.5222,-1,-1,-1
430,8,279.15,620.14,93.85,256.19,0.7242,-1,-1,-1
430,32,942.54,3.37,59.30,167.59,0.3147,-1,-1,-1
430,38,1008.12,21.06,53.28,160.99,0.4021,-1,-1,-1
430,27,872.20,564.48,75.87,226.43,0.5902,-1,-1,-1
430,44,1290.96,516.08,67.86,196.92,0.3789,-1,-1,-1
430,19,446.21,232.25,75.52,193.14,0.5610,-1,-1,-1
430,45,956.14,580.89,73.87,208.19,0.6310,-1,-1,-1
430,25,379.38,646.62,73.23,240.93,0.7087,-1,-1,-1
430,49,794.02,148.11,56.88,172.84,0.3810,-1,-1,-1
430,50,1575.64,634.85,88.39,221.83,0.4737,-1,-1,-1
430,2,749.90,563.03,86.13,245.64,0.6755,-1,-1,-1
430,52,1674.99,83.13,64.14,169.66,0.1590,-1,-1,-1
430,47,1762.23,139.77,48.70,164.21,0.1850,-1,-1,-1
431,3,988.72,929.03,86.71,149.58,0.6962,-1,-1,-1
431,4,1721.76,462.51,73.71,206.74,0.5384,-1,-1,-1
431,8,279.44,621.57,92.68,254.63,0.7542,-1,-1,-1
431,32,942.91,3.50,58.83,167.55,0.3740,-1,-1,-1
431,38,1008.53,20.58,53.23,159.38,0.3968,-1,-1,-1
431,27,872.46,566.55,77.05,226.40,0.6155,-1,-1,-1
431,19,445.46,230.58,75.48,193.98,0.5680,-1,-1,-1
431,45,958.90,582.01,72.22,207.09,0.6157,-1,-1,-1
431,25,377.46,648.76,73.20,240.48,0.7412,-1,-1,-1
431,49,790.47,148.97,62.31,171.58,0.3766,-1,-1,-1
431,50,1575.62,633.85,88.34,222.18,0.4187,-1,-1,-1
431,2,752.27,563.41,86.83,245.19,0.6968,-1,-1,-1
431,52,1677.67,86.67,62.68,167.20,0.1782,-1,-1,-1
431,47,1760.30,143.14,49.05,161.73,0.2119,-1,-1,-1
432,3,991.11,927.71,84.48,150.88,0.7002,-1,-1,-1
432,4,1721.72,462.39,72.80,206.18,0.5636,-1,-1,-1
432,8,278.81,623.22,92.35,252.00,0.7414,-1,-1,-1
432,32,943.14,4.02,59.25,168.48,0.3584,-1,-1,-1
432,38,1008.31,21.36,53.42,158.98,0.4154,-1,-1,-1
432,27,873.57,569.08,75.54,225.67,0.6105,-1,-1,-1
432,19,444.81,228.61,75.72,195.80,0.5819,-1,-1,-1
432,45,960.08,583.14,72.42,207.17,0.6274,-1,-1,-1
432,25,376.71,650.34,73.74,239.44,0.7334,-1,-1,-1
432,49,791.89,148.16,59.59,172.54,0.4035,-1,-1,-1
432,50,1574.42,629.35,89.63,226.99,0.4534,-1,-1,-1
432,2,754.06,564.18,87.07,246.15,0.7274,-1,-1,-1
432,52,1679.87,86.49,63.09,170.22,0.1518,-1,-1,-1
432,47,1758.55,140.53,50.12,164.48,0.2692,-1,-1,-1
433,3,992.81,927.74,83.66,150.65,0.6875,-1,-1,-1
433,4,1722.14,463.13,74.16,204.91,0.5227,-1,-1,-1
433,8,278.81,623.26,90.23,249.92,0.7520,-1,-1,-1
433,32,942.75,3.68,59.85,169.89,0.4320,-1,-1,-1
433,38,1007.93,20.92,54.07,159.60,0.4049,-1,-1,-1
433,27,875.39,570.53,75.05,223.10,0.6065,-1,-1,-1
433,19,444.44,227.33,76.14,196.93,0.6027,-1,-1,-1
433,45,962.51,583.96,71.37,209.40,0.5926,-1,-1,-1
433,25,375.70,652.01,73.89,238.52,0.7008,-1,-1,-1
433,49,793.19,147.82,58.07,173.12,0.3873,-1,-1,-1
433,50,1574.21,627.31,88.41,228.24,0.3971,-1,-1,-1
433,2,755.58,564.76,86.77,248.46,0.7079,-1,-1,-1
433,52,1680.74,88.22,63.26,169.41,0.1779,-1,-1,-1
433,47,1756.50,139.14,52.36,167.08,0.2878,-1,-1,-1
434,3,994.82,927.87,83.17,150.22,0.7308,-1,-1,-1
434,4,1723.45,464.38,72.88,203.22,0.4749,-1,-1,-1
434,8,278.63,624.11,89.48,248.64,0.7393,-1,-1,-1
434,32,942.77,3.54,58.93,169.92,0.4260,-1,-1,-1
434,38,1007.78,20.96,54.48,158.92,0.4219,-1,-1,-1
434,27,878.24,571.56,74.18,222.73,0.6033,-1,-1,-1
434,19,444.94,226.48,75.61,197.90,0.5977,-1,-1,-1
434,45,963.40,585.93,71.93,211.01,0.6026,-1,-1,-1
434,25,373.59,653.03,75.90,237.67,0.7259,-1,-1,-1
434,49,793.44,148.54,57.64,172.03,0.4266,-1,-1,-1
434,50,1574.10,629.82,87.76,225.14,0.3816,-1,-1,-1
434,2,757.12,566.06,85.59,249.15,0.7276,-1,-1,-1
434,52,1681.27,89.60,64.03,167.85,0.1856,-1,-1,-1
434,47,1754.09,135.80,53.97,173.71,0.1741,-1,-1,-1
435,3,996.96,926.89,82.54,151.13,0.7072,-1,-1,-1
435,4,1723.82,464.80,72.67,203.50,0.4895,-1,-1,-1
435,8,278.06,624.96,89.16,248.44,0.7551,-1,-1,-1
435,32,942.68,4.19,58.07,168.32,0.4248,-1,-1,-1
435,38,1007.01,20.35,55.58,159.06,0.3905,-1,-1,-1
435,27,879.12,572.49,75.45,220.77,0.6096,-1,-1,-1
435,19,444.79,225.72,75.52,198.83,0.5998,-1,-1,-1
435,45,965.16,587.22,70.64,215.81,0.6062,-1,-1,-1
435,25,371.13,653.45,77.02,238.49,0.7217,-1,-1,-1
435,49,793.90,148.06,56.50,172.04,0.3998,-1,-1,-1
435,50,1573.69,629.91,87.04,224.52,0.3785,-1,-1,-1
435,2,758.90,566.46,83.26,249.74,0.7064,-1,-1,-1
435,52,1681.21,88.95,66.17,168.89,0.2030,-1,-1,-1
435,47,1751.86,134.26,57.47,176.82,0.1577,-1,-1,-1
435,44,1312.34,521.04,83.54,186.32,0.3747,-1,-1,-1
436,3,998.74,926.48,83.18,151.26,0.6918,-1,-1,-1
436,4,1724.46,465.89,72.04,201.81,0.4643,-1,-1,-1
436,8,276.98,625.82,89.26,250.91,0.7627,-1,-1,-1
436,32,943.21,3.10,57.20,169.11,0.4333,-1,-1,-1
436,38,1006.56,19.42,56.08,157.83,0.3969,-1,-1,-1
436,27,880.01,573.68,75.08,213.00,0.6295,-1,-1,-1
436,19,444.69,225.03,75.42,199.90,0.6232,-1,-1,-1
436,45,967.37,588.08,69.96,221.61,0.6187,-1,-1,-1
436,25,368.97,654.18,76.88,237.81,0.7305,-1,-1,-1
436,49,793.10,148.70,57.29,171.33,0.4053,-1,-1,-1
436,50,1574.27,634.64,83.24,218.32,0.3276,-1,-1,-1
436,2,760.17,566.72,81.50,250.61,0.6867,-1,-1,-1
436,52,1682.56,88.71,67.54,171.10,0.1681,-1,-1,-1
436,44,1316.05,521.96,85.34,182.71,0.4838,-1,-1,-1
437,3,1000.58,925.48,83.66,152.42,0.7146,-1,-1,-1
437,4,1723.96,465.85,72.96,200.77,0.5036,-1,-1,-1
437,8,275.44,627.74,89.74,255.23,0.7763,-1,-1,-1
437,32,942.80,3.06,56.60,167.08,0.4459,-1,-1,-1
437,38,1006.00,18.34,56.61,157.75,0.4088,-1,-1,-1
437,27,880.99,574.61,74.96,216.00,0.6402,-1,-1,-1
437,19,445.61,223.92,73.88,199.93,0.6121,-1,-1,-1
437,45,967.92,589.82,69.32,223.71,0.6094,-1,-1,-1
437,25,367.77,655.33,76.60,236.48,0.7367,-1,-1,-1
437,49,793.45,148.68,56.65,171.21,0.3991,-1,-1,-1
437,50,1574.54,637.68,80.77,214.70,0.3283,-1,-1,-1
437,2,760.97,566.98,80.94,251.29,0.6855,-1,-1,-1
437,52,1685.81,86.20,68.52,176.41,0.1564,-1,-1,-1
437,44,1320.55,525.96,82.08,178.89,0.4389,-1,-1,-1
438,3,1003.48,925.57,83.25,152.40,0.7073,-1,-1,-1
438,4,1723.40,464.49,71.83,203.39,0.5341,-1,-1,-1
438,8,273.95,630.23,89.71,259.45,0.7686,-1,-1,-1
438,32,942.68,2.23,56.06,165.87,0.4114,-1,-1,-1
438,38,1005.90,16.62,56.47,157.73,0.3377,-1,-1,-1
438,27,881.46,575.32,75.46,222.07,0.6689,-1,-1,-1
438,19,446.54,224.28,73.03,198.74,0.6165,-1,-1,-1
438,45,967.71,591.76,71.10,225.39,0.5798,-1,-1,-1
438,25,367.14,656.60,75.07,236.09,0.7399,-1,-1,-1
438,49,792.96,148.65,57.57,170.78,0.4232,-1,-1,-1
438,50,1573.52,635.97,76.71,216.17,0.3567,-1,-1,-1
438,2,762.82,567.41,79.03,251.89,0.6778,-1,-1,-1
438,52,1688.33,86.40,69.80,179.10,0.1585,-1,-1,-1
438,44,1323.92,530.00,81.79,175.79,0.3236,-1,-1,-1
439,3,1005.71,925.54,83.94,152.67,0.6935,-1,-1,-1
439,4,1722.98,462.44,71.35,204.74,0.5582,-1,-1,-1
439,8,274.63,631.65,86.57,261.87,0.7550,-1,-1,-1
439,32,942.54,0.62,55.07,165.19,0.4090,-1,-1,-1
439,38,1006.21,15.04,56.25,156.99,0.3238,-1,-1,-1
439,27,882.37,576.08,76.32,225.31,0.6671,-1,-1,-1
439,19,447.74,223.99,72.09,199.55,0.6157,-1,-1,-1
439,45,967.50,594.68,71.96,225.35,0.5633,-1,-1,-1
439,25,365.61,657.33,75.45,236.16,0.7629,-1,-1,-1
439,49,792.96,147.76,57.88,171.97,0.4348,-1,-1,-1
439,50,1572.62,636.83,73.39,216.09,0.3066,-1,-1,-1
439,2,764.66,568.51,77.64,251.15,0.6470,-1,-1,-1
439,52,1688.72,86.44,71.06,179.70,0.1752,-1,-1,-1
439,44,1330.04,536.01,76.92,177.15,0.2925,-1,-1,-1
440,3,1007.39,925.37,84.97,152.88,0.6972,-1,-1,-1
440,4,1723.39,461.43,70.80,205.24,0.6071,-1,-1,-1
440,8,272.38,633.77,88.47,262.17,0.7626,-1,-1,-1
440,32,941.86,0.02,54.81,161.86,0.4343,-1,-1,-1
440,38,1005.88,13.90,55.91,153.93,0.3644,-1,-1,-1
440,27,883.16,576.76,76.94,225.70,0.6684,-1,-1,-1
440,19,447.43,223.09,72.65,199.38,0.6124,-1,-1,-1
440,45,967.29,596.67,73.69,224.87,0.5853,-1,-1,-1
440,25,366.38,657.52,73.34,240.22,0.7498,-1,-1,-1
440,49,793.90,147.29,56.74,172.28,0.4462,-1,-1,-1
440,50,1572.54,635.75,67.39,217.22,0.2867,-1,-1,-1
440,2,766.99,568.87,76.06,250.41,0.6693,-1,-1,-1
440,52,1688.79,85.27,69.34,182.66,0.1569,-1,-1,-1
440,44,1336.87,531.90,73.77,190.62,0.2740,-1,-1,-1
441,3,1009.67,924.45,84.93,154.09,0.7325,-1,-1,-1
441,4,1723.45,460.16,70.56,206.27,0.5941,-1,-1,-1
441,8,270.45,636.16,89.87,260.22,0.7676,-1,-1,-1
441,32,941.73,-0.14,54.71,159.47,0.4088,-1,-1,-1
441,38,1005.53,13.25,56.10,152.56,0.3683,-1,-1,-1
441,27,885.83,577.14,73.84,219.87,0.6603,-1,-1,-1
441,19,447.34,220.81,72.40,199.87,0.6134,-1,-1,-1
441,45,965.82,598.85,75.95,222.65,0.5202,-1,-1,-1
441,25,365.65,659.31,72.72,244.75,0.7757,-1,-1,-1
441,49,793.39,147.51,56.91,171.76,0.4633,-1,-1,-1
441,50,1572.15,635.07,63.01,218.32,0.2928,-1,-1,-1
441,2,770.60,569.81,71.49,250.63,0.6537,-1,-1,-1
441,44,1343.41,531.06,70.96,195.06,0.3895,-1,-1,-1
442,3,1011.53,924.30,85.30,154.19,0.7427,-1,-1,-1
442,4,1724.41,459.54,69.42,207.46,0.5854,-1,-1,-1
442,8,267.44,638.54,90.41,260.57,0.7724,-1,-1,-1
442,32,941.11,-0.22,55.39,156.78,0.4213,-1,-1,-1
442,38,1005.00,12.32,56.30,152.95,0.3804,-1,-1,-1
442,27,886.79,578.03,73.86,218.01,0.6405,-1,-1,-1
442,19,447.23,218.84,72.07,197.83,0.5449,-1,-1,-1
442,45,966.52,599.89,75.82,221.55,0.5358,-1,-1,-1
442,25,363.31,662.09,73.84,245.32,0.7717,-1,-1,-1
442,49,793.67,147.61,55.95,171.39,0.4318,-1,-1,-1
442,50,1572.57,631.02,58.24,223.26,0.2416,-1,-1,-1
442,2,774.03,570.62,68.38,251.19,0.6382,-1,-1,-1
442,44,1358.05,528.23,62.11,198.18,0.3797,-1,-1,-1
443,3,1013.11,924.32,86.00,154.55,0.7337,-1,-1,-1
443,4,1724.88,459.40,68.93,207.57,0.5816,-1,-1,-1
443,8,263.56,640.72,91.33,260.83,0.7559,-1,-1,-1
443,32,938.76,-0.18,56.62,156.41,0.4308,-1,-1,-1
443,38,1004.69,12.04,56.68,153.52,0.3920,-1,-1,-1
443,27,885.46,580.12,76.51,226.54,0.6011,-1,-1,-1
443,19,447.66,217.37,71.95,194.96,0.5325,-1,-1,-1
443,45,967.13,601.45,74.91,221.04,0.4738,-1,-1,-1
443,25,360.22,665.08,75.50,245.61,0.7663,-1,-1,-1
443,49,793.88,147.54,55.51,171.95,0.4224,-1,-1,-1
443,50,1571.60,631.33,57.39,222.99,0.2283,-1,-1,-1
443,2,776.37,570.79,68.00,250.27,0.6221,-1,-1,-1
443,44,1362.41,527.46,63.97,204.72,0.4459,-1,-1,-1
444,3,1015.32,924.79,85.34,154.45,0.7497,-1,-1,-1
444,4,1725.29,458.93,68.71,208.22,0.5788,-1,-1,-1
444,8,259.84,643.34,92.94,258.93,0.7690,-1,-1,-1
444,32,938.13,-0.24,56.38,157.16,0.4113,-1,-1,-1
444,38,1004.54,11.99,56.69,152.68,0.3931,-1,-1,-1
444,27,885.96,582.60,75.73,229.53,0.6191,-1,-1,-1
444,19,446.44,215.64,72.93,191.97,0.5111,-1,-1,-1
444,45,966.87,602.80,75.76,220.19,0.4638,-1,-1,-1
444,25,358.56,668.03,75.78,246.73,0.7725,-1,-1,-1
444,49,792.70,147.28,55.86,171.83,0.4181,-1,-1,-1
444,50,1570.32,633.50,57.56,219.63,0.2510,-1,-1,-1
444,2,778.85,570.99,67.33,252.03,0.6432,-1,-1,-1
444,44,1368.86,529.70,63.74,185.00,0.2522,-1,-1,-1
445,3,1016.48,923.94,85.19,155.49,0.7426,-1,-1,-1
445,4,1724.78,458.26,68.98,208.32,0.5721,-1,-1,-1
445,8,256.85,644.19,93.66,257.67,0.7529,-1,-1,-1
445,32,939.34,-0.22,55.80,156.52,0.4241,-1,-1,-1
445,38,1005.27,11.39,56.30,156.08,0.3944,-1,-1,-1
445,27,885.57,584.43,75.91,229.67,0.6495,-1,-1,-1
445,19,445.30,214.03,73.45,191.14,0.5377,-1,-1,-1
445,45,966.73,602.87,76.64,221.18,0.5778,-1,-1,-1
445,25,358.07,671.71,74.96,244.10,0.7518,-1,-1,-1
445,49,793.18,147.75,55.24,172.39,0.4055,-1,-1,-1
445,50,1570.83,634.34,55.81,218.10,0.2293,-1,-1,-1
445,2,780.17,571.45,69.34,251.90,0.6488,-1,-1,-1
446,3,1018.94,923.62,83.58,155.19,0.7476,-1,-1,-1
446,4,1724.91,457.86,68.60,209.00,0.5625,-1,-1,-1
446,8,253.53,645.53,95.31,256.37,0.7522,-1,-1,-1
446,32,941.05,-0.19,53.85,154.75,0.4123,-1,-1,-1
446,38,1004.76,11.50,56.48,155.23,0.3788,-1,-1,-1
446,27,884.86,586.27,76.97,234.80,0.6286,-1,-1,-1
446,19,444.53,212.28,73.46,191.86,0.5334,-1,-1,-1
446,45,965.34,603.65,77.94,219.51,0.5974,-1,-1,-1
446,25,356.63,674.46,74.53,244.99,0.7413,-1,-1,-1
446,49,793.59,147.68,54.35,172.60,0.3862,-1,-1,-1
446,50,1571.65,630.40,54.10,221.91,0.1637,-1,-1,-1
446,2,782.34,572.08,70.97,250.34,0.6330,-1,-1,-1
447,3,1020.29,922.19,82.85,157.07,0.7501,-1,-1,-1
447,4,1722.70,458.04,70.61,209.47,0.5636,-1,-1,-1
447,8,251.85,647.25,96.60,255.10,0.7632,-1,-1,-1
447,32,941.73,-0.15,52.30,154.00,0.3907,-1,-1,-1
447,38,1004.73,11.48,56.03,154.69,0.3495,-1,-1,-1
447,27,884.65,588.62,77.02,235.87,0.6176,-1,-1,-1
447,19,444.27,210.88,73.11,193.32,0.5186,-1,-1,-1
447,45,967.00,607.10,76.96,212.63,0.5581,-1,-1,-1
447,25,355.16,676.53,74.71,244.68,0.7557,-1,-1,-1
447,49,793.02,148.60,57.26,172.03,0.3549,-1,-1,-1
447,50,1571.99,629.59,52.76,222.07,0.1781,-1,-1,-1
447,2,784.69,572.39,72.04,249.15,0.6364,-1,-1,-1
448,3,1022.25,921.33,81.16,157.69,0.7502,-1,-1,-1
448,4,1720.83,458.00,72.46,209.73,0.5695,-1,-1,-1
448,8,250.68,647.90,96.56,253.91,0.7706,-1,-1,-1
448,32,941.06,-0.11,52.15,153.88,0.4614,-1,-1,-1
448,38,1004.72,11.76,55.73,154.60,0.4224,-1,-1,-1
448,27,883.27,590.60,79.17,241.22,0.6489,-1,-1,-1
448,19,443.17,210.03,73.27,193.39,0.5446,-1,-1,-1
448,45,967.55,608.22,76.63,212.08,0.6531,-1,-1,-1
448,25,353.91,678.36,74.15,243.72,0.7585,-1,-1,-1
448,49,793.86,148.87,56.76,171.51,0.3677,-1,-1,-1
448,50,1569.68,629.95,54.60,221.02,0.1995,-1,-1,-1
448,2,786.43,572.18,74.85,248.69,0.6536,-1,-1,-1
449,3,1023.39,921.71,80.67,157.33,0.7503,-1,-1,-1
449,4,1722.27,457.31,73.77,209.76,0.5459,-1,-1,-1
449,8,250.72,648.40,95.78,253.03,0.7614,-1,-1,-1
449,32,939.22,-0.12,52.49,154.18,0.4381,-1,-1,-1
449,38,1004.88,11.89,55.30,153.95,0.3977,-1,-1,-1
449,27,882.41,593.15,81.02,244.99,0.6599,-1,-1,-1
449,19,442.85,209.59,72.73,193.30,0.5240,-1,-1,-1
449,45,966.73,609.90,78.43,211.04,0.6526,-1,-1,-1
449,25,351.00,679.30,75.40,243.10,0.7629,-1,-1,-1
449,49,793.49,149.01,57.52,171.43,0.3744,-1,-1,-1
449,50,1566.58,631.71,57.58,218.93,0.2454,-1,-1,-1
449,2,787.44,572.78,76.39,247.91,0.6551,-1,-1,-1
450,3,1024.70,920.76,79.53,157.93,0.7473,-1,-1,-1
450,4,1722.89,457.24,73.66,209.89,0.5642,-1,-1,-1
450,8,249.22,650.00,96.26,250.06,0.7589,-1,-1,-1
450,32,938.77,-0.10,52.22,153.61,0.4795,-1,-1,-1
450,38,1004.91,11.74,55.38,153.28,0.3956,-1,-1,-1
450,27,881.97,594.38,82.45,246.02,0.6518,-1,-1,-1
450,19,442.66,209.14,72.01,194.10,0.5358,-1,-1,-1
450,45,968.47,611.29,77.08,211.27,0.6552,-1,-1,-1
450,25,348.35,679.45,77.30,243.11,0.7609,-1,-1,-1
450,49,793.95,148.87,56.86,171.57,0.3725,-1,-1,-1
450,50,1562.95,632.07,60.57,218.07,0.2081,-1,-1,-1
450,2,788.20,573.56,77.40,246.88,0.6372,-1,-1,-1
451,3,1026.15,921.66,78.37,157.90,0.7439,-1,-1,-1
451,4,1720.24,457.81,74.45,209.10,0.5199,-1,-1,-1
451,8,249.26,651.94,93.74,247.23,0.7250,-1,-1,-1
451,32,938.20,-0.11,52.61,153.92,0.4595,-1,-1,-1
451,38,1004.82,12.17,55.13,153.29,0.3784,-1,-1,-1
451,27,881.67,596.99,82.51,244.57,0.6080,-1,-1,-1
451,19,440.99,208.95,73.00,193.98,0.5076,-1,-1,-1
451,45,970.80,612.48,75.75,215.24,0.6075,-1,-1,-1
451,25,346.22,680.58,77.49,243.76,0.7554,-1,-1,-1
451,49,795.41,149.00,52.86,170.73,0.3660,-1,-1,-1
451,50,1559.94,629.09,63.60,221.87,0.2715,-1,-1,-1
451,2,789.59,575.09,76.32,244.73,0.6333,-1,-1,-1
452,3,1027.34,921.85,77.41,158.03,0.7639,-1,-1,-1
452,4,1719.15,458.22,74.94,208.78,0.5371,-1,-1,-1
452,8,249.23,653.52,92.24,249.35,0.7525,-1,-1,-1
452,32,937.97,-0.12,52.63,155.96,0.4921,-1,-1,-1
452,38,1004.64,12.25,55.02,152.66,0.3808,-1,-1,-1
452,27,883.93,598.25,80.61,244.70,0.6392,-1,-1,-1
452,19,440.22,208.13,73.84,194.93,0.4617,-1,-1,-1
452,45,972.20,614.00,76.40,219.14,0.6030,-1,-1,-1
452,25,343.45,680.87,79.19,242.35,0.7864,-1,-1,-1
452,49,796.22,148.51,51.30,170.21,0.3514,-1,-1,-1
452,50,1558.65,623.58,64.86,227.29,0.4182,-1,-1,-1
452,2,791.88,575.56,75.60,244.99,0.6450,-1,-1,-1
452,44,1413.11,542.27,70.68,155.57,0.3922,-1,-1,-1
453,3,1028.03,921.51,76.90,158.46,0.7543,-1,-1,-1
453,4,1718.30,458.67,75.57,208.51,0.5330,-1,-1,-1
453,8,249.00,655.94,90.99,251.83,0.7495,-1,-1,-1
453,32,937.68,-0.07,52.50,155.97,0.5078,-1,-1,-1
453,38,1004.75,11.91,54.93,152.64,0.4045,-1,-1,-1
453,27,887.71,599.79,77.41,242.80,0.6336,-1,-1,-1
453,19,440.50,208.10,72.53,195.52,0.4324,-1,-1,-1
453,45,972.82,616.64,76.89,220.59,0.6078,-1,-1,-1
453,25,341.57,681.04,80.24,241.62,0.7834,-1,-1,-1
453,49,795.64,148.02,51.00,171.92,0.3078,-1,-1,-1
453,50,1549.50,618.83,75.72,231.96,0.4650,-1,-1,-1
453,2,794.43,576.98,75.89,244.88,0.6387,-1,-1,-1
453,44,1421.87,544.00,70.06,154.74,0.3838,-1,-1,-1
454,3,1027.79,921.12,77.26,158.93,0.7552,-1,-1,-1
454,4,1716.62,458.03,76.99,208.54,0.5616,-1,-1,-1
454,8,247.92,657.41,91.55,254.71,0.7521,-1,-1,-1
454,32,937.15,-0.01,52.79,155.78,0.5302,-1,-1,-1
454,38,1005.29,11.33,54.20,153.35,0.4116,-1,-1,-1
454,27,885.04,600.78,80.95,241.55,0.6417,-1,-1,-1
454,19,443.44,207.81,68.75,196.67,0.4458,-1,-1,-1
454,45,976.11,618.74,74.37,220.37,0.6455,-1,-1,-1
454,25,339.87,681.77,82.11,240.90,0.7978,-1,-1,-1
454,49,795.31,148.12,53.07,171.47,0.3311,-1,-1,-1
454,50,1554.50,620.82,69.04,230.50,0.4468,-1,-1,-1
454,2,796.36,578.04,74.36,244.05,0.6215,-1,-1,-1
454,44,1426.41,544.15,69.65,156.39,0.3619,-1,-1,-1
454,53,1661.49,359.77,66.72,190.91,0.4124,-1,-1,-1
455,3,1028.52,921.61,77.08,158.37,0.7529,-1,-1,-1
455,4,1715.50,457.85,78.23,209.59,0.5581,-1,-1,-1
455,8,246.87,658.44,92.94,258.01,0.7569,-1,-1,-1
455,32,937.43,0.10,51.91,155.36,0.5346,-1,-1,-1
455,38,1005.74,10.86,53.79,152.93,0.4312,-1,-1,-1
455,27,885.76,601.58,80.74,237.57,0.6320,-1,-1,-1
455,19,442.19,204.97,70.43,197.63,0.4556,-1,-1,-1
455,45,977.14,621.50,75.73,217.38,0.6435,-1,-1,-1
455,25,339.34,683.01,80.81,242.03,0.7862,-1,-1,-1
455,49,794.20,148.03,55.01,171.25,0.3225,-1,-1,-1
455,50,1544.77,616.41,79.18,234.55,0.4991,-1,-1,-1
455,2,797.47,579.38,74.98,242.83,0.6459,-1,-1,-1
455,44,1429.37,544.48,70.70,156.85,0.2826,-1,-1,-1
455,53,1661.42,359.34,65.63,191.07,0.3732,-1,-1,-1
456,3,1028.90,921.71,77.50,158.25,0.7448,-1,-1,-1
456,4,1715.74,457.89,77.81,209.72,0.5721,-1,-1,-1
456,8,245.84,660.34,93.20,260.85,0.7581,-1,-1,-1
456,32,937.71,-0.01,51.35,154.52,0.5443,-1,-1,-1
456,38,1006.11,9.65,53.40,153.18,0.4678,-1,-1,-1
456,27,885.39,602.06,83.11,236.58,0.6556,-1,-1,-1
456,19,443.20,203.79,68.23,198.14,0.5163,-1,-1,-1
456,45,978.75,623.58,76.14,219.32,0.6811,-1,-1,-1
456,25,337.55,684.33,80.90,245.56,0.7767,-1,-1,-1
456,49,794.06,146.40,55.64,172.49,0.3077,-1,-1,-1
456,50,1547.84,614.92,76.12,236.30,0.4729,-1,-1,-1
456,2,798.65,580.81,74.47,241.52,0.6527,-1,-1,-1
456,44,1432.30,544.53,68.63,156.74,0.2771,-1,-1,-1
456,53,1659.43,359.30,65.88,191.98,0.3938,-1,-1,-1
457,3,1028.89,921.94,77.90,158.05,0.7306,-1,-1,-1
457,4,1715.14,458.00,78.54,209.40,0.6010,-1,-1,-1
457,8,244.38,662.49,94.38,261.85,0.7619,-1,-1,-1
457,32,937.72,-0.01,51.10,153.12,0.5351,-1,-1,-1
457,38,1006.22,9.24,53.31,151.04,0.4524,-1,-1,-1
457,27,886.41,602.83,83.74,237.23,0.6549,-1,-1,-1
457,19,444.31,201.80,66.48,198.32,0.5362,-1,-1,-1
457,45,980.08,625.02,75.48,221.24,0.6708,-1,-1,-1
457,25,335.99,687.53,79.84,248.16,0.7935,-1,-1,-1
457,49,792.54,145.55,57.57,174.22,0.3197,-1,-1,-1
457,50,1549.08,614.19,74.68,238.26,0.4565,-1,-1,-1
457,2,800.28,581.50,72.67,241.37,0.6690,-1,-1,-1
457,44,1434.81,545.06,68.49,152.92,0.1751,-1,-1,-1
457,53,1658.84,359.52,65.16,189.76,0.4065,-1,-1,-1
458,3,1028.69,921.70,79.03,158.35,0.7396,-1,-1,-1
458,4,1714.83,458.11,79.11,210.00,0.5700,-1,-1,-1
458,8,243.02,665.25,95.91,262.27,0.7638,-1,-1,-1
458,32,936.35,-0.01,52.23,151.97,0.4903,-1,-1,-1
458,38,1006.04,8.40,53.80,148.90,0.4154,-1,-1,-1
458,27,891.81,604.00,79.94,238.56,0.6841,-1,-1,-1
458,19,445.58,200.00,64.68,196.08,0.5317,-1,-1,-1
458,45,980.51,625.81,77.16,222.14,0.6740,-1,-1,-1
458,25,334.89,690.96,79.29,247.97,0.7933,-1,-1,-1
458,49,795.16,145.59,54.88,174.02,0.3023,-1,-1,-1
458,50,1549.88,613.63,73.57,238.67,0.4577,-1,-1,-1
458,2,801.94,583.26,73.84,240.75,0.6576,-1,-1,-1
458,53,1657.57,358.79,63.98,189.81,0.4433,-1,-1,-1
459,3,1028.20,921.41,80.07,158.62,0.7310,-1,-1,-1
459,4,1716.50,458.30,77.38,209.63,0.5413,-1,-1,-1
459,8,242.18,667.80,96.22,264.70,0.7719,-1,-1,-1
459,32,935.82,0.01,52.50,148.99,0.4691,-1,-1,-1
459,38,1007.22,7.40,52.51,146.52,0.3968,-1,-1,-1
459,27,895.05,605.59,78.05,238.42,0.6813,-1,-1,-1
459,19,445.69,197.46,64.44,194.13,0.4999,-1,-1,-1
459,45,981.05,627.66,78.87,221.81,0.6877,-1,-1,-1
459,25,334.02,694.76,77.80,246.73,0.8080,-1,-1,-1
459,49,794.03,145.30,55.91,174.73,0.2826,-1,-1,-1
459,50,1550.48,613.75,71.95,238.76,0.4907,-1,-1,-1
459,2,803.76,584.10,75.45,240.56,0.6422,-1,-1,-1
459,53,1655.69,357.46,63.81,189.58,0.3799,-1,-1,-1
459,54,1836.96,382.60,73.85,200.91,0.3715,-1,-1,-1
460,3,1028.14,921.38,80.60,158.64,0.7354,-1,-1,-1
460,4,1717.31,457.32,76.48,211.01,0.5457,-1,-1,-1
460,8,241.89,668.68,96.44,266.92,0.7748,-1,-1,-1
460,32,934.43,0.09,54.40,147.53,0.5077,-1,-1,-1
460,38,1008.03,5.95,51.43,146.53,0.4398,-1,-1,-1
460,27,897.35,607.04,78.10,239.92,0.7076,-1,-1,-1
460,19,445.23,195.57,65.48,191.28,0.5144,-1,-1,-1
460,45,982.26,628.59,78.69,221.16,0.6722,-1,-1,-1
460,25,333.88,698.21,77.46,243.75,0.8116,-1,-1,-1
460,49,795.22,145.73,54.79,173.98,0.3152,-1,-1,-1
460,50,1551.42,615.06,69.43,237.87,0.4465,-1,-1,-1
460,2,805.70,584.24,77.50,240.65,0.6625,-1,-1,-1
460,53,1652.88,353.65,65.00,195.14,0.1779,-1,-1,-1
460,54,1832.40,379.79,77.76,207.61,0.3329,-1,-1,-1
461,3,1027.99,921.64,81.19,158.39,0.7365,-1,-1,-1
461,4,1718.98,457.55,74.96,210.40,0.5476,-1,-1,-1
461,8,241.44,670.11,97.74,266.71,0.7844,-1,-1,-1
461,32,933.98,0.78,55.10,145.58,0.4429,-1,-1,-1
461,38,1007.86,5.35,51.87,147.73,0.4040,-1,-1,-1
461,27,898.62,609.44,78.63,240.22,0.7093,-1,-1,-1
461,19,444.97,193.54,65.60,190.31,0.5138,-1,-1,-1
461,45,983.10,629.58,78.82,221.08,0.6586,-1,-1,-1
461,25,333.93,701.64,77.20,244.58,0.8070,-1,-1,-1
461,49,796.34,145.37,54.01,173.88,0.3443,-1,-1,-1
461,50,1551.08,613.39,68.78,238.95,0.4312,-1,-1,-1
461,2,807.70,583.60,78.86,240.44,0.6707,-1,-1,-1
461,53,1652.06,351.75,64.52,192.15,0.1597,-1,-1,-1
461,54,1827.65,378.99,77.23,203.33,0.3261,-1,-1,-1
462,3,1027.82,921.57,81.06,158.38,0.7498,-1,-1,-1
462,4,1720.04,455.87,74.34,212.85,0.5332,-1,-1,-1
462,8,241.81,671.62,95.13,265.29,0.7662,-1,-1,-1
462,32,933.31,2.72,56.28,142.98,0.3588,-1,-1,-1
462,38,1007.84,4.73,52.20,148.80,0.4002,-1,-1,-1
462,27,899.49,611.29,79.02,239.78,0.7144,-1,-1,-1
462,19,444.18,192.54,66.31,189.54,0.5091,-1,-1,-1
462,45,984.01,630.82,79.42,219.70,0.6686,-1,-1,-1
462,25,332.60,703.67,78.55,247.16,0.8079,-1,-1,-1
462,49,797.75,145.35,52.50,173.94,0.3495,-1,-1,-1
462,50,1553.17,617.73,65.73,234.67,0.3258,-1,-1,-1
462,2,809.47,583.58,80.97,241.75,0.6680,-1,-1,-1
462,53,1651.43,350.74,63.72,187.97,0.1578,-1,-1,-1
462,54,1825.05,377.58,85.40,207.71,0.3072,-1,-1,-1
463,3,1027.63,921.33,81.12,158.62,0.7400,-1,-1,-1
463,4,1719.98,456.48,74.31,211.81,0.5607,-1,-1,-1
463,8,242.03,673.40,93.50,264.99,0.7677,-1,-1,-1
463,32,933.91,3.38,55.68,141.71,0.4157,-1,-1,-1
463,38,1007.14,4.28,53.51,149.84,0.4364,-1,-1,-1
463,27,901.00,613.44,78.74,236.93,0.7067,-1,-1,-1
463,19,444.14,193.25,67.18,188.43,0.4822,-1,-1,-1
463,45,986.19,631.44,78.49,216.56,0.6904,-1,-1,-1
463,25,331.96,704.53,79.04,248.97,0.8071,-1,-1,-1
463,49,797.28,144.69,53.27,174.33,0.3635,-1,-1,-1
463,50,1553.09,615.10,65.46,236.99,0.3084,-1,-1,-1
463,2,810.99,583.58,83.79,242.66,0.6871,-1,-1,-1
463,54,1821.12,376.20,79.44,203.80,0.3667,-1,-1,-1
464,3,1027.22,921.07,81.39,158.93,0.7489,-1,-1,-1
464,4,1719.46,455.86,74.80,212.25,0.5242,-1,-1,-1
464,8,241.11,675.33,95.35,264.62,0.7494,-1,-1,-1
464,32,934.14,2.65,55.42,142.54,0.3833,-1,-1,-1
464,38,1006.78,3.31,54.24,151.32,0.4628,-1,-1,-1
464,27,902.59,615.83,77.94,234.74,0.6802,-1,-1,-1
464,19,444.04,191.72,69.59,189.94,0.4858,-1,-1,-1
464,45,986.38,632.32,78.21,216.96,0.6616,-1,-1,-1
464,25,333.35,705.87,76.92,250.34,0.8035,-1,-1,-1
464,49,796.78,144.76,54.03,173.79,0.3757,-1,-1,-1
464,50,1551.98,620.55,66.30,231.77,0.2565,-1,-1,-1
464,2,812.08,584.44,87.46,244.08,0.6955,-1,-1,-1
464,54,1819.25,374.78,75.57,203.82,0.3434,-1,-1,-1
465,3,1026.72,921.72,81.36,158.29,0.7429,-1,-1,-1
465,4,1720.18,456.00,74.09,212.34,0.5301,-1,-1,-1
465,8,240.25,677.46,95.72,261.80,0.7564,-1,-1,-1
465,32,934.16,2.56,55.62,142.42,0.4026,-1,-1,-1
465,38,1006.64,3.76,54.65,150.63,0.4292,-1,-1,-1
465,27,903.63,618.07,78.44,232.00,0.6821,-1,-1,-1
465,19,443.25,191.20,71.71,190.98,0.5128,-1,-1,-1
465,45,988.05,634.66,77.24,215.79,0.6505,-1,-1,-1
465,25,334.50,706.99,73.82,250.66,0.7918,-1,-1,-1
465,49,798.02,144.84,52.94,174.25,0.3959,-1,-1,-1
465,50,1552.51,616.89,65.77,235.42,0.2331,-1,-1,-1
465,2,812.79,585.26,90.20,243.62,0.6829,-1,-1,-1
465,54,1815.62,372.84,76.23,202.82,0.3463,-1,-1,-1
466,3,1026.48,922.33,81.50,157.87,0.7224,-1,-1,-1
466,4,1721.32,455.99,72.57,211.70,0.5422,-1,-1,-1
466,8,239.70,679.60,90.56,257.92,0.7708,-1,-1,-1
466,32,935.77,2.12,53.97,142.35,0.4292,-1,-1,-1
466,38,1006.29,2.99,55.22,150.73,0.4543,-1,-1,-1
466,27,904.27,620.56,79.04,232.06,0.6907,-1,-1,-1
466,19,443.22,190.86,72.15,190.63,0.5269,-1,-1,-1
466,45,989.65,637.11,76.27,217.74,0.6281,-1,-1,-1
466,25,334.13,707.46,73.03,250.00,0.7793,-1,-1,-1
466,49,799.29,144.68,51.65,175.08,0.3824,-1,-1,-1
466,2,812.45,585.01,92.93,243.41,0.7228,-1,-1,-1
466,54,1813.04,371.75,78.36,204.87,0.4134,-1,-1,-1
467,3,1026.24,922.29,81.92,156.51,0.7228,-1,-1,-1
467,4,1721.31,454.71,72.71,213.58,0.5504,-1,-1,-1
467,8,238.72,680.89,89.36,252.84,0.7722,-1,-1,-1
467,32,937.06,2.84,52.69,142.34,0.4137,-1,-1,-1
467,38,1006.41,3.47,55.76,150.17,0.4453,-1,-1,-1
467,27,904.93,621.66,79.18,235.47,0.7204,-1,-1,-1
467,19,444.25,190.83,72.59,189.99,0.5819,-1,-1,-1
467,45,990.92,637.97,75.96,219.39,0.5957,-1,-1,-1
467,25,334.43,707.51,71.89,249.87,0.7877,-1,-1,-1
467,49,800.28,144.24,50.54,175.03,0.3321,-1,-1,-1
467,2,811.48,584.78,95.05,244.65,0.7365,-1,-1,-1
467,54,1811.53,369.74,77.96,207.91,0.3932,-1,-1,-1
468,3,1026.58,922.55,81.46,155.79,0.7187,-1,-1,-1
468,4,1721.07,455.58,72.66,212.34,0.5397,-1,-1,-1
468,8,237.08,681.66,89.35,251.97,0.7835,-1,-1,-1
468,32,937.53,3.75,52.60,141.35,0.4520,-1,-1,-1
468,38,1005.99,3.70,56.22,149.63,0.4190,-1,-1,-1
468,27,906.26,622.71,78.92,233.65,0.6928,-1,-1,-1
468,19,446.62,190.66,70.90,189.28,0.5440,-1,-1,-1
468,45,991.18,640.40,76.24,219.01,0.5687,-1,-1,-1
468,25,334.02,708.65,71.58,247.29,0.7651,-1,-1,-1
468,49,799.10,143.53,52.44,176.31,0.3716,-1,-1,-1
468,2,810.79,584.86,97.52,246.47,0.7377,-1,-1,-1
468,54,1808.23,368.31,79.10,210.10,0.4680,-1,-1,-1
469,3,1027.36,922.73,79.90,155.54,0.7272,-1,-1,-1
469,4,1721.24,454.49,72.41,212.61,0.5332,-1,-1,-1
469,8,234.76,683.47,91.19,252.18,0.7806,-1,-1,-1
469,32,937.04,3.67,53.88,140.83,0.4317,-1,-1,-1
469,38,1005.41,3.10,57.23,150.24,0.3837,-1,-1,-1
469,27,907.82,623.61,78.51,231.26,0.6868,-1,-1,-1
469,19,448.49,189.48,69.60,188.82,0.5631,-1,-1,-1
469,45,989.86,642.59,78.21,212.87,0.5474,-1,-1,-1
469,25,333.15,710.50,72.50,247.05,0.7775,-1,-1,-1
469,49,800.17,142.73,51.52,177.26,0.3490,-1,-1,-1
469,2,810.27,584.92,99.72,248.70,0.7287,-1,-1,-1
469,54,1805.29,366.57,79.78,211.47,0.4944,-1,-1,-1
470,3,1026.51,922.41,80.20,156.03,0.7225,-1,-1,-1
470,4,1721.52,455.21,72.25,211.77,0.5311,-1,-1,-1
470,8,233.48,685.73,91.65,254.28,0.7879,-1,-1,-1
470,32,936.70,3.00,54.30,141.43,0.3947,-1,-1,-1
470,38,1005.12,1.84,57.36,151.10,0.3838,-1,-1,-1
470,27,910.00,624.69,77.44,228.49,0.6452,-1,-1,-1
470,19,448.27,188.34,70.54,189.49,0.5750,-1,-1,-1
470,45,990.24,644.37,77.46,215.72,0.4770,-1,-1,-1
470,25,331.73,712.11,73.06,245.88,0.7976,-1,-1,-1
470,49,799.68,142.49,51.98,177.50,0.3894,-1,-1,-1
470,2,809.48,585.03,101.31,251.82,0.7260,-1,-1,-1
470,54,1803.99,365.02,79.46,210.20,0.4617,-1,-1,-1
471,3,1025.83,923.45,79.96,156.06,0.7271,-1,-1,-1
471,4,1721.21,455.23,72.73,212.86,0.5355,-1,-1,-1
471,8,231.53,687.84,93.59,258.48,0.7879,-1,-1,-1
471,32,937.26,3.10,53.58,140.66,0.4088,-1,-1,-1
471,38,1004.74,1.65,56.34,150.75,0.4061,-1,-1,-1
471,27,911.57,625.35,77.74,223.16,0.5912,-1,-1,-1
471,19,449.74,185.84,69.25,192.45,0.5805,-1,-1,-1
471,45,989.30,646.44,79.02,220.28,0.4884,-1,-1,-1
471,25,329.05,714.27,74.86,245.01,0.8037,-1,-1,-1
471,49,799.74,142.61,52.01,177.87,0.3667,-1,-1,-1
471,2,809.07,585.57,103.22,254.85,0.7076,-1,-1,-1
471,54,1801.84,364.81,80.60,209.02,0.5075,-1,-1,-1
472,3,1025.70,924.14,79.18,155.73,0.7042,-1,-1,-1
472,4,1720.39,455.36,73.70,213.38,0.5548,-1,-1,-1
472,8,230.03,690.09,94.18,262.85,0.7863,-1,-1,-1
472,32,936.53,3.09,54.25,140.31,0.3718,-1,-1,-1
472,38,1004.15,0.44,55.74,151.65,0.4107,-1,-1,-1
472,27,913.27,626.17,76.91,221.63,0.6320,-1,-1,-1
472,19,451.22,184.23,67.75,194.31,0.5978,-1,-1,-1
472,45,989.36,647.72,79.30,223.25,0.5033,-1,-1,-1
472,25,327.61,716.40,76.05,245.68,0.8164,-1,-1,-1
472,49,799.80,142.05,52.89,178.30,0.3948,-1,-1,-1
472,2,809.12,586.45,102.64,256.95,0.7262,-1,-1,-1
472,54,1801.04,364.60,79.95,207.21,0.4954,-1,-1,-1
473,3,1024.51,925.27,80.04,154.82,0.7215,-1,-1,-1
473,4,1719.47,454.64,75.07,215.41,0.5501,-1,-1,-1
473,8,228.11,693.20,95.02,264.52,0.7660,-1,-1,-1
473,32,936.49,3.33,54.09,139.77,0.3647,-1,-1,-1
473,38,1003.57,-0.07,56.57,152.42,0.3402,-1,-1,-1
473,27,914.09,627.34,77.54,225.53,0.6851,-1,-1,-1
473,19,451.38,181.87,68.14,192.17,0.5696,-1,-1,-1
473,45,989.93,648.98,78.64,223.90,0.5336,-1,-1,-1
473,25,325.38,720.16,77.47,247.23,0.8012,-1,-1,-1
473,49,801.06,144.13,51.09,176.14,0.3748,-1,-1,-1
473,2,808.76,587.12,101.13,257.80,0.7552,-1,-1,-1
473,54,1798.51,363.61,82.01,207.53,0.4842,-1,-1,-1
474,3,1024.69,925.14,79.39,154.63,0.7101,-1,-1,-1
474,4,1717.79,454.93,76.57,215.32,0.5399,-1,-1,-1
474,8,226.42,694.82,95.81,267.56,0.7615,-1,-1,-1
474,32,936.71,3.19,54.05,139.95,0.3696,-1,-1,-1
474,38,1002.86,-0.19,57.04,152.47,0.3794,-1,-1,-1
474,27,914.24,628.07,79.13,226.30,0.6430,-1,-1,-1
474,19,452.97,179.42,67.16,190.63,0.5176,-1,-1,-1
474,45,990.78,650.19,77.77,225.89,0.5512,-1,-1,-1
474,25,323.75,723.16,78.34,249.88,0.7889,-1,-1,-1
474,49,800.79,143.49,51.14,177.04,0.3932,-1,-1,-1
474,2,808.53,587.75,99.73,257.65,0.7578,-1,-1,-1
474,54,1794.62,363.04,84.72,206.92,0.4751,-1,-1,-1
475,3,1024.94,925.38,78.13,154.36,0.7104,-1,-1,-1
475,4,1715.99,455.38,79.97,214.85,0.5218,-1,-1,-1
475,8,224.86,697.05,95.69,269.82,0.7566,-1,-1,-1
475,32,936.65,3.11,53.79,140.94,0.3579,-1,-1,-1
475,38,1002.47,-0.26,56.01,151.13,0.3840,-1,-1,-1
475,27,915.87,629.62,78.00,231.24,0.6726,-1,-1,-1
475,19,453.91,179.90,65.26,186.80,0.5141,-1,-1,-1
475,45,991.95,652.31,77.40,225.25,0.5985,-1,-1,-1
475,25,322.29,726.14,78.82,251.19,0.7796,-1,-1,-1
475,49,801.75,143.59,50.28,177.01,0.3915,-1,-1,-1
475,2,808.49,588.53,97.67,256.77,0.7549,-1,-1,-1
475,54,1792.21,363.08,85.72,206.87,0.4788,-1,-1,-1
476,3,1024.36,926.18,78.36,153.53,0.7218,-1,-1,-1
476,4,1713.54,455.93,82.82,214.12,0.4998,-1,-1,-1
476,8,223.83,699.90,95.55,269.42,0.7453,-1,-1,-1
476,32,936.78,3.24,53.52,141.33,0.3197,-1,-1,-1
476,38,1001.87,-0.25,55.56,148.39,0.3118,-1,-1,-1
476,27,916.24,631.17,78.42,231.11,0.6058,-1,-1,-1
476,19,453.86,179.51,65.20,185.09,0.5311,-1,-1,-1
476,45,994.94,654.33,74.44,223.43,0.5613,-1,-1,-1
476,25,321.40,728.22,78.52,250.48,0.7718,-1,-1,-1
476,49,802.37,142.91,49.71,177.08,0.4350,-1,-1,-1
476,2,808.25,589.05,94.87,256.43,0.7432,-1,-1,-1
476,54,1787.68,362.47,87.64,207.87,0.4429,-1,-1,-1
477,3,1023.90,926.71,78.46,153.13,0.7135,-1,-1,-1
477,4,1712.97,456.88,83.74,212.68,0.5110,-1,-1,-1
477,8,222.73,701.80,95.05,267.65,0.7464,-1,-1,-1
477,32,936.84,3.15,52.98,140.79,0.2788,-1,-1,-1
477,38,1001.61,1.80,54.33,146.64,0.2707,-1,-1,-1
477,27,916.30,633.28,79.90,230.54,0.6560,-1,-1,-1
477,19,451.89,176.01,67.84,187.91,0.5386,-1,-1,-1
477,45,996.95,656.02,72.13,222.28,0.5793,-1,-1,-1
477,25,320.24,730.30,78.07,251.63,0.7649,-1,-1,-1
477,49,802.17,144.64,50.20,175.50,0.4651,-1,-1,-1
477,2,808.45,589.76,92.08,255.45,0.7750,-1,-1,-1
477,54,1786.99,361.82,86.59,207.47,0.5018,-1,-1,-1
478,3,1023.35,928.13,78.26,151.90,0.7246,-1,-1,-1
478,4,1710.54,457.02,86.46,212.05,0.4684,-1,-1,-1
478,8,220.57,703.50,95.70,266.49,0.7401,-1,-1,-1
478,32,937.51,4.24,52.03,139.69,0.3251,-1,-1,-1
478,38,1001.62,1.43,53.67,146.24,0.3082,-1,-1,-1
478,27,914.53,635.24,81.98,229.60,0.6714,-1,-1,-1
478,19,453.13,176.99,66.70,185.54,0.5338,-1,-1,-1
478,45,998.42,656.83,71.25,220.93,0.5603,-1,-1,-1
478,25,319.91,732.83,77.75,252.66,0.7587,-1,-1,-1
478,49,802.25,145.44,50.35,174.87,0.4709,-1,-1,-1
478,2,807.93,590.39,89.32,255.15,0.7848,-1,-1,-1
478,54,1789.18,360.34,82.51,206.63,0.4611,-1,-1,-1
479,3,1022.38,929.32,77.93,150.71,0.7199,-1,-1,-1
479,4,1710.78,457.40,86.64,211.05,0.4743,-1,-1,-1
479,8,220.01,704.45,96.63,265.26,0.7293,-1,-1,-1
479,32,937.44,4.35,50.98,139.08,0.3325,-1,-1,-1
479,38,1001.62,1.10,51.61,144.69,0.2898,-1,-1,-1
479,27,914.86,638.43,81.17,231.48,0.7042,-1,-1,-1
479,19,452.38,176.63,67.69,185.88,0.5666,-1,-1,-1
479,45,997.76,657.20,72.35,222.13,0.6304,-1,-1,-1
479,25,317.91,734.80,79.49,254.34,0.7569,-1,-1,-1
479,49,803.59,145.83,49.19,175.16,0.4562,-1,-1,-1
479,2,807.19,591.10,86.50,254.42,0.7851,-1,-1,-1
479,54,1787.08,360.07,82.88,206.36,0.5366,-1,-1,-1
480,3,1020.80,931.63,78.31,148.55,0.7371,-1,-1,-1
480,4,1700.03,456.99,98.46,210.44,0.3887,-1,-1,-1
480,8,219.20,705.00,94.83,263.83,0.7455,-1,-1,-1
480,32,936.22,2.56,51.29,139.12,0.3027,-1,-1,-1
480,38,1001.35,1.29,50.85,142.14,0.2767,-1,-1,-1
480,27,913.16,640.97,83.23,237.12,0.6699,-1,-1,-1
480,19,447.60,173.52,73.29,190.48,0.5275,-1,-1,-1
480,45,998.84,658.32,70.82,220.78,0.6105,-1,-1,-1
480,25,313.69,736.82,82.04,253.71,0.7508,-1,-1,-1
480,49,804.94,146.25,47.47,175.22,0.4214,-1,-1,-1
480,2,805.99,592.08,85.47,254.04,0.7775,-1,-1,-1
480,54,1787.01,359.44,78.71,206.68,0.5201,-1,-1,-1
480,47,1730.21,169.82,60.45,169.21,0.3439,-1,-1,-1
481,3,1019.76,931.37,78.63,148.70,0.7375,-1,-1,-1
481,4,1702.88,457.73,96.32,210.22,0.3960,-1,-1,-1
481,8,218.98,705.16,93.02,263.23,0.7620,-1,-1,-1
481,32,934.43,1.42,52.31,138.46,0.3851,-1,-1,-1
481,38,1000.66,0.48,52.38,142.83,0.3817,-1,-1,-1
481,27,910.76,643.80,85.17,236.71,0.6780,-1,-1,-1
481,19,446.27,171.60,75.03,192.49,0.5352,-1,-1,-1
481,45,995.03,660.08,74.18,220.86,0.5935,-1,-1,-1
481,25,307.44,737.81,86.45,254.76,0.7765,-1,-1,-1
481,49,804.57,144.60,47.86,176.19,0.4373,-1,-1,-1
481,2,805.41,593.22,83.90,253.52,0.7920,-1,-1,-1
481,54,1787.63,358.26,74.71,205.20,0.5711,-1,-1,-1
481,47,1729.82,170.00,61.85,170.08,0.4173,-1,-1,-1
482,3,1019.42,932.60,78.67,147.49,0.7318,-1,-1,-1
482,4,1705.62,458.55,92.83,210.01,0.4341,-1,-1,-1
482,8,219.12,706.50,91.43,261.70,0.7567,-1,-1,-1
482,32,933.67,1.23,52.37,135.92,0.3260,-1,-1,-1
482,38,999.81,0.54,52.40,142.65,0.3558,-1,-1,-1
482,27,908.44,645.95,87.83,244.39,0.6959,-1,-1,-1
482,19,449.02,174.37,72.42,188.16,0.5106,-1,-1,-1
482,45,995.64,662.41,73.79,221.64,0.6288,-1,-1,-1
482,25,305.93,738.82,86.55,255.74,0.7730,-1,-1,-1
482,49,805.26,144.32,47.43,176.99,0.4877,-1,-1,-1
482,2,804.47,594.18,83.29,253.34,0.7817,-1,-1,-1
482,54,1786.59,356.71,72.78,205.86,0.5449,-1,-1,-1
482,47,1729.27,171.61,63.27,169.97,0.4141,-1,-1,-1
483,3,1019.02,933.06,78.95,146.96,0.7341,-1,-1,-1
483,4,1698.57,458.21,100.51,209.87,0.3725,-1,-1,-1
483,8,218.74,707.54,91.37,259.83,0.7560,-1,-1,-1
483,32,933.45,1.39,52.06,134.58,0.3301,-1,-1,-1
483,38,999.26,0.12,52.97,144.17,0.3856,-1,-1,-1
483,27,908.75,648.44,87.21,246.16,0.7108,-1,-1,-1
483,19,452.26,173.36,69.36,188.49,0.5149,-1,-1,-1
483,45,997.85,664.33,72.34,221.86,0.6214,-1,-1,-1
483,25,303.34,739.75,86.72,255.84,0.7747,-1,-1,-1
483,49,805.66,143.63,47.21,176.77,0.4693,-1,-1,-1
483,2,802.59,595.18,83.70,252.48,0.7749,-1,-1,-1
483,54,1784.83,355.59,72.83,206.47,0.5061,-1,-1,-1
483,47,1729.11,170.69,62.58,171.35,0.4124,-1,-1,-1
484,3,1018.34,933.45,79.91,146.48,0.7211,-1,-1,-1
484,4,1695.00,458.39,104.09,210.34,0.3799,-1,-1,-1
484,8,218.52,708.97,90.65,257.64,0.7553,-1,-1,-1
484,32,933.16,2.29,51.98,131.40,0.3277,-1,-1,-1
484,38,999.65,-0.04,52.58,144.70,0.4211,-1,-1,-1
484,27,909.49,649.44,86.43,249.34,0.7006,-1,-1,-1
484,19,455.57,172.80,65.02,188.80,0.5114,-1,-1,-1
484,45,998.79,667.08,72.17,223.29,0.6051,-1,-1,-1
484,25,302.33,740.85,85.91,254.82,0.7661,-1,-1,-1
484,49,807.28,144.61,45.74,175.48,0.4644,-1,-1,-1
484,2,801.12,596.22,85.31,251.35,0.7704,-1,-1,-1
484,54,1785.75,354.06,68.23,205.49,0.5102,-1,-1,-1
484,47,1729.36,170.03,63.84,172.69,0.4064,-1,-1,-1
485,3,1018.02,933.91,80.70,146.07,0.7110,-1,-1,-1
485,4,1683.04,457.91,116.17,209.37,0.3766,-1,-1,-1
485,8,218.05,710.84,90.61,256.70,0.7631,-1,-1,-1
485,32,931.87,2.35,52.51,128.89,0.3161,-1,-1,-1
485,38,999.64,-0.09,52.04,143.85,0.4202,-1,-1,-1
485,27,910.97,650.44,84.10,248.18,0.7237,-1,-1,-1
485,19,456.41,171.05,63.84,190.23,0.5326,-1,-1,-1
485,45,999.17,668.79,72.81,225.66,0.6333,-1,-1,-1
485,25,300.64,742.23,85.89,253.16,0.7637,-1,-1,-1
485,49,808.18,144.90,44.92,175.71,0.4741,-1,-1,-1
485,2,799.75,597.08,86.84,250.72,0.7825,-1,-1,-1
485,54,1784.17,353.16,67.82,200.57,0.4362,-1,-1,-1
485,47,1729.10,170.11,65.46,174.65,0.3886,-1,-1,-1
486,3,1017.16,934.34,81.71,145.66,0.7146,-1,-1,-1
486,4,1677.13,456.98,118.59,211.11,0.2663,-1,-1,-1
486,8,216.99,712.70,90.77,258.52,0.7752,-1,-1,-1
486,32,931.99,2.47,51.82,128.29,0.3431,-1,-1,-1
486,38,999.50,-0.09,51.34,143.62,0.4080,-1,-1,-1
486,27,910.87,651.38,83.82,246.22,0.7323,-1,-1,-1
486,19,458.50,165.01,61.77,196.11,0.5532,-1,-1,-1
486,45,1000.83,671.04,71.40,223.11,0.6571,-1,-1,-1
486,25,299.77,742.90,85.41,252.02,0.7718,-1,-1,-1
486,49,808.51,145.43,45.27,175.14,0.4851,-1,-1,-1
486,2,799.02,597.58,88.36,251.12,0.7894,-1,-1,-1
486,54,1782.46,351.43,67.35,200.54,0.4604,-1,-1,-1
486,47,1729.00,175.53,66.10,171.55,0.3636,-1,-1,-1
487,3,1017.42,935.10,81.93,145.02,0.7063,-1,-1,-1
487,4,1681.52,456.64,113.22,210.68,0.3792,-1,-1,-1
487,8,216.80,713.92,91.13,262.31,0.7684,-1,-1,-1
487,32,932.35,2.36,51.12,128.17,0.2979,-1,-1,-1
487,38,999.59,-0.14,50.76,142.75,0.3556,-1,-1,-1
487,27,911.02,652.25,84.09,242.89,0.7372,-1,-1,-1
487,19,459.38,163.42,59.75,196.14,0.5256,-1,-1,-1
487,45,1003.90,673.22,69.08,223.62,0.6621,-1,-1,-1
487,25,300.73,744.50,83.11,250.71,0.7635,-1,-1,-1
487,49,808.11,145.72,46.57,175.63,0.4553,-1,-1,-1
487,2,798.09,598.33,91.40,251.13,0.7921,-1,-1,-1
487,54,1780.82,351.17,67.27,199.59,0.3960,-1,-1,-1
487,47,1729.91,175.81,65.22,174.94,0.3079,-1,-1,-1
487,53,1632.94,326.11,56.87,188.60,0.4469,-1,-1,-1
488,3,1017.69,936.11,82.04,143.98,0.7178,-1,-1,-1
488,4,1679.91,456.55,113.75,210.71,0.3558,-1,-1,-1
488,8,216.61,715.87,91.54,268.54,0.7674,-1,-1,-1
488,32,931.90,2.51,51.73,128.39,0.3154,-1,-1,-1
488,38,1000.08,-0.08,50.34,142.02,0.3833,-1,-1,-1
488,27,911.49,653.30,85.19,241.29,0.7077,-1,-1,-1
488,19,461.94,160.76,56.23,195.68,0.4915,-1,-1,-1
488,45,1006.18,675.48,68.43,224.05,0.6982,-1,-1,-1
488,25,299.75,747.78,82.53,247.74,0.7647,-1,-1,-1
488,49,808.23,146.27,47.40,175.49,0.4589,-1,-1,-1
488,2,797.28,599.76,93.16,249.94,0.7807,-1,-1,-1
488,54,1778.65,356.39,67.25,198.71,0.2393,-1,-1,-1
488,47,1730.24,176.29,65.24,176.04,0.3470,-1,-1,-1
488,53,1632.03,328.32,56.70,186.41,0.3776,-1,-1,-1
489,3,1017.35,936.54,82.85,143.48,0.7169,-1,-1,-1
489,4,1686.41,455.53,106.61,212.04,0.3644,-1,-1,-1
489,8,216.30,717.96,91.23,271.50,0.7681,-1,-1,-1
489,32,931.44,2.52,51.81,127.81,0.3422,-1,-1,-1
489,38,1001.04,2.00,49.06,139.85,0.3570,-1,-1,-1
489,27,911.92,654.29,86.47,239.21,0.6961,-1,-1,-1
489,19,463.19,159.81,53.91,192.43,0.4754,-1,-1,-1
489,45,1008.01,677.10,68.58,225.20,0.6841,-1,-1,-1
489,25,299.43,749.97,82.13,249.78,0.7600,-1,-1,-1
489,49,809.14,145.21,47.09,175.15,0.4409,-1,-1,-1
489,2,797.21,600.65,93.30,251.47,0.7879,-1,-1,-1
489,54,1776.27,361.41,66.75,195.56,0.2218,-1,-1,-1
489,47,1731.29,177.85,64.75,174.87,0.3642,-1,-1,-1
489,53,1633.29,332.54,54.01,182.08,0.3795,-1,-1,-1
490,3,1015.71,937.09,84.88,142.98,0.6999,-1,-1,-1
490,4,1694.26,455.09,97.92,212.90,0.3644,-1,-1,-1
490,8,215.08,720.54,92.82,274.82,0.7642,-1,-1,-1
490,32,930.94,2.53,51.95,127.14,0.3175,-1,-1,-1
490,38,1001.64,3.58,48.28,136.22,0.2836,-1,-1,-1
490,27,914.07,655.66,85.42,234.49,0.6985,-1,-1,-1
490,19,464.60,159.88,52.59,187.03,0.4464,-1,-1,-1
490,45,1009.78,678.28,68.88,226.54,0.7207,-1,-1,-1
490,25,299.46,751.86,80.62,251.61,0.7510,-1,-1,-1
490,49,810.55,144.74,46.30,175.69,0.3722,-1,-1,-1
490,2,796.99,601.23,94.17,254.65,0.7887,-1,-1,-1
490,54,1774.03,363.91,67.42,192.93,0.1570,-1,-1,-1
490,47,1731.97,179.96,63.58,171.60,0.4089,-1,-1,-1
490,53,1632.37,329.21,54.23,186.58,0.4461,-1,-1,-1
491,3,1016.45,937.74,84.43,142.28,0.6963,-1,-1,-1
491,4,1703.14,455.77,89.22,214.45,0.4162,-1,-1,-1
491,8,214.19,722.92,93.30,277.37,0.7583,-1,-1,-1
491,32,930.86,2.61,51.76,126.29,0.2641,-1,-1,-1
491,38,1001.99,5.79,47.84,133.00,0.3247,-1,-1,-1
491,27,918.58,659.60,81.87,238.26,0.7045,-1,-1,-1
491,19,462.51,158.02,56.17,186.38,0.4018,-1,-1,-1
491,45,1011.14,679.70,69.67,226.22,0.6897,-1,-1,-1
491,25,297.86,754.03,81.83,257.48,0.7472,-1,-1,-1
491,49,809.43,145.83,49.42,174.17,0.3810,-1,-1,-1
491,2,797.30,602.11,94.81,257.80,0.7815,-1,-1,-1
491,47,1732.83,181.41,62.54,170.17,0.3437,-1,-1,-1
491,53,1631.01,332.19,54.91,183.98,0.3466,-1,-1,-1
492,3,1016.81,938.11,84.17,141.91,0.7052,-1,-1,-1
492,4,1703.57,457.20,89.20,211.20,0.4302,-1,-1,-1
492,8,213.00,724.86,95.41,279.46,0.7728,-1,-1,-1
492,32,932.57,1.91,50.56,128.76,0.2303,-1,-1,-1
492,38,1002.31,6.40,46.74,129.54,0.2779,-1,-1,-1
492,27,920.24,661.48,80.63,239.63,0.7229,-1,-1,-1
492,19,464.71,157.83,54.50,186.03,0.3149,-1,-1,-1
492,45,1012.21,682.00,71.42,224.71,0.6817,-1,-1,-1
492,25,297.59,756.43,80.83,257.91,0.7411,-1,-1,-1
492,49,809.14,146.09,50.92,172.71,0.3526,-1,-1,-1
492,2,798.12,603.37,94.96,258.27,0.7873,-1,-1,-1
492,47,1733.63,182.19,61.66,168.30,0.4372,-1,-1,-1
492,53,1629.55,328.75,55.63,186.97,0.4029,-1,-1,-1
493,3,1016.82,938.27,84.47,141.73,0.6854,-1,-1,-1
493,4,1708.78,457.51,85.62,211.81,0.4885,-1,-1,-1
493,8,212.26,727.80,95.37,278.40,0.7795,-1,-1,-1
493,32,932.87,1.45,50.71,129.02,0.2273,-1,-1,-1
493,38,1002.48,6.40,46.30,129.24,0.2883,-1,-1,-1
493,27,920.60,663.43,81.07,241.71,0.7047,-1,-1,-1
493,19,467.10,158.60,52.80,184.88,0.2130,-1,-1,-1
493,45,1014.13,682.47,72.57,226.22,0.6374,-1,-1,-1
493,25,298.41,759.32,80.84,256.01,0.7377,-1,-1,-1
493,49,807.85,145.69,53.38,172.86,0.3329,-1,-1,-1
493,2,799.56,604.54,94.53,258.14,0.7696,-1,-1,-1
493,47,1734.15,184.24,61.35,167.15,0.4839,-1,-1,-1
493,53,1627.93,325.07,57.35,189.54,0.3513,-1,-1,-1
493,57,1812.32,169.88,72.58,183.35,0.3694,-1,-1,-1
494,3,1016.99,938.67,84.50,141.37,0.6785,-1,-1,-1
494,4,1715.31,454.55,79.52,215.87,0.5248,-1,-1,-1
494,8,212.47,730.11,95.10,278.43,0.7788,-1,-1,-1
494,38,1002.29,6.85,46.92,127.03,0.2617,-1,-1,-1
494,27,921.62,665.93,81.17,240.43,0.6696,-1,-1,-1
494,19,466.93,159.58,53.99,183.66,0.2070,-1,-1,-1
494,45,1015.46,684.44,74.59,222.23,0.6311,-1,-1,-1
494,25,298.77,762.78,79.57,255.39,0.7432,-1,-1,-1
494,49,806.63,145.63,55.65,172.05,0.3061,-1,-1,-1
494,2,800.69,605.84,94.36,256.80,0.7555,-1,-1,-1
494,47,1734.99,184.77,62.44,167.18,0.4623,-1,-1,-1
494,53,1626.88,323.17,58.10,190.99,0.3999,-1,-1,-1
494,57,1813.67,170.47,75.14,183.12,0.3285,-1,-1,-1
495,3,1017.59,938.10,84.47,141.90,0.6710,-1,-1,-1
495,4,1720.63,452.18,75.14,217.03,0.6053,-1,-1,-1
495,8,212.10,732.29,94.21,276.79,0.7754,-1,-1,-1
495,38,1002.48,7.14,47.07,126.17,0.2684,-1,-1,-1
495,27,921.79,667.88,81.53,243.60,0.6567,-1,-1,-1
495,19,468.20,163.63,54.53,178.81,0.1803,-1,-1,-1
495,45,1017.74,685.52,75.11,221.54,0.5849,-1,-1,-1
495,25,298.73,766.46,78.82,258.29,0.7373,-1,-1,-1
495,49,806.64,145.31,56.16,172.11,0.3357,-1,-1,-1
495,2,803.25,606.36,91.64,254.81,0.7531,-1,-1,-1
495,47,1734.56,186.18,63.82,170.90,0.4903,-1,-1,-1
495,53,1626.04,323.23,58.55,190.60,0.4025,-1,-1,-1
495,57,1815.00,172.92,77.47,182.36,0.3452,-1,-1,-1
496,3,1019.00,939.00,83.43,141.00,0.6835,-1,-1,-1
496,4,1724.20,451.93,72.59,217.28,0.5829,-1,-1,-1
496,8,211.50,735.34,94.28,274.14,0.7731,-1,-1,-1
496,38,1002.58,6.46,47.01,124.44,0.2779,-1,-1,-1
496,27,922.43,670.72,81.85,239.14,0.6905,-1,-1,-1
496,19,467.78,165.55,57.42,176.99,0.1942,-1,-1,-1
496,45,1018.72,686.88,75.09,221.00,0.5953,-1,-1,-1
496,25,297.25,768.71,80.08,259.12,0.7489,-1,-1,-1
496,49,805.79,144.77,56.78,171.93,0.3310,-1,-1,-1
496,2,807.56,606.39,86.97,251.15,0.7422,-1,-1,-1
496,47,1734.26,187.57,64.93,172.18,0.4689,-1,-1,-1
496,53,1624.87,322.19,58.26,189.52,0.4355,-1,-1,-1
496,57,1817.06,175.14,79.31,182.45,0.2570,-1,-1,-1
496,59,1630.15,584.39,104.56,227.65,0.5684,-1,-1,-1
496,50,1538.87,610.11,87.35,220.19,0.4056,-1,-1,-1
497,3,1020.50,939.08,81.95,140.86,0.6768,-1,-1,-1
497,4,1726.30,452.40,70.07,217.14,0.5619,-1,-1,-1
497,8,212.65,736.89,91.89,270.75,0.7466,-1,-1,-1
497,38,1002.94,6.04,46.95,125.48,0.3033,-1,-1,-1
497,27,923.27,673.45,81.54,237.77,0.6546,-1,-1,-1
497,19,467.60,162.87,59.44,180.32,0.2757,-1,-1,-1
497,45,1020.51,687.78,73.78,221.18,0.5564,-1,-1,-1
497,25,294.90,770.46,82.13,259.23,0.7609,-1,-1,-1
497,49,805.76,145.05,56.30,172.42,0.3695,-1,-1,-1
497,2,812.66,606.55,82.11,248.77,0.7183,-1,-1,-1
497,47,1734.17,188.28,65.69,172.16,0.4950,-1,-1,-1
497,53,1623.92,321.92,59.20,188.87,0.3741,-1,-1,-1
497,57,1818.28,175.65,81.18,183.80,0.3811,-1,-1,-1
497,59,1635.97,590.88,97.71,221.37,0.2905,-1,-1,-1
497,50,1538.84,609.71,87.59,220.42,0.4271,-1,-1,-1
498,3,1020.79,938.45,81.84,141.47,0.6604,-1,-1,-1
498,4,1728.11,453.22,69.03,215.88,0.5067,-1,-1,-1
498,8,212.89,738.54,90.85,267.59,0.7399,-1,-1,-1
498,38,1002.78,5.78,47.33,124.92,0.2653,-1,-1,-1
498,27,924.68,675.52,81.02,239.07,0.6437,-1,-1,-1
498,19,467.93,163.31,59.30,179.66,0.2866,-1,-1,-1
498,45,1020.20,689.32,76.94,220.98,0.5130,-1,-1,-1
498,25,294.61,772.19,82.21,258.00,0.7493,-1,-1,-1
498,49,804.53,145.45,56.72,172.48,0.3527,-1,-1,-1
498,2,815.45,606.67,80.11,247.25,0.7065,-1,-1,-1
498,47,1733.36,188.71,66.77,172.37,0.4556,-1,-1,-1
498,53,1623.55,321.39,58.42,189.74,0.3610,-1,-1,-1
498,57,1819.54,176.30,81.04,186.66,0.3462,-1,-1,-1
498,59,1640.95,593.47,94.82,220.59,0.4391,-1,-1,-1
498,50,1539.26,609.27,87.56,221.15,0.4614,-1,-1,-1
498,60,410.65,164.93,52.88,182.06,0.4127,-1,-1,-1
499,3,1022.45,937.82,80.12,142.11,0.6733,-1,-1,-1
499,4,1728.65,451.06,68.39,216.31,0.2574,-1,-1,-1
499,8,212.39,740.68,90.81,265.87,0.7516,-1,-1,-1
499,38,1002.71,5.45,47.34,125.28,0.2728,-1,-1,-1
499,27,925.37,677.79,81.09,238.34,0.6096,-1,-1,-1
499,19,468.92,163.38,59.27,176.32,0.3281,-1,-1,-1
499,45,1023.09,693.20,74.10,218.94,0.5118,-1,-1,-1
499,25,293.89,773.28,82.49,256.97,0.7413,-1,-1,-1
499,49,802.70,143.60,56.62,173.95,0.3382,-1,-1,-1
499,2,819.13,607.48,77.01,246.31,0.6843,-1,-1,-1
499,47,1732.54,188.81,67.96,170.37,0.4907,-1,-1,-1
499,53,1623.78,318.53,57.81,191.02,0.2791,-1,-1,-1
499,57,1820.53,177.58,81.42,186.68,0.3901,-1,-1,-1
499,59,1645.22,591.19,88.24,222.71,0.3680,-1,-1,-1
499,50,1539.08,609.82,87.66,220.17,0.4849,-1,-1,-1
499,60,408.87,165.27,56.14,182.16,0.4461,-1,-1,-1
500,3,1024.72,936.43,78.50,143.50,0.6737,-1,-1,-1
500,4,1728.91,450.49,67.15,217.54,0.4888,-1,-1,-1
500,8,209.89,742.11,92.80,266.62,0.7710,-1,-1,-1
500,38,1002.44,5.23,47.89,125.12,0.2600,-1,-1,-1
500,27,924.94,679.30,83.85,245.66,0.6173,-1,-1,-1
500,19,466.79,164.73,60.77,172.34,0.3283,-1,-1,-1
500,45,1024.22,696.88,72.25,213.12,0.4809,-1,-1,-1
500,25,293.45,774.10,81.80,255.87,0.7339,-1,-1,-1
500,49,802.42,142.47,55.90,175.75,0.3537,-1,-1,-1
500,2,821.10,607.86,75.78,245.02,0.6898,-1,-1,-1
500,47,1732.10,189.30,69.05,169.31,0.4945,-1,-1,-1
500,53,1623.26,315.32,58.86,180.21,0.3241,-1,-1,-1
500,57,1821.64,178.80,81.54,188.14,0.3858,-1,-1,-1
500,59,1654.61,594.45,78.49,219.62,0.4562,-1,-1,-1
500,50,1538.16,610.44,89.22,218.53,0.4108,-1,-1,-1
500,60,407.38,166.04,57.78,180.31,0.4762,-1,-1,-1
501,3,1027.51,935.56,76.66,144.37,0.6431,-1,-1,-1
501,4,1728.58,449.08,66.50,218.83,0.4562,-1,-1,-1
501,8,208.78,743.40,93.41,263.73,0.7791,-1,-1,-1
501,38,1002.39,4.86,48.00,124.39,0.2560,-1,-1,-1
501,27,927.49,680.04,82.67,250.54,0.6007,-1,-1,-1
501,19,465.72,162.51,62.78,174.36,0.3619,-1,-1,-1
501,45,1024.29,698.80,72.95,212.09,0.5119,-1,-1,-1
501,25,293.29,774.93,80.60,255.41,0.7207,-1,-1,-1
501,49,802.15,143.70,54.74,174.09,0.3575,-1,-1,-1
501,2,822.52,608.60,74.80,244.96,0.7016,-1,-1,-1
501,47,1731.70,189.33,70.01,169.78,0.4953,-1,-1,-1
501,53,1622.58,312.89,59.26,180.94,0.3598,-1,-1,-1
501,57,1823.05,179.87,81.24,191.07,0.3555,-1,-1,-1
501,59,1659.58,593.33,73.05,220.36,0.5209,-1,-1,-1
501,50,1538.46,611.06,87.92,214.94,0.3794,-1,-1,-1
501,60,407.18,167.82,58.29,178.92,0.5121,-1,-1,-1
502,3,1029.03,934.97,76.51,145.01,0.6754,-1,-1,-1
502,4,1729.56,449.27,64.48,219.44,0.4434,-1,-1,-1
502,8,208.24,745.01,93.72,262.68,0.7750,-1,-1,-1
502,38,1002.14,4.66,48.37,123.09,0.1985,-1,-1,-1
502,27,927.67,681.73,83.65,254.62,0.6319,-1,-1,-1
502,19,467.17,160.85,62.94,175.01,0.3315,-1,-1,-1
502,45,1025.40,701.19,73.34,208.72,0.5835,-1,-1,-1
502,25,292.57,775.64,80.80,254.33,0.7334,-1,-1,-1
502,49,800.70,144.20,54.50,174.52,0.3099,-1,-1,-1
502,2,822.94,609.12,74.50,245.98,0.7026,-1,-1,-1
502,47,1731.77,189.97,70.11,167.87,0.4923,-1,-1,-1
502,53,1621.44,310.90,58.69,179.67,0.1996,-1,-1,-1
502,57,1825.63,180.45,79.38,193.96,0.3009,-1,-1,-1
502,59,1663.18,595.75,69.38,219.82,0.4939,-1,-1,-1
502,50,1538.61,610.10,87.05,215.11,0.3928,-1,-1,-1
502,60,406.53,169.38,58.59,177.17,0.4810,-1,-1,-1
502,44,1662.59,596.27,70.05,219.90,0.4939,-1,-1,-1
503,3,1030.42,934.22,76.36,145.74,0.6440,-1,-1,-1
503,4,1730.19,446.55,63.30,222.25,0.4008,-1,-1,-1
503,8,208.29,746.53,93.09,263.50,0.7599,-1,-1,-1
503,38,1001.86,4.34,49.15,123.20,0.2223,-1,-1,-1
503,27,928.61,683.13,84.25,253.72,0.6169,-1,-1,-1
503,19,469.77,159.87,60.85,173.67,0.3056,-1,-1,-1
503,45,1026.33,703.70,73.09,203.43,0.5887,-1,-1,-1
503,25,289.69,776.43,80.94,254.51,0.7495,-1,-1,-1
503,49,800.20,145.12,52.78,174.33,0.3193,-1,-1,-1
503,2,822.73,609.35,74.73,246.42,0.7175,-1,-1,-1
503,47,1732.46,190.46,69.67,168.34,0.4667,-1,-1,-1
503,53,1621.13,308.41,59.01,180.48,0.3396,-1,-1,-1
503,57,1827.91,180.17,78.03,197.76,0.2995,-1,-1,-1
503,59,1667.96,600.25,64.82,214.18,0.4717,-1,-1,-1
503,50,1536.49,611.57,90.04,215.03,0.4742,-1,-1,-1
503,60,404.94,170.44,61.16,175.65,0.4872,-1,-1,-1
503,44,1667.83,600.08,66.60,215.75,0.4717,-1,-1,-1
504,3,1032.42,933.40,75.26,146.54,0.6368,-1,-1,-1
504,4,1730.02,446.69,63.19,223.45,0.3405,-1,-1,-1
504,8,209.58,747.89,91.33,268.00,0.7556,-1,-1,-1
504,38,1001.42,4.26,49.42,123.83,0.1996,-1,-1,-1
504,27,927.85,684.26,86.61,252.11,0.5844,-1,-1,-1
504,19,471.52,157.44,60.89,173.25,0.3164,-1,-1,-1
504,45,1028.65,705.02,70.77,211.37,0.5908,-1,-1,-1
504,25,286.87,777.46,81.29,253.51,0.7734,-1,-1,-1
504,49,800.58,146.07,50.81,173.88,0.2664,-1,-1,-1
504,2,822.71,609.68,74.36,247.33,0.6927,-1,-1,-1
504,47,1733.36,191.11,68.54,169.64,0.4795,-1,-1,-1
504,53,1620.33,306.22,59.50,183.49,0.2655,-1,-1,-1
504,57,1829.42,180.99,76.63,200.57,0.2853,-1,-1,-1
504,50,1534.91,611.70,91.97,214.73,0.3537,-1,-1,-1
504,60,403.75,170.78,64.20,174.14,0.4742,-1,-1,-1
504,44,1671.41,604.30,66.83,213.36,0.2574,-1,-1,-1
505,3,1033.38,933.73,74.89,146.25,0.6742,-1,-1,-1
505,4,1729.86,451.87,62.65,218.08,0.3928,-1,-1,-1
505,8,209.40,749.82,89.66,272.59,0.7347,-1,-1,-1
505,38,1001.02,3.81,50.68,124.10,0.2086,-1,-1,-1
505,27,928.26,684.82,86.65,251.81,0.5511,-1,-1,-1
505,19,470.23,152.98,62.37,176.11,0.4156,-1,-1,-1
505,45,1030.27,706.52,69.68,215.85,0.6070,-1,-1,-1
505,25,283.20,778.94,84.67,253.34,0.7731,-1,-1,-1
505,49,800.69,146.74,48.74,174.77,0.2531,-1,-1,-1
505,2,822.85,610.05,74.15,248.71,0.6718,-1,-1,-1
505,47,1736.60,190.78,65.25,170.55,0.4989,-1,-1,-1
505,53,1620.01,305.18,60.26,184.71,0.3245,-1,-1,-1
505,57,1830.96,181.70,78.30,202.19,0.2327,-1,-1,-1
505,50,1534.50,617.71,92.47,209.39,0.2783,-1,-1,-1
505,60,402.36,170.81,66.55,174.20,0.4757,-1,-1,-1
505,44,1672.82,610.42,70.20,210.36,0.1662,-1,-1,-1
506,3,1034.86,932.93,74.56,147.04,0.6656,-1,-1,-1
506,4,1729.53,456.86,62.60,212.47,0.4967,-1,-1,-1
506,8,209.26,751.47,87.93,277.38,0.7277,-1,-1,-1
506,38,1000.62,2.84,50.89,123.65,0.1741,-1,-1,-1
506,27,922.14,686.44,93.87,248.64,0.6131,-1,-1,-1
506,19,470.60,148.30,62.16,180.19,0.3819,-1,-1,-1
506,45,1030.98,707.60,70.25,219.43,0.6350,-1,-1,-1
506,25,279.95,780.42,87.60,254.93,0.7597,-1,-1,-1
506,49,800.15,147.31,47.81,175.59,0.3007,-1,-1,-1
506,2,822.64,610.19,74.93,250.21,0.6797,-1,-1,-1
506,47,1738.54,193.55,63.65,167.95,0.4964,-1,-1,-1
506,53,1619.84,304.66,59.78,185.66,0.4622,-1,-1,-1
506,57,1831.74,183.40,81.85,201.31,0.2666,-1,-1,-1
506,50,1534.23,621.39,92.78,202.58,0.2125,-1,-1,-1
506,60,401.14,170.94,67.72,175.47,0.4545,-1,-1,-1
507,3,1036.31,933.73,74.90,146.31,0.6482,-1,-1,-1
507,4,1728.69,458.04,63.08,211.48,0.3478,-1,-1,-1
507,8,208.80,753.48,87.04,278.95,0.7257,-1,-1,-1
507,38,999.03,2.71,52.21,123.12,0.1905,-1,-1,-1
507,27,927.07,687.50,90.57,246.25,0.6068,-1,-1,-1
507,19,469.91,151.42,60.64,174.74,0.3046,-1,-1,-1
507,45,1030.77,708.87,71.07,222.42,0.6134,-1,-1,-1
507,25,278.33,782.15,89.30,259.31,0.7620,-1,-1,-1
507,49,799.98,147.38,46.86,173.46,0.2692,-1,-1,-1
507,2,823.61,611.26,73.49,249.56,0.6979,-1,-1,-1
507,47,1739.49,194.27,62.50,166.30,0.4658,-1,-1,-1
507,53,1619.13,303.11,60.38,187.67,0.4307,-1,-1,-1
507,57,1831.99,184.28,82.96,201.03,0.2609,-1,-1,-1
507,50,1535.65,620.19,93.26,209.36,0.2464,-1,-1,-1
507,60,399.71,168.75,68.52,179.59,0.3865,-1,-1,-1
508,3,1037.38,933.51,75.49,146.50,0.6493,-1,-1,-1
508,4,1728.07,459.82,62.24,208.13,0.3725,-1,-1,-1
508,8,208.08,755.51,87.53,279.08,0.7430,-1,-1,-1
508,38,998.38,2.22,53.63,123.22,0.2129,-1,-1,-1
508,27,924.86,688.59,93.81,247.51,0.6068,-1,-1,-1
508,19,468.14,147.32,61.15,176.71,0.2809,-1,-1,-1
508,45,1030.74,710.27,71.89,223.70,0.6238,-1,-1,-1
508,25,277.02,784.02,91.25,263.13,0.7674,-1,-1,-1
508,49,799.94,147.74,45.74,173.64,0.2839,-1,-1,-1
508,2,825.02,611.60,72.21,249.20,0.7005,-1,-1,-1
508,47,1741.09,195.44,60.79,165.14,0.5248,-1,-1,-1
508,53,1618.83,303.42,60.96,187.20,0.4918,-1,-1,-1
508,57,1836.25,187.16,75.95,197.54,0.2735,-1,-1,-1
508,60,398.10,172.22,67.64,180.84,0.2452,-1,-1,-1
509,3,1038.76,933.27,75.52,146.76,0.6428,-1,-1,-1
509,4,1727.54,459.49,63.56,206.98,0.3603,-1,-1,-1
509,8,206.85,758.21,86.52,275.88,0.7324,-1,-1,-1
509,38,997.15,1.93,53.39,122.87,0.1936,-1,-1,-1
509,27,928.77,690.35,92.00,248.77,0.6219,-1,-1,-1
509,19,464.90,147.21,64.82,176.63,0.2821,-1,-1,-1
509,45,1031.16,710.74,74.19,228.09,0.6290,-1,-1,-1
509,25,278.24,787.50,88.30,261.13,0.7676,-1,-1,-1
509,49,798.64,146.68,46.64,173.92,0.2684,-1,-1,-1
509,2,825.88,611.75,71.64,249.63,0.7007,-1,-1,-1
509,47,1742.92,197.64,58.97,164.03,0.4763,-1,-1,-1
509,53,1618.92,301.25,58.84,188.05,0.4190,-1,-1,-1
509,57,1835.56,186.53,78.28,196.59,0.2572,-1,-1,-1
509,60,399.13,169.64,66.51,182.09,0.2529,-1,-1,-1
510,3,1039.87,934.14,76.19,145.91,0.6352,-1,-1,-1
510,4,1727.46,459.61,62.66,202.57,0.3777,-1,-1,-1
510,8,206.26,761.35,82.69,275.84,0.7396,-1,-1,-1
510,38,996.22,1.71,54.66,120.90,0.1970,-1,-1,-1
510,27,928.69,692.04,93.65,249.68,0.6185,-1,-1,-1
510,19,464.02,148.41,65.90,175.75,0.2363,-1,-1,-1
510,45,1029.74,711.89,78.84,228.22,0.5969,-1,-1,-1
510,25,278.96,791.08,86.86,257.66,0.7570,-1,-1,-1
510,49,796.16,146.21,47.77,175.20,0.2312,-1,-1,-1
510,2,826.50,611.86,70.87,249.90,0.7005,-1,-1,-1
510,47,1744.74,199.94,57.78,163.31,0.5357,-1,-1,-1
510,53,1618.60,300.71,57.96,189.12,0.4571,-1,-1,-1
510,57,1839.10,187.11,70.48,199.48,0.3133,-1,-1,-1
510,60,400.21,172.24,64.96,184.67,0.2656,-1,-1,-1
511,3,1041.40,932.53,75.54,147.53,0.6252,-1,-1,-1
511,4,1725.41,459.63,64.26,202.10,0.3957,-1,-1,-1
511,8,204.52,763.37,86.25,276.77,0.7621,-1,-1,-1
511,38,995.01,1.73,54.81,119.21,0.1962,-1,-1,-1
511,27,932.60,694.88,92.06,255.87,0.6370,-1,-1,-1
511,19,460.80,148.15,69.99,175.78,0.2723,-1,-1,-1
511,45,1030.65,713.70,78.86,220.39,0.5886,-1,-1,-1
511,25,280.02,795.99,83.83,255.29,0.7810,-1,-1,-1
511,49,792.74,146.97,51.16,173.70,0.2592,-1,-1,-1
511,2,826.94,612.15,70.86,249.73,0.6950,-1,-1,-1
511,47,1747.57,202.06,55.83,162.74,0.5114,-1,-1,-1
511,53,1617.66,298.81,57.03,191.14,0.3588,-1,-1,-1
511,57,1841.86,188.02,66.49,199.25,0.2779,-1,-1,-1
511,60,401.57,171.19,64.00,189.58,0.2558,-1,-1,-1
512,3,1042.02,931.86,75.40,148.16,0.6333,-1,-1,-1
512,4,1724.78,458.12,64.35,204.14,0.3420,-1,-1,-1
512,8,202.86,765.95,89.91,276.13,0.7600,-1,-1,-1
512,38,994.08,1.80,54.79,119.07,0.2016,-1,-1,-1
512,27,934.49,697.47,91.77,260.60,0.6314,-1,-1,-1
512,45,1031.96,715.45,77.65,215.57,0.5685,-1,-1,-1
512,25,280.15,798.56,82.19,258.45,0.7715,-1,-1,-1
512,49,788.82,144.86,53.60,176.13,0.2636,-1,-1,-1
512,2,827.30,612.30,70.44,249.41,0.6945,-1,-1,-1
512,47,1750.36,203.43,53.66,163.04,0.5362,-1,-1,-1
512,53,1616.53,299.44,56.63,190.14,0.3388,-1,-1,-1
512,57,1843.27,190.65,66.79,199.74,0.2192,-1,-1,-1
512,60,401.06,173.23,63.74,192.64,0.2318,-1,-1,-1
513,3,1042.03,932.67,76.03,146.88,0.6101,-1,-1,-1
513,4,1724.39,458.25,63.27,202.59,0.3492,-1,-1,-1
513,8,201.47,767.45,91.41,275.70,0.7576,-1,-1,-1
513,38,992.94,1.90,55.31,118.71,0.1726,-1,-1,-1
513,27,937.06,700.85,88.22,260.52,0.6128,-1,-1,-1
513,45,1034.55,717.35,75.94,222.87,0.5635,-1,-1,-1
513,25,280.04,800.64,80.58,262.39,0.7784,-1,-1,-1
513,49,786.45,141.71,55.11,178.61,0.2804,-1,-1,-1
513,2,827.61,611.98,69.75,250.20,0.6786,-1,-1,-1
513,47,1751.75,203.86,53.00,165.44,0.5080,-1,-1,-1
513,53,1615.69,299.97,55.92,189.74,0.3846,-1,-1,-1
513,57,1844.32,194.71,70.25,197.38,0.1546,-1,-1,-1
513,60,401.50,175.32,61.89,192.51,0.2791,-1,-1,-1
514,3,1042.62,932.24,75.39,147.03,0.6357,-1,-1,-1
514,4,1724.46,460.67,62.26,198.98,0.3388,-1,-1,-1
514,8,198.92,769.76,92.56,275.01,0.7548,-1,-1,-1
514,38,992.48,1.81,56.01,119.60,0.1834,-1,-1,-1
514,27,942.39,703.92,83.08,260.67,0.6248,-1,-1,-1
514,45,1035.88,718.81,74.93,225.31,0.5792,-1,-1,-1
514,25,278.90,801.45,79.29,263.65,0.7985,-1,-1,-1
514,49,786.21,140.04,54.45,179.87,0.2373,-1,-1,-1
514,2,827.43,611.84,69.88,250.43,0.6590,-1,-1,-1
514,47,1753.76,204.36,52.65,167.66,0.4573,-1,-1,-1
514,53,1615.56,300.80,54.29,189.44,0.3324,-1,-1,-1
514,60,401.73,173.84,60.99,194.49,0.2278,-1,-1,-1
515,3,1043.21,932.27,75.18,146.78,0.6428,-1,-1,-1
515,4,1724.36,460.00,61.21,198.76,0.3413,-1,-1,-1
515,8,197.09,771.18,94.33,273.18,0.7595,-1,-1,-1
515,38,992.15,1.81,57.13,117.65,0.1978,-1,-1,-1
515,27,938.81,706.22,87.88,257.39,0.5981,-1,-1,-1
515,45,1035.19,719.99,76.36,229.60,0.6182,-1,-1,-1
515,25,276.45,802.18,80.59,263.85,0.8024,-1,-1,-1
515,2,827.83,611.90,69.24,250.23,0.6516,-1,-1,-1
515,47,1755.25,205.59,52.70,167.74,0.4316,-1,-1,-1
515,53,1613.66,300.99,53.80,187.22,0.3133,-1,-1,-1
515,60,401.26,178.97,59.89,189.21,0.2593,-1,-1,-1
516,3,1044.15,932.34,74.52,146.85,0.6137,-1,-1,-1
516,4,1722.43,459.33,63.56,202.49,0.4058,-1,-1,-1
516,8,194.27,772.81,96.18,270.83,0.7638,-1,-1,-1
516,38,991.87,1.76,58.02,117.50,0.1513,-1,-1,-1
516,27,938.97,708.89,89.21,253.86,0.6531,-1,-1,-1
516,45,1036.50,721.52,75.14,237.87,0.6360,-1,-1,-1
516,25,274.15,802.67,81.26,263.06,0.8159,-1,-1,-1
516,2,828.44,612.26,68.17,249.85,0.6382,-1,-1,-1
516,47,1756.24,205.52,52.86,165.75,0.4432,-1,-1,-1
516,53,1612.68,299.28,52.77,188.47,0.2078,-1,-1,-1
516,60,399.97,181.81,59.42,185.87,0.2449,-1,-1,-1
517,3,1044.75,931.71,74.07,147.26,0.6179,-1,-1,-1
517,4,1723.23,457.42,63.55,206.07,0.3170,-1,-1,-1
517,8,192.99,775.08,94.57,266.17,0.7599,-1,-1,-1
517,38,991.27,1.81,58.47,117.21,0.1825,-1,-1,-1
517,27,938.71,711.15,90.69,253.88,0.6462,-1,-1,-1
517,45,1038.04,723.69,72.73,238.73,0.6404,-1,-1,-1
517,25,273.27,803.70,81.30,262.59,0.8187,-1,-1,-1
517,2,827.70,611.73,69.00,250.58,0.6499,-1,-1,-1
517,47,1758.42,204.93,52.68,159.50,0.4174,-1,-1,-1
517,53,1611.57,299.64,49.98,185.64,0.2637,-1,-1,-1
517,60,399.21,180.36,59.47,187.64,0.1940,-1,-1,-1
518,3,1044.95,930.14,73.14,148.64,0.6506,-1,-1,-1
518,4,1723.10,456.84,63.24,205.98,0.3666,-1,-1,-1
518,8,191.53,776.67,92.64,263.82,0.7939,-1,-1,-1
518,38,991.54,1.77,58.07,116.65,0.1550,-1,-1,-1
518,27,940.99,712.82,90.19,257.46,0.6353,-1,-1,-1
518,45,1039.72,726.20,70.87,233.32,0.6212,-1,-1,-1
518,25,271.60,804.14,82.24,261.58,0.8227,-1,-1,-1
518,2,827.81,611.16,68.30,251.06,0.6394,-1,-1,-1
518,47,1760.42,205.25,52.39,155.57,0.3887,-1,-1,-1
518,53,1610.69,297.69,49.01,185.91,0.2646,-1,-1,-1
518,60,397.64,174.26,60.66,194.26,0.2206,-1,-1,-1
519,3,1044.90,929.16,72.72,149.49,0.6273,-1,-1,-1
519,4,1722.70,458.91,65.82,206.32,0.3301,-1,-1,-1
519,8,190.10,778.42,92.31,262.11,0.7920,-1,-1,-1
519,38,992.06,1.72,57.36,116.11,0.1770,-1,-1,-1
519,27,943.04,714.16,88.58,259.02,0.6377,-1,-1,-1
519,45,1038.70,730.24,71.57,226.45,0.5525,-1,-1,-1
519,25,270.34,805.33,82.79,260.48,0.8200,-1,-1,-1
519,2,827.92,610.76,67.54,251.08,0.6207,-1,-1,-1
519,47,1759.84,204.95,56.00,164.41,0.3801,-1,-1,-1
519,53,1609.32,292.69,48.54,191.84,0.2034,-1,-1,-1
519,60,396.79,181.28,60.04,187.62,0.2832,-1,-1,-1
519,44,1728.11,629.47,82.07,218.22,0.3593,-1,-1,-1
519,19,463.53,137.16,62.74,177.99,0.3591,-1,-1,-1
520,3,1044.84,926.95,72.75,151.92,0.6478,-1,-1,-1
520,4,1721.01,459.00,67.62,209.33,0.3657,-1,-1,-1
520,8,189.08,779.96,92.33,261.73,0.7899,-1,-1,-1
520,38,992.75,1.84,56.44,116.48,0.2052,-1,-1,-1
520,27,943.98,715.13,87.16,259.54,0.6922,-1,-1,-1
520,45,1038.87,733.40,74.19,211.52,0.5963,-1,-1,-1
520,25,268.78,807.58,84.03,259.09,0.8219,-1,-1,-1
520,2,827.76,608.65,67.95,251.89,0.5866,-1,-1,-1
520,47,1760.12,205.42,58.49,167.33,0.3053,-1,-1,-1
520,53,1606.36,289.90,51.25,193.56,0.2034,-1,-1,-1
520,60,395.41,190.35,58.70,178.98,0.2749,-1,-1,-1
520,44,1732.24,629.95,81.84,222.04,0.4432,-1,-1,-1
520,19,466.04,136.65,59.46,174.49,0.3062,-1,-1,-1
521,3,1044.81,927.29,72.74,151.99,0.6577,-1,-1,-1
521,4,1718.34,460.12,69.75,209.73,0.3698,-1,-1,-1
521,8,188.33,780.70,94.14,266.37,0.7921,-1,-1,-1
521,38,992.43,1.93,55.53,114.97,0.1940,-1,-1,-1
521,27,947.42,717.63,84.90,257.91,0.6590,-1,-1,-1
521,45,1039.75,735.62,75.15,203.65,0.6012,-1,-1,-1
521,25,267.21,810.10,84.60,258.17,0.8145,-1,-1,-1
521,2,828.39,607.97,67.03,253.08,0.6094,-1,-1,-1
521,47,1761.35,206.67,59.59,170.63,0.2776,-1,-1,-1
521,60,394.27,196.77,57.36,173.50,0.2622,-1,-1,-1
521,44,1734.04,632.83,86.45,216.97,0.5698,-1,-1,-1
521,19,467.19,143.73,56.45,163.05,0.3294,-1,-1,-1
522,3,1044.69,928.45,72.51,151.13,0.6439,-1,-1,-1
522,4,1716.81,461.66,71.12,208.35,0.3256,-1,-1,-1
522,8,188.17,781.96,95.47,270.28,0.7774,-1,-1,-1
522,38,992.72,2.01,54.58,114.17,0.1999,-1,-1,-1
522,27,947.99,719.16,85.24,256.38,0.6857,-1,-1,-1
522,45,1040.70,738.69,76.08,202.80,0.6260,-1,-1,-1
522,25,267.48,812.89,83.94,256.53,0.7974,-1,-1,-1
522,2,828.40,607.05,66.59,254.07,0.6268,-1,-1,-1
522,47,1763.20,207.38,59.99,171.26,0.3364,-1,-1,-1
522,60,391.90,199.72,58.31,171.36,0.2048,-1,-1,-1
522,44,1737.39,635.22,89.55,214.89,0.5509,-1,-1,-1
522,19,468.06,143.71,54.90,161.20,0.3567,-1,-1,-1
523,3,1044.55,929.15,72.20,150.25,0.6096,-1,-1,-1
523,4,1717.63,461.32,69.58,207.08,0.3884,-1,-1,-1
523,8,187.64,783.51,96.58,273.63,0.7728,-1,-1,-1
523,38,993.17,2.23,53.09,113.82,0.2016,-1,-1,-1
523,27,949.76,720.05,85.35,256.10,0.6343,-1,-1,-1
523,45,1043.57,740.27,74.02,206.02,0.6184,-1,-1,-1
523,25,266.11,816.24,84.83,255.68,0.8006,-1,-1,-1
523,2,828.56,607.37,66.28,254.12,0.6329,-1,-1,-1
523,47,1764.97,209.22,59.85,168.30,0.3791,-1,-1,-1
523,60,391.38,201.83,58.18,171.50,0.1794,-1,-1,-1
523,44,1742.48,637.06,89.70,214.95,0.4890,-1,-1,-1
523,19,467.74,134.82,56.27,170.85,0.3464,-1,-1,-1
523,54,1711.90,313.08,76.33,180.82,0.3923,-1,-1,-1
524,3,1044.56,929.95,71.59,149.33,0.5853,-1,-1,-1
524,4,1719.55,461.74,68.06,206.11,0.3746,-1,-1,-1
524,8,188.40,785.11,93.27,275.51,0.7695,-1,-1,-1
524,38,993.24,2.21,52.29,113.41,0.2128,-1,-1,-1
524,27,952.60,720.68,83.52,251.17,0.5977,-1,-1,-1
524,45,1044.61,742.61,74.44,216.18,0.6168,-1,-1,-1
524,25,262.86,819.21,87.14,256.55,0.8094,-1,-1,-1
524,2,827.69,607.93,66.09,253.43,0.6287,-1,-1,-1
524,47,1766.96,210.83,59.83,171.24,0.3880,-1,-1,-1
524,60,390.18,204.03,58.67,171.38,0.1626,-1,-1,-1
524,44,1743.53,640.32,92.52,215.79,0.3405,-1,-1,-1
524,19,466.90,129.46,56.10,175.95,0.2143,-1,-1,-1
524,54,1710.93,309.49,74.54,189.86,0.4368,-1,-1,-1
525,3,1044.27,931.24,72.22,148.44,0.5426,-1,-1,-1
525,4,1717.27,461.49,70.59,205.84,0.4629,-1,-1,-1
525,8,188.13,786.17,94.30,280.03,0.7708,-1,-1,-1
525,38,993.13,2.36,51.63,112.14,0.1883,-1,-1,-1
525,27,957.28,721.34,80.34,240.35,0.5087,-1,-1,-1
525,45,1045.48,743.67,75.45,224.27,0.6214,-1,-1,-1
525,25,263.03,822.07,86.52,256.60,0.8099,-1,-1,-1
525,2,827.30,607.81,66.22,253.28,0.6574,-1,-1,-1
525,47,1767.62,212.22,60.21,170.32,0.4597,-1,-1,-1
525,60,390.65,205.11,57.07,171.54,0.1636,-1,-1,-1
525,44,1751.41,643.01,87.63,219.23,0.3483,-1,-1,-1
525,19,465.40,125.54,57.80,179.82,0.2525,-1,-1,-1
525,54,1709.72,307.49,73.35,190.45,0.4013,-1,-1,-1
526,3,1044.06,929.98,72.01,149.92,0.6021,-1,-1,-1
526,4,1715.13,460.69,73.35,206.09,0.4467,-1,-1,-1
526,8,188.40,788.12,92.97,281.00,0.7714,-1,-1,-1
526,38,993.34,2.26,51.38,111.71,0.1566,-1,-1,-1
526,27,959.69,719.63,76.52,245.35,0.4979,-1,-1,-1
526,45,1049.00,743.97,74.41,217.10,0.5205,-1,-1,-1
526,25,260.82,824.72,88.22,254.91,0.8044,-1,-1,-1
526,2,826.84,606.71,66.63,254.67,0.6678,-1,-1,-1
526,47,1767.87,211.97,61.93,177.40,0.4270,-1,-1,-1
526,60,389.02,202.16,58.71,176.00,0.2460,-1,-1,-1
526,44,1755.88,644.98,84.38,221.37,0.2062,-1,-1,-1
526,19,465.31,125.93,57.56,178.92,0.2723,-1,-1,-1
526,54,1707.31,305.94,73.54,188.92,0.3913,-1,-1,-1
527,3,1043.59,927.84,71.90,152.16,0.6514,-1,-1,-1
527,4,1714.73,460.56,74.47,206.07,0.4663,-1,-1,-1
527,8,188.59,789.13,92.80,283.05,0.7836,-1,-1,-1
527,38,994.29,2.54,50.59,110.81,0.1693,-1,-1,-1
527,27,959.84,722.72,76.77,244.02,0.4360,-1,-1,-1
527,45,1051.60,744.63,74.89,205.42,0.5252,-1,-1,-1
527,25,259.46,827.14,89.05,252.36,0.7869,-1,-1,-1
527,2,826.52,606.07,66.77,252.92,0.6680,-1,-1,-1
527,47,1767.40,213.61,64.27,176.83,0.4472,-1,-1,-1
527,60,386.73,200.15,61.32,180.63,0.3043,-1,-1,-1
527,44,1760.14,647.65,84.70,220.62,0.2673,-1,-1,-1
527,19,465.60,125.25,57.48,180.33,0.3049,-1,-1,-1
527,54,1703.86,305.26,75.61,187.64,0.4029,-1,-1,-1
527,49,778.05,140.43,56.16,179.71,0.3455,-1,-1,-1
528,3,1043.43,924.73,70.58,155.29,0.6971,-1,-1,-1
528,4,1714.54,460.22,76.42,206.56,0.5019,-1,-1,-1
528,8,189.05,790.64,90.42,282.99,0.7786,-1,-1,-1
528,27,961.97,725.72,75.61,184.14,0.4188,-1,-1,-1
528,45,1053.58,745.44,75.40,199.42,0.5259,-1,-1,-1
528,25,257.64,828.57,90.11,250.61,0.7950,-1,-1,-1
528,2,826.22,605.55,66.98,252.59,0.6926,-1,-1,-1
528,47,1768.21,214.73,65.55,170.98,0.5166,-1,-1,-1
528,60,387.04,203.05,61.21,180.58,0.3118,-1,-1,-1
528,19,466.91,125.32,56.38,181.37,0.3319,-1,-1,-1
528,54,1700.87,305.16,76.61,186.60,0.4187,-1,-1,-1
528,49,777.80,140.58,55.99,179.61,0.3187,-1,-1,-1
529,3,1042.12,924.79,70.93,155.21,0.7088,-1,-1,-1
529,4,1714.57,460.37,77.42,206.68,0.5138,-1,-1,-1
529,8,190.31,791.92,88.37,282.14,0.7743,-1,-1,-1
529,27,963.86,728.52,76.75,237.89,0.4716,-1,-1,-1
529,45,1055.75,746.17,75.40,201.32,0.5672,-1,-1,-1
529,25,256.90,829.62,89.60,248.55,0.7873,-1,-1,-1
529,2,825.65,605.50,67.28,252.12,0.7107,-1,-1,-1
529,47,1767.62,213.83,67.19,173.90,0.5195,-1,-1,-1
529,60,387.35,202.99,60.81,185.70,0.3331,-1,-1,-1
529,19,466.65,125.03,57.17,182.23,0.3412,-1,-1,-1
529,54,1697.46,305.03,78.52,186.55,0.3176,-1,-1,-1
529,49,774.82,141.88,60.05,178.85,0.3109,-1,-1,-1
530,3,1040.69,926.45,71.84,153.51,0.6416,-1,-1,-1
530,4,1714.52,459.58,77.60,208.08,0.5285,-1,-1,-1
530,8,190.96,793.04,87.50,281.61,0.7637,-1,-1,-1
530,27,965.08,731.50,77.39,248.07,0.6288,-1,-1,-1
530,45,1056.45,747.79,76.40,199.48,0.5644,-1,-1,-1
530,25,256.12,831.55,90.16,246.35,0.7871,-1,-1,-1
530,2,824.20,604.94,67.15,251.93,0.7131,-1,-1,-1
530,47,1766.55,214.01,69.33,174.44,0.5135,-1,-1,-1
530,60,387.16,202.17,60.83,188.53,0.3470,-1,-1,-1
530,19,464.96,124.78,58.97,178.46,0.2810,-1,-1,-1
530,54,1695.39,306.20,78.54,183.14,0.3620,-1,-1,-1
530,49,774.83,139.85,60.26,180.02,0.2862,-1,-1,-1
531,3,1039.67,928.82,72.03,151.12,0.6540,-1,-1,-1
531,4,1714.83,460.29,77.24,207.28,0.5389,-1,-1,-1
531,8,191.43,794.72,86.98,280.09,0.7521,-1,-1,-1
531,27,966.04,733.08,77.83,252.32,0.6366,-1,-1,-1
531,45,1058.24,749.23,75.77,204.50,0.5973,-1,-1,-1
531,25,256.21,832.91,89.65,245.25,0.7844,-1,-1,-1
531,2,821.98,604.14,68.05,252.72,0.7079,-1,-1,-1
531,47,1765.23,214.47,71.14,173.94,0.5200,-1,-1,-1
531,60,378.91,198.57,68.90,193.39,0.4177,-1,-1,-1
531,19,467.20,124.36,57.65,177.22,0.3103,-1,-1,-1
531,54,1694.64,305.54,77.58,183.03,0.3705,-1,-1,-1
531,49,775.17,137.98,59.72,181.04,0.2518,-1,-1,-1
532,3,1039.58,934.40,71.50,145.53,0.6097,-1,-1,-1
532,4,1714.32,459.89,76.31,210.25,0.6018,-1,-1,-1
532,8,191.65,796.50,86.89,277.29,0.7768,-1,-1,-1
532,27,966.96,735.80,81.33,254.37,0.6743,-1,-1,-1
532,45,1058.84,750.62,76.32,208.64,0.6405,-1,-1,-1
532,25,256.34,833.94,89.59,244.54,0.7899,-1,-1,-1
532,2,819.08,603.28,69.41,251.80,0.7099,-1,-1,-1
532,47,1764.66,215.34,73.01,174.60,0.5165,-1,-1,-1
532,60,376.92,195.91,71.16,195.33,0.4117,-1,-1,-1
532,19,468.23,122.58,57.42,179.90,0.3334,-1,-1,-1
532,54,1695.66,304.85,75.73,184.63,0.3386,-1,-1,-1
532,49,773.92,142.21,61.50,177.28,0.2502,-1,-1,-1
533,3,1039.21,942.32,71.39,137.62,0.5311,-1,-1,-1
533,4,1714.25,458.93,75.52,211.11,0.6038,-1,-1,-1
533,8,190.71,797.97,89.12,274.96,0.7658,-1,-1,-1
533,27,968.43,738.68,84.62,251.26,0.6902,-1,-1,-1
533,45,1060.31,752.98,76.78,210.15,0.6015,-1,-1,-1
533,25,256.23,835.24,89.48,243.74,0.7916,-1,-1,-1
533,2,814.86,602.63,69.84,253.59,0.7122,-1,-1,-1
533,47,1765.16,217.87,73.29,173.15,0.4868,-1,-1,-1
533,60,376.23,196.09,71.61,195.87,0.3674,-1,-1,-1
533,19,467.83,123.32,57.92,180.00,0.2682,-1,-1,-1
533,54,1697.02,304.67,72.66,184.43,0.3674,-1,-1,-1
533,49,772.36,143.44,62.98,175.71,0.2567,-1,-1,-1
534,3,1038.19,947.37,72.20,132.60,0.4488,-1,-1,-1
534,4,1713.39,458.83,76.37,210.89,0.5888,-1,-1,-1
534,8,190.00,799.47,91.18,271.71,0.7755,-1,-1,-1
534,27,968.02,740.64,87.64,249.78,0.6799,-1,-1,-1
534,45,1063.21,754.91,74.65,213.51,0.5560,-1,-1,-1
534,25,256.30,836.55,89.93,242.09,0.7829,-1,-1,-1
534,2,810.73,601.53,70.65,255.90,0.7300,-1,-1,-1
534,47,1765.73,219.60,74.20,171.49,0.5252,-1,-1,-1
534,60,379.79,197.69,69.09,193.80,0.3665,-1,-1,-1
534,19,467.57,122.92,57.09,176.46,0.3688,-1,-1,-1
534,54,1696.18,303.50,71.81,184.64,0.4167,-1,-1,-1
534,49,772.98,144.98,62.79,173.47,0.2544,-1,-1,-1
535,3,1037.39,953.28,72.83,126.66,0.2571,-1,-1,-1
535,4,1713.67,457.58,75.63,212.45,0.6176,-1,-1,-1
535,8,189.56,799.92,93.55,271.62,0.7963,-1,-1,-1
535,27,968.65,742.87,88.29,248.17,0.6599,-1,-1,-1
535,45,1062.02,757.30,77.10,222.98,0.4514,-1,-1,-1
535,25,256.47,837.59,90.28,240.48,0.7887,-1,-1,-1
535,2,806.07,600.20,72.52,255.14,0.7457,-1,-1,-1
535,47,1766.02,221.75,73.82,169.69,0.4699,-1,-1,-1
535,60,384.67,200.28,65.53,190.45,0.4037,-1,-1,-1
535,19,466.02,119.93,59.36,175.33,0.2768,-1,-1,-1
535,54,1694.58,300.68,72.66,186.70,0.3237,-1,-1,-1
535,49,773.92,149.11,61.96,170.00,0.2678,-1,-1,-1
536,3,1036.87,955.34,72.62,124.63,0.1576,-1,-1,-1
536,4,1714.16,458.43,75.31,211.15,0.6237,-1,-1,-1
536,8,189.79,800.66,94.05,273.98,0.8008,-1,-1,-1
536,27,971.79,743.49,87.32,250.98,0.6402,-1,-1,-1
536,45,1062.39,760.63,77.66,222.34,0.4686,-1,-1,-1
536,25,256.93,838.83,89.14,239.36,0.7894,-1,-1,-1
536,2,802.99,599.72,73.11,254.07,0.7305,-1,-1,-1
536,47,1765.87,222.95,73.87,168.39,0.5121,-1,-1,-1
536,60,388.02,199.61,63.31,191.22,0.3940,-1,-1,-1
536,19,466.05,123.27,59.02,169.70,0.2824,-1,-1,-1
536,54,1693.88,299.92,72.17,187.20,0.3111,-1,-1,-1
536,49,774.91,147.42,61.92,171.45,0.2402,-1,-1,-1
537,4,1715.28,459.71,74.48,210.37,0.6184,-1,-1,-1
537,8,190.97,801.59,93.30,276.93,0.7857,-1,-1,-1
537,27,972.68,745.76,89.29,249.37,0.6561,-1,-1,-1
537,45,1064.43,762.66,76.35,226.30,0.5254,-1,-1,-1
537,25,257.25,840.90,87.66,237.75,0.7763,-1,-1,-1
537,2,798.84,599.68,75.75,254.99,0.7274,-1,-1,-1
537,47,1767.27,223.65,73.38,167.85,0.5019,-1,-1,-1
537,60,388.98,200.04,62.73,190.39,0.4261,-1,-1,-1
537,19,466.32,121.32,58.02,169.49,0.2304,-1,-1,-1
537,54,1692.90,297.63,71.27,189.74,0.2925,-1,-1,-1
537,49,775.47,142.92,61.79,176.04,0.2523,-1,-1,-1
537,62,142.02,309.57,90.95,189.59,0.4440,-1,-1,-1
538,4,1716.48,460.49,73.06,209.35,0.6259,-1,-1,-1
538,8,192.27,802.98,92.45,277.06,0.7956,-1,-1,-1
538,27,974.54,747.65,90.17,247.01,0.6989,-1,-1,-1
538,45,1063.13,764.85,77.86,226.39,0.5723,-1,-1,-1
538,25,256.41,843.72,87.73,235.78,0.7830,-1,-1,-1
538,2,796.96,600.01,77.30,254.61,0.7362,-1,-1,-1
538,47,1770.30,223.91,69.59,167.42,0.5207,-1,-1,-1
538,60,389.75,197.08,61.89,193.85,0.3624,-1,-1,-1
538,19,465.23,120.37,58.45,167.35,0.2201,-1,-1,-1
538,54,1690.79,296.33,69.26,190.53,0.3831,-1,-1,-1
538,49,775.58,138.85,63.05,181.62,0.2247,-1,-1,-1
538,62,144.10,309.60,90.43,188.82,0.3817,-1,-1,-1
539,4,1716.24,460.37,73.43,209.15,0.6110,-1,-1,-1
539,8,193.00,804.68,92.06,275.84,0.7848,-1,-1,-1
539,27,975.78,748.96,89.85,245.25,0.7038,-1,-1,-1
539,45,1061.46,767.25,80.62,228.02,0.6095,-1,-1,-1
539,25,254.80,846.34,88.30,233.49,0.7834,-1,-1,-1
539,2,794.84,599.81,77.87,254.93,0.7297,-1,-1,-1
539,47,1773.68,224.72,66.11,166.57,0.4939,-1,-1,-1
539,60,389.92,192.71,61.30,198.91,0.4182,-1,-1,-1
539,19,464.83,123.17,58.12,160.91,0.1558,-1,-1,-1
539,54,1688.78,294.19,70.55,193.86,0.3624,-1,-1,-1
539,49,776.41,130.24,64.89,190.35,0.2544,-1,-1,-1
539,62,145.80,309.41,89.98,188.32,0.2825,-1,-1,-1
539,3,1030.14,942.98,79.81,137.36,0.5008,-1,-1,-1
540,4,1716.16,459.63,73.48,209.82,0.6306,-1,-1,-1
540,8,193.05,806.12,92.06,273.98,0.7671,-1,-1,-1
540,27,977.61,749.46,89.60,243.43,0.6745,-1,-1,-1
540,45,1061.99,769.31,81.29,223.24,0.5426,-1,-1,-1
540,25,254.11,848.71,87.41,230.10,0.7685,-1,-1,-1
540,2,792.53,599.66,79.10,254.40,0.7462,-1,-1,-1
540,47,1775.12,225.18,64.27,166.45,0.4509,-1,-1,-1
540,60,390.58,188.14,59.96,203.76,0.4420,-1,-1,-1
540,19,463.93,121.15,58.37,162.73,0.2355,-1,-1,-1
540,54,1685.19,291.51,71.49,196.15,0.4186,-1,-1,-1
540,49,776.21,109.17,67.38,211.59,0.2270,-1,-1,-1
540,62,145.95,308.50,90.41,188.95,0.2890,-1,-1,-1
540,3,1029.21,943.61,80.67,136.82,0.3970,-1,-1,-1
541,4,1716.33,458.95,73.33,209.90,0.6412,-1,-1,-1
541,8,195.63,808.80,90.47,271.44,0.7777,-1,-1,-1
541,27,981.16,751.03,86.65,239.79,0.6863,-1,-1,-1
541,45,1056.73,770.30,86.74,223.35,0.6325,-1,-1,-1
541,25,254.41,850.56,86.82,228.36,0.7680,-1,-1,-1
541,2,791.64,599.74,79.05,252.58,0.7224,-1,-1,-1
541,47,1776.40,225.76,63.39,166.31,0.4483,-1,-1,-1
541,60,390.24,187.19,60.02,206.43,0.4692,-1,-1,-1
541,19,462.25,116.81,60.12,165.87,0.2130,-1,-1,-1
541,54,1679.92,288.64,74.90,198.20,0.4099,-1,-1,-1
541,49,775.65,95.79,70.90,226.14,0.3055,-1,-1,-1
541,62,146.37,307.98,90.96,187.35,0.2084,-1,-1,-1
541,3,1027.69,940.47,82.16,139.97,0.5404,-1,-1,-1
542,4,1715.97,458.16,73.63,210.67,0.5984,-1,-1,-1
542,8,199.35,810.55,87.68,269.88,0.7557,-1,-1,-1
542,27,984.86,751.48,82.54,239.47,0.6710,-1,-1,-1
542,45,1064.90,771.63,79.78,224.01,0.5655,-1,-1,-1
542,25,255.69,852.68,84.75,226.73,0.7469,-1,-1,-1
542,2,790.20,599.21,78.80,252.09,0.7132,-1,-1,-1
542,47,1777.64,227.08,62.61,165.27,0.4327,-1,-1,-1
542,60,390.67,189.33,58.36,205.46,0.3987,-1,-1,-1
542,19,462.18,113.48,59.20,168.82,0.2737,-1,-1,-1
542,54,1676.44,285.31,78.30,201.42,0.4371,-1,-1,-1
542,49,775.35,91.73,73.40,230.18,0.3005,-1,-1,-1
542,62,146.44,307.52,92.12,189.74,0.2081,-1,-1,-1
542,3,1029.72,946.08,79.43,134.35,0.3613,-1,-1,-1
543,4,1715.13,457.09,74.82,211.68,0.5699,-1,-1,-1
543,8,202.38,811.88,86.01,268.61,0.7123,-1,-1,-1
543,27,988.20,753.16,81.46,233.65,0.6377,-1,-1,-1
543,45,1069.09,772.58,76.77,227.39,0.5949,-1,-1,-1
543,25,256.12,856.69,82.80,223.11,0.7136,-1,-1,-1
543,2,788.03,599.14,80.27,251.66,0.7077,-1,-1,-1
543,47,1779.44,227.59,61.62,165.74,0.4199,-1,-1,-1
543,60,390.75,202.84,56.34,193.48,0.3006,-1,-1,-1
543,19,461.95,111.43,59.40,169.67,0.2242,-1,-1,-1
543,54,1672.70,283.76,81.54,202.63,0.4385,-1,-1,-1
543,49,776.91,89.04,73.32,232.39,0.3138,-1,-1,-1
543,62,151.92,307.11,88.37,191.34,0.2112,-1,-1,-1
543,3,1029.67,945.51,79.19,134.90,0.4403,-1,-1,-1
544,4,1714.42,456.92,75.60,212.11,0.5608,-1,-1,-1
544,8,205.52,813.12,84.37,267.29,0.7178,-1,-1,-1
544,27,988.21,755.17,84.49,227.88,0.6524,-1,-1,-1
544,45,1070.89,773.14,76.84,227.40,0.5996,-1,-1,-1
544,25,256.11,861.47,82.36,217.70,0.6976,-1,-1,-1
544,2,784.68,598.86,82.36,252.12,0.7251,-1,-1,-1
544,47,1780.53,228.07,61.05,166.12,0.4219,-1,-1,-1
544,60,390.79,202.15,56.48,194.79,0.3186,-1,-1,-1
544,19,460.99,110.20,59.78,170.67,0.2310,-1,-1,-1
544,54,1669.73,283.14,84.32,202.89,0.4205,-1,-1,-1
544,49,778.24,86.20,72.81,234.56,0.3591,-1,-1,-1
544,62,162.96,303.92,80.32,194.46,0.1768,-1,-1,-1
544,3,1027.94,944.30,80.97,136.03,0.4525,-1,-1,-1
545,4,1713.69,457.88,75.97,209.87,0.6114,-1,-1,-1
545,8,207.98,814.73,82.81,265.69,0.6978,-1,-1,-1
545,27,990.97,756.93,83.37,225.47,0.6540,-1,-1,-1
545,45,1070.60,775.53,78.68,226.11,0.5953,-1,-1,-1
545,25,254.17,865.47,83.36,213.64,0.7242,-1,-1,-1
545,2,777.95,598.46,88.05,253.05,0.7364,-1,-1,-1
545,47,1783.44,227.96,59.35,169.16,0.4187,-1,-1,-1
545,60,390.85,209.48,56.36,189.86,0.3657,-1,-1,-1
545,19,460.94,110.71,58.99,170.41,0.1815,-1,-1,-1
545,54,1666.49,282.76,86.77,203.51,0.3899,-1,-1,-1
545,49,777.75,85.08,73.14,235.89,0.3533,-1,-1,-1
545,3,1021.08,942.89,87.26,137.43,0.5469,-1,-1,-1
546,4,1711.86,457.55,78.02,210.83,0.6235,-1,-1,-1
546,8,209.69,815.84,82.44,264.49,0.6788,-1,-1,-1
546,27,992.62,759.22,84.21,225.34,0.6304,-1,-1,-1
546,45,1072.49,776.93,78.64,227.60,0.6101,-1,-1,-1
546,25,252.50,868.56,83.46,210.97,0.7188,-1,-1,-1
546,2,772.44,598.32,92.05,253.04,0.7461,-1,-1,-1
546,47,1786.40,229.35,57.38,170.13,0.3927,-1,-1,-1
546,60,391.27,190.02,56.34,211.52,0.2912,-1,-1,-1
546,54,1665.64,283.27,87.28,202.21,0.3893,-1,-1,-1
546,49,778.80,83.81,72.20,236.45,0.4338,-1,-1,-1
546,3,1020.69,942.60,86.83,137.66,0.5612,-1,-1,-1
547,4,1711.67,457.15,81.75,211.19,0.5921,-1,-1,-1
547,8,211.15,817.33,82.53,262.97,0.6817,-1,-1,-1
547,27,994.87,761.54,85.21,220.60,0.6357,-1,-1,-1
547,45,1074.16,779.04,78.55,229.74,0.6291,-1,-1,-1
547,25,251.93,872.15,83.73,207.75,0.6903,-1,-1,-1
547,2,770.48,597.95,93.32,254.63,0.7605,-1,-1,-1
547,47,1788.25,231.34,57.91,171.38,0.3923,-1,-1,-1
547,60,389.57,207.98,57.07,195.60,0.2810,-1,-1,-1
547,54,1661.45,284.35,90.41,199.00,0.3394,-1,-1,-1
547,49,778.73,83.60,72.63,236.76,0.4511,-1,-1,-1
547,3,1024.81,943.89,82.54,136.36,0.5319,-1,-1,-1
548,4,1714.68,458.21,76.87,210.90,0.5886,-1,-1,-1
548,8,212.61,818.59,81.55,261.71,0.6488,-1,-1,-1
548,27,994.88,765.11,86.61,217.25,0.6599,-1,-1,-1
548,45,1069.67,781.34,85.28,235.71,0.6415,-1,-1,-1
548,25,251.83,875.25,81.66,204.82,0.6880,-1,-1,-1
548,2,768.87,598.00,94.20,255.62,0.7462,-1,-1,-1
548,47,1789.22,234.33,59.80,173.09,0.4258,-1,-1,-1
548,60,385.73,215.39,60.39,190.51,0.3723,-1,-1,-1
548,54,1659.91,284.78,91.99,197.28,0.3616,-1,-1,-1
548,49,779.11,82.70,72.49,238.91,0.4320,-1,-1,-1
548,3,1025.71,940.12,81.34,140.13,0.5494,-1,-1,-1
549,4,1719.21,458.88,71.24,209.35,0.6295,-1,-1,-1
549,8,213.77,820.00,81.63,260.24,0.5254,-1,-1,-1
549,27,996.83,768.17,84.34,212.59,0.5850,-1,-1,-1
549,45,1069.02,783.31,86.92,241.45,0.6419,-1,-1,-1
549,25,249.88,874.67,81.13,205.41,0.6309,-1,-1,-1
549,2,768.41,598.78,93.90,254.71,0.7488,-1,-1,-1
549,47,1790.40,236.32,61.11,174.25,0.3902,-1,-1,-1
549,60,386.32,223.10,57.88,184.72,0.4233,-1,-1,-1
549,54,1658.61,284.49,94.25,198.21,0.3832,-1,-1,-1
549,49,779.59,83.12,71.62,237.95,0.4413,-1,-1,-1
549,3,1024.59,936.15,82.46,144.04,0.5255,-1,-1,-1
550,4,1718.91,458.63,71.27,209.76,0.6131,-1,-1,-1
550,8,215.11,821.87,82.30,258.36,0.4100,-1,-1,-1
550,27,999.03,772.25,81.07,201.27,0.5128,-1,-1,-1
550,45,1068.47,786.33,88.93,244.21,0.5967,-1,-1,-1
550,25,247.63,874.75,81.16,205.36,0.5721,-1,-1,-1
550,2,766.86,599.58,94.69,253.44,0.7335,-1,-1,-1
550,47,1793.34,236.41,59.51,175.21,0.4180,-1,-1,-1
550,60,384.24,228.00,59.77,179.86,0.3811,-1,-1,-1
550,54,1658.05,283.83,94.35,197.58,0.4002,-1,-1,-1
550,49,781.49,83.59,70.71,237.75,0.4438,-1,-1,-1
550,3,1023.83,934.93,82.63,145.26,0.5165,-1,-1,-1
551,4,1720.54,459.06,69.39,209.30,0.6051,-1,-1,-1
551,8,217.33,823.43,84.47,256.71,0.3523,-1,-1,-1
551,27,1002.23,773.52,79.39,190.50,0.4895,-1,-1,-1
551,45,1073.76,789.49,86.84,242.92,0.5681,-1,-1,-1
551,25,241.66,874.94,86.57,205.11,0.5715,-1,-1,-1
551,2,766.17,598.83,93.75,254.66,0.7295,-1,-1,-1
551,47,1795.57,236.40,58.56,175.97,0.4390,-1,-1,-1
551,60,381.98,226.98,61.84,181.24,0.4695,-1,-1,-1
551,54,1659.01,282.32,93.41,201.37,0.4083,-1,-1,-1
551,49,781.95,83.64,70.78,237.88,0.4775,-1,-1,-1
551,3,1020.32,935.72,85.51,144.42,0.5713,-1,-1,-1
552,4,1723.42,458.58,66.13,208.78,0.6062,-1,-1,-1
552,8,228.54,858.03,90.83,222.05,0.6563,-1,-1,-1
552,27,1006.55,775.56,77.03,178.69,0.4712,-1,-1,-1
552,45,1073.63,792.59,90.12,241.83,0.5720,-1,-1,-1
552,25,235.94,875.41,91.62,204.60,0.6563,-1,-1,-1
552,2,765.78,598.15,92.92,254.31,0.7420,-1,-1,-1
552,47,1797.07,236.96,57.94,176.60,0.3951,-1,-1,-1
552,60,380.47,226.55,63.68,181.62,0.4154,-1,-1,-1
552,54,1660.36,281.08,90.30,207.87,0.3966,-1,-1,-1
552,49,783.84,82.84,70.60,238.59,0.4573,-1,-1,-1
552,3,1014.64,934.49,90.01,145.60,0.5270,-1,-1,-1
553,4,1722.88,458.75,66.50,208.25,0.5768,-1,-1,-1
553,8,233.27,871.93,91.61,208.14,0.6737,-1,-1,-1
553,27,1010.00,777.88,74.17,167.78,0.5104,-1,-1,-1
553,45,1073.30,794.93,94.19,243.42,0.5789,-1,-1,-1
553,25,234.31,876.08,91.97,203.94,0.6737,-1,-1,-1
553,2,765.51,596.48,92.46,254.42,0.7524,-1,-1,-1
553,47,1799.00,237.24,57.77,176.23,0.3755,-1,-1,-1
553,60,379.93,224.33,64.69,183.33,0.4120,-1,-1,-1
553,54,1660.70,279.17,89.83,216.62,0.3751,-1,-1,-1
553,49,785.69,83.61,71.00,236.43,0.4183,-1,-1,-1
553,3,1001.84,929.90,102.94,150.06,0.5364,-1,-1,-1
554,4,1722.88,458.98,66.49,207.88,0.5985,-1,-1,-1
554,8,233.56,846.62,94.13,233.48,0.6351,-1,-1,-1
554,27,1010.21,781.08,72.22,165.84,0.3104,-1,-1,-1
554,45,1079.34,797.17,92.20,242.99,0.5158,-1,-1,-1
554,25,232.29,847.88,94.31,232.16,0.6351,-1,-1,-1
554,2,765.68,595.84,89.74,252.44,0.7511,-1,-1,-1
554,47,1802.43,236.90,56.41,176.17,0.3026,-1,-1,-1
554,60,377.89,221.35,66.34,185.69,0.5271,-1,-1,-1
554,54,1662.46,277.07,85.56,210.51,0.4109,-1,-1,-1
554,49,787.81,84.30,71.42,234.88,0.4258,-1,-1,-1
555,4,1723.09,457.71,66.13,208.96,0.6001,-1,-1,-1
555,8,233.94,839.30,96.03,240.81,0.7003,-1,-1,-1
555,27,1013.00,783.53,70.70,158.28,0.3537,-1,-1,-1
555,45,1085.30,799.05,87.90,240.30,0.6162,-1,-1,-1
555,25,231.93,838.68,96.13,241.39,0.7003,-1,-1,-1
555,2,764.61,595.80,89.17,251.49,0.7344,-1,-1,-1
555,47,1804.49,236.90,57.74,176.64,0.2968,-1,-1,-1
555,60,376.85,219.25,66.36,187.94,0.5312,-1,-1,-1
555,54,1666.15,275.80,80.90,201.44,0.4645,-1,-1,-1
555,49,787.65,83.94,73.65,235.19,0.3998,-1,-1,-1
556,4,1723.47,456.46,65.16,208.26,0.6181,-1,-1,-1
556,8,236.94,864.45,93.72,215.45,0.6131,-1,-1,-1
556,27,1015.51,784.93,70.59,175.70,0.3027,-1,-1,-1
556,45,1092.90,799.76,83.66,239.51,0.5739,-1,-1,-1
556,25,234.79,862.49,93.79,217.38,0.6131,-1,-1,-1
556,2,762.99,594.30,88.16,250.55,0.7562,-1,-1,-1
556,47,1806.75,236.97,59.95,175.66,0.3256,-1,-1,-1
556,60,377.03,220.17,66.20,189.10,0.5016,-1,-1,-1
556,54,1666.79,274.02,77.49,196.38,0.4873,-1,-1,-1
556,49,787.99,84.89,74.56,233.73,0.4121,-1,-1,-1
556,3,1011.58,807.23,95.88,272.49,0.4625,-1,-1,-1
557,4,1724.32,457.36,66.47,207.24,0.6170,-1,-1,-1
557,8,239.13,846.69,94.71,233.34,0.7365,-1,-1,-1
557,27,1014.14,786.23,83.62,251.19,0.4499,-1,-1,-1
557,45,1099.44,800.99,79.99,236.95,0.5541,-1,-1,-1
557,25,237.13,845.36,94.76,234.64,0.7365,-1,-1,-1
557,2,760.90,593.79,87.35,247.98,0.7159,-1,-1,-1
557,47,1807.00,237.32,61.33,174.41,0.3461,-1,-1,-1
557,60,375.80,222.20,67.40,187.22,0.5111,-1,-1,-1
557,54,1667.95,273.44,77.89,194.94,0.5163,-1,-1,-1
557,49,789.40,84.47,73.16,233.74,0.4474,-1,-1,-1
557,3,1012.06,790.07,91.87,288.66,0.4499,-1,-1,-1
558,4,1722.18,456.30,66.86,209.05,0.6835,-1,-1,-1
558,8,240.14,841.25,97.73,238.75,0.7190,-1,-1,-1
558,27,1014.05,786.58,87.57,278.90,0.5358,-1,-1,-1
558,45,1102.04,801.12,80.13,235.07,0.6042,-1,-1,-1
558,25,238.30,839.88,97.77,240.08,0.7190,-1,-1,-1
558,2,757.91,593.83,87.17,245.07,0.7109,-1,-1,-1
558,47,1810.38,237.27,61.80,174.97,0.3606,-1,-1,-1
558,60,375.48,223.05,67.64,187.61,0.5429,-1,-1,-1
558,54,1668.73,271.73,76.11,193.89,0.5492,-1,-1,-1
558,49,791.16,83.87,71.68,235.01,0.4338,-1,-1,-1
558,3,1012.59,782.40,89.92,296.23,0.5358,-1,-1,-1
559,4,1724.31,457.58,65.62,206.50,0.6567,-1,-1,-1
559,8,240.62,872.76,96.82,207.27,0.7282,-1,-1,-1
559,27,1017.66,786.73,79.95,233.52,0.4999,-1,-1,-1
559,45,1102.52,801.92,83.09,234.06,0.6068,-1,-1,-1
559,25,238.93,871.05,96.86,208.94,0.7282,-1,-1,-1
559,2,755.22,593.41,84.01,243.20,0.6848,-1,-1,-1
559,47,1813.76,237.28,60.99,174.73,0.3662,-1,-1,-1
559,60,375.00,225.02,67.82,187.19,0.5571,-1,-1,-1
559,54,1669.35,271.47,75.01,193.81,0.5372,-1,-1,-1
559,49,792.05,82.86,70.18,236.76,0.3929,-1,-1,-1
559,3,1016.72,779.80,79.54,240.19,0.4999,-1,-1,-1
560,4,1725.52,458.46,64.87,203.66,0.6607,-1,-1,-1
560,8,241.16,886.56,94.91,193.48,0.7417,-1,-1,-1
560,27,1018.90,787.10,80.07,211.66,0.5257,-1,-1,-1
560,45,1103.43,802.40,84.15,232.98,0.5581,-1,-1,-1
560,25,239.67,885.11,94.94,194.91,0.7417,-1,-1,-1
560,2,752.62,591.47,80.94,243.89,0.6902,-1,-1,-1
560,47,1816.89,237.37,59.36,175.66,0.3580,-1,-1,-1
560,60,373.84,225.76,67.52,188.62,0.5476,-1,-1,-1
560,54,1668.45,270.88,74.70,192.95,0.5489,-1,-1,-1
560,49,793.82,90.04,67.44,229.02,0.4046,-1,-1,-1
560,3,1018.19,780.55,79.20,214.54,0.5257,-1,-1,-1
561,4,1724.82,458.25,63.87,203.32,0.6692,-1,-1,-1
561,8,243.10,893.90,92.63,186.06,0.6748,-1,-1,-1
561,27,1019.22,788.08,79.34,204.18,0.4826,-1,-1,-1
561,45,1105.01,803.27,83.16,232.47,0.5990,-1,-1,-1
561,25,241.79,892.68,92.66,187.26,0.6748,-1,-1,-1
561,2,749.91,590.93,76.04,242.37,0.6932,-1,-1,-1
561,47,1818.63,237.75,60.49,176.79,0.3352,-1,-1,-1
561,60,373.52,227.64,67.26,188.10,0.5728,-1,-1,-1
561,54,1667.16,270.78,75.11,192.73,0.5644,-1,-1,-1
561,49,794.78,83.95,66.47,234.80,0.4365,-1,-1,-1
561,3,1018.57,781.97,78.33,205.86,0.4826,-1,-1,-1
561,19,462.33,92.81,56.97,174.52,0.3462,-1,-1,-1
562,4,1723.62,457.29,63.75,205.37,0.6457,-1,-1,-1
562,8,244.63,898.68,92.19,180.90,0.6623,-1,-1,-1
562,27,1018.66,790.67,80.67,200.21,0.6257,-1,-1,-1
562,45,1105.87,805.17,85.25,234.13,0.6008,-1,-1,-1
562,25,243.49,897.66,92.21,181.91,0.6623,-1,-1,-1
562,2,747.38,592.31,72.42,237.68,0.6951,-1,-1,-1
562,47,1820.35,238.07,61.74,179.26,0.3342,-1,-1,-1
562,60,373.22,230.34,67.71,186.85,0.5958,-1,-1,-1
562,54,1664.75,270.44,76.42,192.13,0.5677,-1,-1,-1
562,49,794.47,80.31,67.06,237.84,0.4263,-1,-1,-1
562,3,1018.05,784.97,79.74,201.45,0.6257,-1,-1,-1
562,19,463.96,92.67,55.41,170.30,0.2766,-1,-1,-1
563,4,1721.71,456.61,69.54,206.79,0.6362,-1,-1,-1
563,8,260.34,860.76,86.86,213.37,0.5089,-1,-1,-1
563,27,1018.14,793.09,83.90,216.55,0.5468,-1,-1,-1
563,45,1106.71,808.53,87.58,235.94,0.5827,-1,-1,-1
563,25,244.65,901.95,85.56,177.77,0.6873,-1,-1,-1
563,2,742.16,591.16,74.08,239.93,0.7023,-1,-1,-1
563,47,1820.74,241.03,62.47,177.89,0.3142,-1,-1,-1
563,60,374.47,233.51,67.01,185.38,0.5617,-1,-1,-1
563,54,1663.58,270.20,75.89,189.87,0.5080,-1,-1,-1
563,49,795.38,79.04,66.51,239.41,0.3966,-1,-1,-1
563,3,1017.58,787.94,83.11,217.50,0.5468,-1,-1,-1
563,19,465.65,90.89,53.79,169.93,0.2636,-1,-1,-1
563,63,989.54,936.61,106.08,142.33,0.5193,-1,-1,-1
564,4,1720.78,454.65,69.33,208.16,0.6452,-1,-1,-1
564,8,266.96,849.00,86.67,224.11,0.5922,-1,-1,-1
564,27,1019.95,795.96,82.92,241.17,0.5989,-1,-1,-1
564,45,1106.91,811.32,87.41,240.45,0.5645,-1,-1,-1
564,25,245.88,905.54,81.44,174.35,0.7043,-1,-1,-1
564,2,736.66,590.01,76.86,241.67,0.6926,-1,-1,-1
564,47,1822.08,242.36,65.20,178.85,0.3452,-1,-1,-1
564,60,374.80,234.51,66.50,188.24,0.6126,-1,-1,-1
564,54,1663.29,269.52,74.91,189.07,0.5098,-1,-1,-1
564,49,796.13,77.36,67.06,241.54,0.4446,-1,-1,-1
564,3,1019.47,791.09,82.15,242.01,0.5989,-1,-1,-1
564,19,466.68,90.36,53.31,168.68,0.2923,-1,-1,-1
564,63,986.90,936.10,109.11,142.67,0.5763,-1,-1,-1
565,4,1719.55,455.93,73.37,207.74,0.6391,-1,-1,-1
565,8,269.50,844.99,90.25,229.61,0.5832,-1,-1,-1
565,27,1020.12,798.05,85.83,259.82,0.6417,-1,-1,-1
565,45,1106.96,813.88,88.98,242.38,0.6163,-1,-1,-1
565,25,247.63,907.31,79.85,172.45,0.7141,-1,-1,-1
565,2,733.50,589.37,78.35,242.11,0.6092,-1,-1,-1
565,47,1823.55,244.65,66.54,177.13,0.3827,-1,-1,-1
565,60,375.14,235.77,65.10,190.31,0.6520,-1,-1,-1
565,54,1664.05,268.77,73.49,189.58,0.4923,-1,-1,-1
565,49,796.81,75.97,67.71,243.58,0.4424,-1,-1,-1
565,3,1019.69,793.44,85.20,260.63,0.6417,-1,-1,-1
565,19,469.77,89.96,50.96,168.60,0.2753,-1,-1,-1
565,63,985.11,936.62,107.96,141.70,0.4413,-1,-1,-1
566,4,1718.33,456.03,75.36,208.20,0.6350,-1,-1,-1
566,8,271.15,845.03,95.99,232.01,0.6399,-1,-1,-1
566,27,1021.48,800.77,86.09,266.68,0.5945,-1,-1,-1
566,45,1103.63,816.76,93.42,243.68,0.6226,-1,-1,-1
566,25,248.49,909.29,79.35,170.61,0.7456,-1,-1,-1
566,2,732.78,590.10,76.98,240.88,0.6116,-1,-1,-1
566,47,1824.96,246.43,67.51,173.49,0.4078,-1,-1,-1
566,60,375.31,235.75,64.24,191.38,0.6633,-1,-1,-1
566,54,1666.32,269.29,69.74,184.46,0.5109,-1,-1,-1
566,49,797.35,75.79,68.02,243.46,0.4446,-1,-1,-1
566,3,1021.11,796.54,85.50,267.44,0.5945,-1,-1,-1
566,19,472.27,89.59,49.25,168.14,0.2928,-1,-1,-1
566,63,984.39,933.72,105.30,145.23,0.5274,-1,-1,-1
567,4,1717.01,456.61,78.39,209.44,0.6463,-1,-1,-1
567,8,271.64,846.23,101.80,232.54,0.6446,-1,-1,-1
567,27,1025.27,804.53,83.51,263.59,0.4887,-1,-1,-1
567,45,1110.28,819.62,87.82,241.66,0.4847,-1,-1,-1
567,25,249.02,911.41,78.87,168.54,0.7539,-1,-1,-1
567,2,730.22,590.34,77.84,242.00,0.5696,-1,-1,-1
567,47,1825.80,248.72,67.78,171.42,0.4119,-1,-1,-1
567,60,374.97,236.53,63.82,191.57,0.6653,-1,-1,-1
567,54,1667.86,269.73,66.18,181.91,0.5393,-1,-1,-1
567,49,796.72,76.35,69.61,242.83,0.4445,-1,-1,-1
567,3,1024.96,800.77,82.97,264.28,0.4887,-1,-1,-1
567,19,473.74,89.61,48.81,167.82,0.3047,-1,-1,-1
567,63,984.73,931.91,101.92,146.68,0.6045,-1,-1,-1
568,4,1716.60,456.58,78.16,210.15,0.6965,-1,-1,-1
568,8,272.64,847.55,105.51,231.63,0.6575,-1,-1,-1
568,27,1026.95,808.13,83.80,263.11,0.4812,-1,-1,-1
568,45,1112.86,821.97,85.87,240.71,0.4960,-1,-1,-1
568,25,249.00,913.30,80.00,166.66,0.7605,-1,-1,-1
568,2,729.51,589.35,76.92,243.67,0.6217,-1,-1,-1
568,47,1825.90,251.33,67.77,171.24,0.3843,-1,-1,-1
568,60,375.25,237.76,63.69,190.80,0.6409,-1,-1,-1
568,54,1668.92,270.13,62.99,181.67,0.5738,-1,-1,-1
568,49,795.65,75.65,71.99,243.65,0.4727,-1,-1,-1
568,3,1026.69,804.84,83.34,263.71,0.4812,-1,-1,-1
568,19,474.69,91.98,48.70,165.63,0.2425,-1,-1,-1
568,63,984.96,932.74,99.99,144.90,0.3815,-1,-1,-1
568,64,1566.93,588.02,110.10,236.95,0.4046,-1,-1,-1
569,4,1715.73,457.16,78.83,209.90,0.6937,-1,-1,-1
569,8,276.97,849.51,106.76,230.03,0.6480,-1,-1,-1
569,27,1031.17,810.21,83.05,265.25,0.5718,-1,-1,-1
569,45,1115.19,824.90,84.02,240.11,0.4755,-1,-1,-1
569,25,249.06,914.84,80.56,165.16,0.7553,-1,-1,-1
569,2,726.42,588.27,78.85,245.28,0.6255,-1,-1,-1
569,47,1826.76,252.92,67.66,172.34,0.3846,-1,-1,-1
569,60,374.98,237.37,65.19,192.32,0.6382,-1,-1,-1
569,54,1668.16,267.83,61.89,183.40,0.5477,-1,-1,-1
569,49,796.01,74.68,72.56,244.79,0.4433,-1,-1,-1
569,3,1030.95,807.29,82.64,265.78,0.5718,-1,-1,-1
569,19,475.33,90.00,49.86,163.12,0.2707,-1,-1,-1
569,63,987.17,933.65,93.72,144.04,0.2885,-1,-1,-1
569,64,1569.32,594.01,109.46,231.90,0.4364,-1,-1,-1
570,4,1714.93,457.07,79.25,209.55,0.6843,-1,-1,-1
570,8,280.26,851.17,108.30,228.69,0.6638,-1,-1,-1
570,27,1033.77,812.16,82.18,266.42,0.6019,-1,-1,-1
570,45,1118.46,826.60,83.86,241.39,0.5841,-1,-1,-1
570,25,248.99,916.26,80.50,163.77,0.7440,-1,-1,-1
570,2,724.22,586.85,80.17,248.19,0.6121,-1,-1,-1
570,47,1827.14,254.18,68.69,173.52,0.3345,-1,-1,-1
570,60,375.15,237.51,65.74,192.68,0.6360,-1,-1,-1
570,54,1667.22,266.36,61.51,182.23,0.5398,-1,-1,-1
570,49,795.54,73.05,73.92,246.86,0.4924,-1,-1,-1
570,3,1033.58,809.55,81.82,266.89,0.6019,-1,-1,-1
570,19,477.06,89.88,48.31,160.82,0.2154,-1,-1,-1
570,63,989.64,932.75,88.19,145.31,0.3424,-1,-1,-1
570,64,1569.89,594.14,108.12,231.62,0.5573,-1,-1,-1
571,4,1714.68,456.08,80.53,209.46,0.6716,-1,-1,-1
571,8,283.09,853.78,107.48,226.23,0.6721,-1,-1,-1
571,27,1038.79,814.08,79.11,265.75,0.6702,-1,-1,-1
571,45,1125.82,828.65,78.05,242.38,0.6648,-1,-1,-1
571,25,247.98,918.89,80.99,161.17,0.7474,-1,-1,-1
571,2,720.06,587.26,83.81,247.39,0.5525,-1,-1,-1
571,47,1828.55,254.74,68.77,175.15,0.2817,-1,-1,-1
571,60,374.97,236.97,66.48,192.23,0.6212,-1,-1,-1
571,54,1665.01,263.81,61.50,180.29,0.5539,-1,-1,-1
571,49,794.71,71.45,76.36,247.94,0.4730,-1,-1,-1
571,3,1038.63,811.75,78.78,266.18,0.6702,-1,-1,-1
571,63,993.23,931.50,81.85,146.61,0.4004,-1,-1,-1
571,64,1563.06,589.52,114.78,235.74,0.5822,-1,-1,-1
572,4,1714.71,457.19,80.65,208.59,0.6369,-1,-1,-1
572,8,291.43,855.89,101.94,224.14,0.6897,-1,-1,-1
572,27,1041.85,816.81,78.53,262.08,0.6373,-1,-1,-1
572,45,1124.86,830.01,79.33,241.84,0.6073,-1,-1,-1
572,25,248.83,919.61,81.51,160.27,0.7480,-1,-1,-1
572,2,715.56,586.86,87.42,249.17,0.5177,-1,-1,-1
572,47,1829.98,253.25,69.95,178.38,0.2187,-1,-1,-1
572,60,376.48,238.40,65.10,189.27,0.6144,-1,-1,-1
572,54,1663.67,261.04,62.98,180.22,0.5111,-1,-1,-1
572,49,793.39,71.49,78.51,247.59,0.4477,-1,-1,-1
572,3,1041.71,814.75,78.26,262.46,0.6373,-1,-1,-1
572,63,992.60,929.90,81.43,148.78,0.5683,-1,-1,-1
572,64,1564.99,590.06,113.08,235.70,0.5144,-1,-1,-1
573,4,1714.68,457.04,81.69,209.84,0.6214,-1,-1,-1
573,8,293.29,858.08,97.28,221.57,0.6913,-1,-1,-1
573,27,1044.48,819.06,79.40,257.65,0.6230,-1,-1,-1
573,45,1125.36,831.68,78.94,244.27,0.6401,-1,-1,-1
573,25,247.71,924.24,82.47,155.76,0.7368,-1,-1,-1
573,2,712.80,586.94,88.18,249.61,0.6433,-1,-1,-1
573,47,1831.05,253.98,68.89,179.09,0.2505,-1,-1,-1
573,60,377.06,240.04,64.34,185.90,0.6200,-1,-1,-1
573,54,1661.09,258.80,63.81,182.24,0.5203,-1,-1,-1
573,49,792.95,70.37,80.25,248.86,0.4695,-1,-1,-1
573,3,1044.36,817.25,79.16,257.98,0.6230,-1,-1,-1
573,63,993.46,929.57,80.09,149.29,0.6001,-1,-1,-1
573,64,1563.19,588.21,115.76,237.26,0.4860,-1,-1,-1
574,4,1715.46,457.53,81.02,208.55,0.6429,-1,-1,-1
574,8,296.33,859.92,97.25,219.96,0.6987,-1,-1,-1
574,27,1046.53,820.08,80.61,254.36,0.6010,-1,-1,-1
574,45,1125.48,832.62,80.10,244.90,0.6194,-1,-1,-1
574,25,247.90,927.72,82.58,152.29,0.7365,-1,-1,-1
574,2,709.52,585.78,89.50,249.62,0.6973,-1,-1,-1
574,47,1832.79,254.83,67.99,176.34,0.2430,-1,-1,-1
574,60,377.67,241.08,63.65,184.68,0.6426,-1,-1,-1
574,54,1660.07,257.11,65.74,183.76,0.5341,-1,-1,-1
574,49,791.94,69.46,81.85,250.77,0.4648,-1,-1,-1
574,3,1046.41,818.50,80.40,254.65,0.6010,-1,-1,-1
574,63,995.69,928.90,77.27,149.73,0.6000,-1,-1,-1
574,64,1565.01,594.38,115.64,232.18,0.4310,-1,-1,-1
575,4,1715.57,456.77,80.82,208.65,0.6428,-1,-1,-1
575,8,298.20,862.13,95.67,217.85,0.6977,-1,-1,-1
575,27,1047.24,820.92,82.47,254.10,0.6199,-1,-1,-1
575,45,1123.24,834.37,86.02,244.34,0.6431,-1,-1,-1
575,25,248.87,926.83,81.33,153.18,0.7335,-1,-1,-1
575,2,707.94,584.57,89.76,249.53,0.6841,-1,-1,-1
575,47,1834.31,254.96,67.07,176.13,0.2566,-1,-1,-1
575,60,377.80,240.93,64.10,186.47,0.6438,-1,-1,-1
575,54,1658.73,255.56,67.23,185.50,0.5477,-1,-1,-1
575,49,797.52,69.71,76.88,249.68,0.4354,-1,-1,-1
575,3,1047.14,819.53,82.29,254.35,0.6199,-1,-1,-1
575,63,999.01,928.39,73.53,149.74,0.5780,-1,-1,-1
575,64,1564.91,598.81,114.19,228.12,0.5406,-1,-1,-1
576,4,1715.87,456.72,81.25,209.52,0.6138,-1,-1,-1
576,8,298.57,864.74,94.31,215.11,0.6981,-1,-1,-1
576,27,1048.16,821.57,82.05,253.35,0.5828,-1,-1,-1
576,45,1124.22,835.45,88.42,242.78,0.5978,-1,-1,-1
576,25,249.01,929.58,81.51,150.37,0.7418,-1,-1,-1
576,2,706.39,583.20,89.99,250.86,0.7062,-1,-1,-1
576,47,1835.64,254.90,67.70,176.40,0.2580,-1,-1,-1
576,60,377.78,243.46,64.37,187.09,0.6619,-1,-1,-1
576,54,1657.21,254.06,68.90,185.79,0.5612,-1,-1,-1
576,49,802.32,69.67,72.31,249.07,0.4033,-1,-1,-1
576,3,1048.07,820.34,81.89,253.57,0.5828,-1,-1,-1
576,63,1003.92,927.82,66.83,149.70,0.4797,-1,-1,-1
576,64,1566.35,598.89,111.04,226.78,0.6099,-1,-1,-1
577,4,1716.31,457.48,81.07,208.83,0.5880,-1,-1,-1
577,8,298.83,868.76,96.55,210.95,0.6998,-1,-1,-1
577,27,1049.78,823.19,80.97,250.46,0.5016,-1,-1,-1
577,45,1122.33,837.69,94.07,240.15,0.5126,-1,-1,-1
577,25,248.79,934.35,82.55,145.59,0.7432,-1,-1,-1
577,2,704.51,581.29,89.80,249.64,0.7005,-1,-1,-1
577,47,1837.59,255.29,66.40,177.04,0.2846,-1,-1,-1
577,60,378.37,246.56,63.80,187.33,0.6273,-1,-1,-1
577,54,1655.45,252.00,70.84,187.17,0.5222,-1,-1,-1
577,49,804.75,69.97,70.53,248.16,0.4469,-1,-1,-1
577,3,1049.70,822.11,80.82,250.65,0.5016,-1,-1,-1
577,63,1005.08,927.09,66.15,150.21,0.5718,-1,-1,-1
577,64,1564.51,600.19,112.70,226.28,0.5659,-1,-1,-1
578,4,1716.46,458.23,80.89,209.27,0.5575,-1,-1,-1
578,8,298.69,871.34,96.20,208.07,0.6970,-1,-1,-1
578,27,1052.77,824.32,78.97,247.41,0.4853,-1,-1,-1
578,45,1125.24,839.69,86.05,238.57,0.4747,-1,-1,-1
578,25,248.92,939.58,82.44,140.41,0.7391,-1,-1,-1
578,2,702.93,578.02,89.05,247.37,0.6775,-1,-1,-1
578,47,1839.70,254.97,64.36,175.05,0.2687,-1,-1,-1
578,60,377.95,249.06,63.77,188.07,0.6461,-1,-1,-1
578,54,1654.39,250.41,72.42,188.83,0.5596,-1,-1,-1
578,49,807.40,70.04,68.39,247.39,0.4341,-1,-1,-1
578,3,1052.70,823.37,78.84,247.57,0.4853,-1,-1,-1
578,63,1005.72,926.55,67.85,150.76,0.5379,-1,-1,-1
578,64,1562.88,601.39,112.90,225.86,0.5775,-1,-1,-1
579,4,1716.79,458.87,80.53,209.13,0.5637,-1,-1,-1
579,8,298.56,873.38,95.96,205.51,0.6986,-1,-1,-1
579,27,1053.51,826.15,81.33,248.19,0.4999,-1,-1,-1
579,45,1127.33,840.15,89.64,237.94,0.5749,-1,-1,-1
579,25,248.79,943.65,82.19,136.34,0.7279,-1,-1,-1
579,2,702.45,575.81,84.93,236.77,0.5908,-1,-1,-1
579,47,1841.73,255.69,63.15,174.17,0.3459,-1,-1,-1
579,60,377.88,250.46,63.64,187.97,0.6678,-1,-1,-1
579,54,1651.12,248.68,76.46,191.65,0.5490,-1,-1,-1
579,49,808.57,69.35,67.16,248.10,0.4626,-1,-1,-1
579,3,1053.45,825.33,81.22,248.33,0.4999,-1,-1,-1
579,63,1007.14,925.63,70.00,151.23,0.5378,-1,-1,-1
579,64,1562.87,602.04,113.05,225.26,0.6078,-1,-1,-1
580,4,1716.92,459.01,80.08,210.81,0.5831,-1,-1,-1
580,8,296.81,874.54,96.29,205.05,0.7240,-1,-1,-1
580,27,1055.21,828.32,80.76,247.11,0.4887,-1,-1,-1
580,45,1128.90,841.57,85.37,237.96,0.5564,-1,-1,-1
580,25,247.48,946.14,82.81,133.47,0.7220,-1,-1,-1
580,2,702.83,575.12,80.76,245.23,0.5795,-1,-1,-1
580,47,1844.03,256.00,64.51,175.43,0.3610,-1,-1,-1
580,60,377.70,252.43,63.34,187.36,0.6868,-1,-1,-1
580,54,1649.14,248.10,78.33,191.20,0.5543,-1,-1,-1
580,49,807.80,67.83,67.67,250.01,0.4907,-1,-1,-1
580,3,1055.16,827.60,80.66,247.23,0.4887,-1,-1,-1
580,63,1006.64,925.55,74.36,151.02,0.5670,-1,-1,-1
580,64,1561.64,602.24,114.89,225.35,0.6064,-1,-1,-1
581,4,1717.68,458.31,78.20,210.75,0.5733,-1,-1,-1
581,8,295.43,875.87,98.62,203.94,0.7253,-1,-1,-1
581,27,1057.97,831.05,80.78,243.51,0.5535,-1,-1,-1
581,45,1130.69,841.96,92.79,238.22,0.5224,-1,-1,-1
581,25,248.07,948.09,82.04,131.59,0.7270,-1,-1,-1
581,2,702.94,573.91,76.13,248.33,0.6000,-1,-1,-1
581,47,1847.33,255.67,62.68,178.94,0.3798,-1,-1,-1
581,60,377.21,254.64,63.62,185.52,0.6495,-1,-1,-1
581,54,1647.73,246.78,78.84,191.44,0.4979,-1,-1,-1
581,49,807.79,68.05,67.17,249.46,0.4384,-1,-1,-1
581,3,1057.92,830.42,80.69,243.62,0.5535,-1,-1,-1
581,63,1006.53,925.26,76.94,151.22,0.5918,-1,-1,-1
581,64,1561.84,601.68,114.90,225.67,0.5761,-1,-1,-1
582,4,1719.23,458.11,77.23,208.65,0.5333,-1,-1,-1
582,8,296.33,877.51,100.00,202.49,0.7379,-1,-1,-1
582,27,1060.46,834.43,80.00,237.55,0.5550,-1,-1,-1
582,45,1130.26,844.63,96.60,235.91,0.5294,-1,-1,-1
582,25,247.64,949.16,82.01,130.59,0.7115,-1,-1,-1
582,2,702.79,571.80,73.51,242.69,0.4719,-1,-1,-1
582,47,1850.12,255.51,61.94,181.64,0.2854,-1,-1,-1
582,60,376.36,255.83,64.24,186.06,0.6421,-1,-1,-1
582,54,1646.58,246.50,79.29,191.73,0.4698,-1,-1,-1
582,49,808.04,67.23,66.78,250.18,0.4474,-1,-1,-1
582,3,1060.41,833.88,79.92,237.65,0.5550,-1,-1,-1
582,63,1005.32,925.39,81.84,152.12,0.6060,-1,-1,-1
582,64,1562.86,602.95,113.98,223.98,0.5262,-1,-1,-1
583,4,1719.78,457.82,76.48,208.63,0.5856,-1,-1,-1
583,8,297.76,879.42,98.59,200.61,0.7513,-1,-1,-1
583,27,1063.54,837.96,78.96,237.79,0.6572,-1,-1,-1
583,45,1138.00,845.86,91.92,234.75,0.6566,-1,-1,-1
583,25,246.76,949.70,82.25,130.19,0.7088,-1,-1,-1
583,2,702.21,570.35,69.70,234.09,0.4284,-1,-1,-1
583,47,1851.48,256.86,63.21,182.49,0.3632,-1,-1,-1
583,60,375.12,256.89,65.57,187.93,0.6739,-1,-1,-1
583,54,1645.75,246.40,80.22,190.84,0.4968,-1,-1,-1
583,49,808.13,65.83,66.68,251.55,0.4598,-1,-1,-1
583,3,1063.51,837.49,78.89,237.88,0.6572,-1,-1,-1
583,63,1005.30,925.97,80.55,152.16,0.5773,-1,-1,-1
583,64,1560.33,605.32,112.71,223.85,0.4246,-1,-1,-1
584,4,1718.88,455.14,78.27,211.57,0.6184,-1,-1,-1
584,8,299.31,881.15,96.93,198.87,0.7555,-1,-1,-1
584,27,1062.40,841.42,81.49,237.71,0.6877,-1,-1,-1
584,45,1139.52,847.99,91.37,232.61,0.6701,-1,-1,-1
584,25,246.00,950.46,81.72,129.50,0.7005,-1,-1,-1
584,2,701.56,568.94,64.81,233.70,0.2693,-1,-1,-1
584,47,1853.51,256.15,64.88,184.40,0.2572,-1,-1,-1
584,60,373.44,257.64,66.41,189.44,0.6968,-1,-1,-1
584,54,1645.25,246.73,80.44,189.40,0.5106,-1,-1,-1
584,49,809.82,66.27,64.98,250.90,0.4433,-1,-1,-1
584,3,1062.37,841.00,81.43,237.78,0.6877,-1,-1,-1
584,63,1004.60,926.18,69.66,152.31,0.5637,-1,-1,-1
584,64,1560.92,603.58,112.41,224.41,0.5065,-1,-1,-1
585,4,1719.76,456.06,76.60,209.06,0.6331,-1,-1,-1
585,8,299.86,883.17,95.90,196.92,0.7540,-1,-1,-1
585,27,1062.43,843.91,80.08,236.09,0.7316,-1,-1,-1
585,45,1140.83,851.14,90.58,229.43,0.7216,-1,-1,-1
585,25,245.79,951.58,81.45,128.29,0.7086,-1,-1,-1
585,2,700.02,568.34,62.32,238.91,0.2955,-1,-1,-1
585,47,1853.06,257.36,65.69,185.51,0.2863,-1,-1,-1
585,60,372.49,258.29,66.49,189.24,0.7123,-1,-1,-1
585,54,1644.16,246.89,82.27,188.40,0.5317,-1,-1,-1
585,49,809.30,67.60,65.33,249.87,0.4724,-1,-1,-1
585,3,1062.40,843.54,80.03,236.15,0.7316,-1,-1,-1
585,63,1003.80,927.00,65.52,151.16,0.5902,-1,-1,-1
585,64,1559.81,605.61,112.20,223.96,0.4350,-1,-1,-1
586,4,1719.79,456.54,74.90,207.01,0.6221,-1,-1,-1
586,8,300.98,885.81,94.78,194.27,0.7595,-1,-1,-1
586,27,1062.87,846.16,80.33,233.14,0.7109,-1,-1,-1
586,45,1144.53,854.22,89.17,226.27,0.6960,-1,-1,-1
586,25,244.41,952.96,82.58,126.91,0.7044,-1,-1,-1
586,47,1854.35,257.14,64.64,186.36,0.2871,-1,-1,-1
586,60,372.16,258.52,65.80,189.61,0.7196,-1,-1,-1
586,54,1645.12,247.25,81.46,187.24,0.5339,-1,-1,-1
586,49,809.29,68.46,64.86,249.58,0.4833,-1,-1,-1
586,3,1062.84,845.84,80.28,233.20,0.7109,-1,-1,-1
586,63,1004.42,927.84,61.54,150.36,0.6019,-1,-1,-1
586,64,1562.23,604.17,113.26,223.94,0.5337,-1,-1,-1
587,4,1721.13,455.45,73.71,209.06,0.6410,-1,-1,-1
587,8,302.30,888.22,94.37,191.72,0.7587,-1,-1,-1
587,27,1065.24,847.90,79.17,230.71,0.7135,-1,-1,-1
587,45,1148.26,857.67,88.83,222.76,0.6704,-1,-1,-1
587,25,245.78,954.98,81.74,124.99,0.7236,-1,-1,-1
587,47,1854.92,257.37,64.58,186.29,0.3107,-1,-1,-1
587,60,371.39,258.87,65.70,189.49,0.7010,-1,-1,-1
587,54,1645.52,247.09,81.09,186.24,0.5087,-1,-1,-1
587,49,808.63,69.97,64.92,248.87,0.4748,-1,-1,-1
587,3,1065.22,847.62,79.13,230.76,0.7135,-1,-1,-1
587,63,1003.44,928.87,61.82,149.35,0.6297,-1,-1,-1
587,64,1561.17,603.41,112.70,226.43,0.5409,-1,-1,-1
588,4,1721.65,453.63,69.48,212.36,0.6281,-1,-1,-1
588,8,302.86,890.81,93.95,189.20,0.7552,-1,-1,-1
588,27,1066.89,849.76,77.69,227.95,0.7055,-1,-1,-1
588,45,1149.77,858.43,91.64,221.93,0.6634,-1,-1,-1
588,25,246.30,957.47,81.72,122.54,0.7202,-1,-1,-1
588,47,1856.92,257.06,62.84,186.26,0.3220,-1,-1,-1
588,60,371.18,259.03,65.67,189.56,0.7073,-1,-1,-1
588,54,1647.06,245.68,79.47,186.71,0.4996,-1,-1,-1
588,49,808.62,70.02,64.56,248.71,0.4542,-1,-1,-1
588,3,1066.87,849.51,77.65,227.99,0.7055,-1,-1,-1
588,63,1002.18,929.84,62.49,149.50,0.6196,-1,-1,-1
588,64,1562.42,603.04,112.67,225.11,0.5299,-1,-1,-1
589,4,1723.26,455.11,69.61,209.45,0.6433,-1,-1,-1
589,8,302.92,894.22,93.85,185.80,0.7672,-1,-1,-1
589,27,1067.41,851.05,78.36,226.93,0.7150,-1,-1,-1
589,45,1153.60,858.72,91.36,221.59,0.6849,-1,-1,-1
589,25,246.65,960.61,82.15,119.41,0.7211,-1,-1,-1
589,47,1858.36,255.53,61.24,187.50,0.2400,-1,-1,-1
589,60,370.56,260.02,65.53,187.86,0.7045,-1,-1,-1
589,54,1649.58,243.44,77.17,183.73,0.5037,-1,-1,-1
589,49,809.25,74.50,63.35,243.31,0.4087,-1,-1,-1
589,3,1067.39,850.84,78.33,226.97,0.7150,-1,-1,-1
589,63,1002.37,930.52,61.32,149.31,0.6252,-1,-1,-1
589,64,1560.39,603.47,112.60,226.16,0.5504,-1,-1,-1
590,4,1723.00,455.55,71.34,209.15,0.6039,-1,-1,-1
590,8,304.74,895.89,92.74,183.74,0.7620,-1,-1,-1
590,27,1068.00,852.51,80.20,225.97,0.7313,-1,-1,-1
590,45,1156.70,861.39,90.33,218.86,0.6945,-1,-1,-1
590,25,246.40,963.11,82.14,116.90,0.6994,-1,-1,-1
590,47,1857.34,253.80,62.49,190.10,0.2621,-1,-1,-1
590,60,370.05,261.42,65.26,186.43,0.7152,-1,-1,-1
590,54,1652.62,241.15,74.62,183.60,0.5250,-1,-1,-1
590,49,809.07,73.28,62.71,244.63,0.3700,-1,-1,-1
590,3,1067.98,852.32,80.18,226.00,0.7313,-1,-1,-1
590,63,1001.80,930.99,61.16,149.00,0.6389,-1,-1,-1
590,64,1559.69,603.84,112.33,226.05,0.5481,-1,-1,-1
590,65,284.89,118.78,58.96,176.49,0.3605,-1,-1,-1
591,4,1723.25,457.04,71.37,207.31,0.6259,-1,-1,-1
591,8,306.17,897.89,91.86,180.41,0.7609,-1,-1,-1
591,27,1068.96,853.49,81.78,225.30,0.7235,-1,-1,-1
591,45,1158.74,863.06,90.41,217.12,0.6913,-1,-1,-1
591,25,246.17,966.18,82.20,113.75,0.7018,-1,-1,-1
591,47,1858.65,254.31,61.22,191.61,0.2876,-1,-1,-1
591,60,369.09,262.62,66.00,185.30,0.7217,-1,-1,-1
591,54,1654.63,239.81,73.35,183.00,0.5817,-1,-1,-1
591,49,808.73,76.29,60.96,241.28,0.3316,-1,-1,-1
591,3,1068.94,853.33,81.76,225.32,0.7235,-1,-1,-1
591,63,1001.42,931.86,59.66,148.14,0.6280,-1,-1,-1
591,64,1560.00,603.81,112.21,225.79,0.5709,-1,-1,-1
591,65,284.29,120.28,58.87,175.57,0.3591,-1,-1,-1
592,4,1722.79,457.24,71.39,206.86,0.6256,-1,-1,-1
592,8,307.77,901.33,90.72,177.07,0.7391,-1,-1,-1
592,27,1070.05,854.75,81.40,223.02,0.7154,-1,-1,-1
592,45,1158.25,865.61,92.68,214.55,0.6864,-1,-1,-1
592,25,247.64,968.83,82.24,111.16,0.7213,-1,-1,-1
592,47,1860.84,252.74,59.05,194.63,0.2183,-1,-1,-1
592,60,368.35,264.27,65.93,182.83,0.7176,-1,-1,-1
592,54,1655.93,237.92,73.61,185.36,0.6350,-1,-1,-1
592,49,809.01,81.66,59.03,235.41,0.3065,-1,-1,-1
592,3,1070.04,854.61,81.38,223.05,0.7154,-1,-1,-1
592,63,1000.74,932.70,59.40,147.34,0.5837,-1,-1,-1
592,64,1560.21,603.32,112.35,226.50,0.5074,-1,-1,-1
592,65,284.66,118.82,57.82,176.39,0.3563,-1,-1,-1
593,4,1721.34,455.37,70.44,211.20,0.6501,-1,-1,-1
593,8,308.37,906.63,91.12,172.83,0.7728,-1,-1,-1
593,27,1071.59,855.76,80.65,221.42,0.7240,-1,-1,-1
593,45,1161.26,868.13,91.07,212.01,0.6762,-1,-1,-1
593,25,248.91,971.42,82.27,108.61,0.7289,-1,-1,-1
593,47,1864.74,255.60,55.16,191.49,0.2377,-1,-1,-1
593,60,367.63,265.25,66.23,183.60,0.7253,-1,-1,-1
593,54,1656.12,235.76,73.21,185.45,0.6653,-1,-1,-1
593,49,809.48,83.40,58.35,233.68,0.3156,-1,-1,-1
593,3,1071.58,855.64,80.64,221.44,0.7240,-1,-1,-1
593,63,1000.74,933.30,58.98,146.46,0.5825,-1,-1,-1
593,64,1560.63,603.34,111.48,226.38,0.4749,-1,-1,-1
593,65,283.92,118.06,58.44,177.59,0.3425,-1,-1,-1
594,4,1720.82,455.02,69.97,212.48,0.6487,-1,-1,-1
594,8,309.32,909.93,92.66,169.92,0.7756,-1,-1,-1
594,27,1072.90,856.91,79.73,221.61,0.7187,-1,-1,-1
594,45,1163.14,870.37,90.07,209.78,0.6682,-1,-1,-1
594,25,249.75,974.85,84.54,105.18,0.7218,-1,-1,-1
594,47,1866.82,254.22,52.89,191.13,0.2186,-1,-1,-1
594,60,367.23,266.72,65.66,185.41,0.7209,-1,-1,-1
594,54,1657.08,233.38,71.91,186.42,0.6364,-1,-1,-1
594,49,809.36,88.65,57.77,228.39,0.2782,-1,-1,-1
594,3,1072.89,856.80,79.71,221.63,0.7187,-1,-1,-1
594,63,1000.98,934.67,58.16,145.29,0.5750,-1,-1,-1
594,64,1561.41,605.08,110.12,224.29,0.4861,-1,-1,-1
594,65,283.48,117.07,58.75,179.16,0.3426,-1,-1,-1
595,4,1720.85,454.01,70.32,213.30,0.6796,-1,-1,-1
595,8,310.27,911.84,94.41,168.12,0.7620,-1,-1,-1
595,27,1074.10,858.76,80.19,220.92,0.7198,-1,-1,-1
595,45,1165.28,872.12,88.86,208.02,0.6596,-1,-1,-1
595,25,250.29,978.26,83.44,101.74,0.7018,-1,-1,-1
595,47,1869.80,255.42,49.81,188.82,0.1721,-1,-1,-1
595,60,366.34,269.07,65.94,187.64,0.7235,-1,-1,-1
595,54,1657.88,231.26,71.05,187.99,0.6287,-1,-1,-1
595,49,809.91,91.81,56.57,225.41,0.2650,-1,-1,-1
595,3,1074.09,858.66,80.17,220.94,0.7198,-1,-1,-1
595,63,1000.65,935.41,57.35,144.62,0.5936,-1,-1,-1
595,64,1562.07,605.34,109.55,223.94,0.4457,-1,-1,-1
595,65,282.99,115.18,59.24,180.49,0.3436,-1,-1,-1
596,4,1719.32,453.33,72.27,214.53,0.7018,-1,-1,-1
596,8,311.81,913.12,94.72,166.90,0.7688,-1,-1,-1
596,27,1074.54,860.91,81.27,219.21,0.7210,-1,-1,-1
596,45,1169.16,873.95,85.26,206.19,0.6872,-1,-1,-1
596,25,251.01,981.13,83.46,98.89,0.7023,-1,-1,-1
596,60,365.46,269.99,66.11,190.70,0.7263,-1,-1,-1
596,54,1657.81,229.73,70.68,187.79,0.6107,-1,-1,-1
596,49,810.02,120.63,54.71,196.75,0.2139,-1,-1,-1
596,3,1074.54,860.82,81.26,219.22,0.7210,-1,-1,-1
596,63,1000.03,935.35,57.59,143.35,0.5730,-1,-1,-1
596,64,1562.31,606.08,109.25,223.78,0.4586,-1,-1,-1
596,65,283.02,116.78,59.27,178.90,0.3265,-1,-1,-1
597,4,1717.99,454.00,73.89,213.68,0.6876,-1,-1,-1
597,8,313.73,913.71,94.52,166.32,0.7388,-1,-1,-1
597,27,1076.12,863.25,79.13,216.99,0.6754,-1,-1,-1
597,45,1171.77,875.75,83.48,204.36,0.6498,-1,-1,-1
597,25,251.31,982.76,83.93,97.26,0.6963,-1,-1,-1
597,60,364.51,271.68,66.49,191.17,0.7106,-1,-1,-1
597,54,1658.38,227.72,70.22,188.62,0.5942,-1,-1,-1
597,49,808.56,105.06,56.10,212.62,0.2373,-1,-1,-1
597,3,1076.11,863.17,79.12,217.00,0.6754,-1,-1,-1
597,63,999.42,935.82,58.38,142.11,0.6177,-1,-1,-1
597,64,1561.31,608.18,110.21,221.91,0.4109,-1,-1,-1
597,65,281.97,116.55,60.14,179.40,0.2911,-1,-1,-1
598,4,1716.23,453.85,75.83,213.50,0.7063,-1,-1,-1
598,8,314.20,914.20,97.18,165.14,0.7353,-1,-1,-1
598,27,1077.33,865.02,79.50,215.21,0.6628,-1,-1,-1
598,45,1170.29,877.67,86.49,202.40,0.6631,-1,-1,-1
598,25,251.90,984.33,83.96,95.65,0.6773,-1,-1,-1
598,60,363.98,272.68,66.65,190.91,0.7063,-1,-1,-1
598,54,1657.65,226.62,69.82,189.21,0.5918,-1,-1,-1
598,49,808.71,127.61,55.48,189.65,0.2294,-1,-1,-1
598,3,1077.32,864.95,79.49,215.22,0.6628,-1,-1,-1
598,63,999.43,936.41,60.60,141.25,0.6250,-1,-1,-1
598,64,1560.27,610.63,111.14,219.66,0.3846,-1,-1,-1
598,65,281.05,115.68,60.78,180.84,0.2910,-1,-1,-1
599,4,1714.52,453.81,78.24,213.20,0.7033,-1,-1,-1
599,8,314.06,915.96,100.12,162.87,0.7269,-1,-1,-1
599,27,1078.45,867.22,81.18,212.99,0.6202,-1,-1,-1
599,45,1171.62,880.41,86.38,199.64,0.6585,-1,-1,-1
599,25,253.10,985.47,81.20,94.50,0.6593,-1,-1,-1
599,60,364.38,273.13,66.16,191.63,0.6714,-1,-1,-1
599,54,1655.13,226.93,70.32,188.59,0.5505,-1,-1,-1
599,49,807.31,116.98,57.04,200.35,0.2477,-1,-1,-1
599,3,1078.45,867.16,81.17,213.00,0.6202,-1,-1,-1
599,63,998.76,936.81,60.61,140.78,0.6461,-1,-1,-1
599,64,1559.86,609.39,112.04,221.21,0.3645,-1,-1,-1
599,65,280.97,114.94,60.89,181.66,0.3122,-1,-1,-1
600,4,1714.11,453.89,79.01,212.06,0.7201,-1,-1,-1
600,8,314.58,918.00,103.32,160.11,0.7043,-1,-1,-1
600,27,1079.89,869.39,81.64,210.85,0.6532,-1,-1,-1
600,45,1176.35,883.94,82.29,196.15,0.6587,-1,-1,-1
600,25,253.32,986.53,82.68,93.50,0.6489,-1,-1,-1
600,60,364.80,274.77,65.81,192.03,0.6770,-1,-1,-1
600,54,1652.61,226.65,70.95,186.08,0.5433,-1,-1,-1
600,49,808.08,136.37,55.87,180.85,0.2057,-1,-1,-1
600,3,1079.88,869.34,81.63,210.86,0.6532,-1,-1,-1
600,63,998.59,938.28,60.43,139.46,0.6405,-1,-1,-1
600,64,1560.31,608.10,112.33,221.26,0.3525,-1,-1,-1
600,65,281.47,114.19,59.92,182.50,0.2716,-1,-1,-1
600,66,429.58,74.29,53.97,160.66,0.3705,-1,-1,-1
601,4,1713.95,453.94,80.03,212.91,0.7016,-1,-1,-1
601,8,314.88,919.71,103.85,158.39,0.7216,-1,-1,-1
601,27,1081.02,871.92,84.18,208.26,0.6059,-1,-1,-1
601,45,1176.11,886.43,83.18,193.63,0.6561,-1,-1,-1
601,25,253.44,986.87,84.10,93.13,0.6263,-1,-1,-1
601,60,364.22,274.95,65.54,195.73,0.7021,-1,-1,-1
601,54,1649.11,226.41,72.38,186.34,0.5767,-1,-1,-1
601,49,807.84,145.67,56.27,171.72,0.2301,-1,-1,-1
601,3,1081.02,871.88,84.18,208.27,0.6059,-1,-1,-1
601,63,998.55,939.54,59.05,138.16,0.6213,-1,-1,-1
601,64,1561.46,603.94,111.34,224.11,0.3923,-1,-1,-1
601,65,281.50,114.02,59.03,183.21,0.2341,-1,-1,-1
601,66,430.95,71.76,52.91,163.84,0.2830,-1,-1,-1
602,4,1712.39,454.94,82.00,212.23,0.6954,-1,-1,-1
602,8,315.95,921.40,104.57,156.12,0.7223,-1,-1,-1
602,27,1080.28,874.86,86.93,205.27,0.6725,-1,-1,-1
602,45,1175.76,888.52,84.45,191.50,0.6497,-1,-1,-1
602,25,253.61,988.53,84.72,91.42,0.6100,-1,-1,-1
602,60,364.89,274.78,64.30,196.61,0.6821,-1,-1,-1
602,54,1648.00,226.89,72.04,184.10,0.5898,-1,-1,-1
602,49,807.75,147.57,56.15,169.91,0.2863,-1,-1,-1
602,3,1080.28,874.82,86.93,205.28,0.6725,-1,-1,-1
602,63,996.75,940.28,59.78,137.52,0.6516,-1,-1,-1
602,64,1562.11,600.56,113.94,225.89,0.5916,-1,-1,-1
602,65,280.38,114.20,60.19,183.28,0.2540,-1,-1,-1
602,66,431.94,69.34,52.88,168.68,0.2638,-1,-1,-1
603,4,1711.17,455.18,83.72,213.68,0.7157,-1,-1,-1
603,8,316.66,924.19,104.64,153.82,0.7365,-1,-1,-1
603,27,1080.85,877.75,87.67,202.38,0.6606,-1,-1,-1
603,45,1176.47,890.86,83.52,189.17,0.6049,-1,-1,-1
603,25,254.08,990.97,84.69,89.00,0.6235,-1,-1,-1
603,60,363.99,276.28,65.44,195.69,0.6959,-1,-1,-1
603,54,1647.29,227.56,70.36,183.13,0.6220,-1,-1,-1
603,49,807.76,145.68,56.22,171.45,0.2882,-1,-1,-1
603,3,1080.85,877.71,87.66,202.39,0.6606,-1,-1,-1
603,63,996.09,940.91,59.37,136.91,0.6627,-1,-1,-1
603,64,1562.85,600.10,112.93,226.69,0.4890,-1,-1,-1
603,65,279.23,113.70,61.13,183.24,0.2624,-1,-1,-1
603,66,432.29,68.18,53.60,172.51,0.1933,-1,-1,-1
604,4,1709.74,454.79,85.23,212.33,0.7131,-1,-1,-1
604,8,317.77,926.90,104.64,151.31,0.7546,-1,-1,-1
604,27,1080.61,880.64,90.42,199.46,0.6017,-1,-1,-1
604,45,1178.52,893.15,80.85,186.86,0.5312,-1,-1,-1
604,25,254.59,992.81,84.91,87.18,0.6277,-1,-1,-1
604,60,364.68,276.86,64.76,196.27,0.6813,-1,-1,-1
604,54,1648.55,227.46,67.00,182.22,0.6060,-1,-1,-1
604,49,807.67,145.16,56.57,171.96,0.2737,-1,-1,-1
604,3,1080.61,880.61,90.42,199.46,0.6017,-1,-1,-1
604,63,996.33,942.16,59.27,136.02,0.6399,-1,-1,-1
604,64,1563.18,599.07,112.72,227.79,0.4353,-1,-1,-1
604,65,278.43,111.83,62.17,184.46,0.2299,-1,-1,-1
605,4,1710.22,454.31,85.19,213.24,0.7033,-1,-1,-1
605,8,319.72,929.75,102.30,148.69,0.7468,-1,-1,-1
605,27,1083.94,883.08,89.83,197.01,0.5588,-1,-1,-1
605,45,1182.03,895.90,75.34,184.12,0.5162,-1,-1,-1
605,25,254.66,994.68,85.44,85.32,0.6278,-1,-1,-1
605,60,363.64,276.99,66.27,196.04,0.6851,-1,-1,-1
605,54,1648.23,227.93,66.19,179.60,0.5553,-1,-1,-1
605,49,807.12,146.85,56.79,170.58,0.2441,-1,-1,-1
605,3,1083.93,883.06,89.83,197.02,0.5588,-1,-1,-1
605,63,996.44,943.35,59.10,135.30,0.6214,-1,-1,-1
605,64,1563.98,601.42,109.64,225.55,0.3535,-1,-1,-1
605,65,278.18,111.58,62.41,185.05,0.2464,-1,-1,-1
606,4,1711.01,454.70,84.95,213.05,0.6995,-1,-1,-1
606,8,321.73,932.87,99.70,146.47,0.7544,-1,-1,-1
606,27,1088.50,885.83,86.71,194.25,0.5627,-1,-1,-1
606,45,1181.69,898.16,75.72,181.86,0.5178,-1,-1,-1
606,25,254.34,997.34,85.32,82.65,0.6128,-1,-1,-1
606,60,363.06,277.46,66.77,195.49,0.6935,-1,-1,-1
606,54,1647.16,228.06,66.15,178.10,0.5478,-1,-1,-1
606,49,807.03,146.04,57.46,170.49,0.2842,-1,-1,-1
606,3,1088.49,885.81,86.70,194.25,0.5627,-1,-1,-1
606,63,996.10,944.54,58.68,134.76,0.5915,-1,-1,-1
606,64,1562.15,605.51,109.83,223.49,0.5028,-1,-1,-1
606,65,278.00,111.12,62.71,185.76,0.2706,-1,-1,-1
607,4,1710.13,455.05,86.30,212.61,0.7107,-1,-1,-1
607,8,322.96,935.68,97.42,144.12,0.7348,-1,-1,-1
607,27,1093.46,887.42,84.61,192.64,0.5634,-1,-1,-1
607,45,1182.11,898.37,75.94,181.64,0.4722,-1,-1,-1
607,25,254.12,1000.05,84.17,79.93,0.6117,-1,-1,-1
607,60,363.35,278.18,66.42,194.49,0.6974,-1,-1,-1
607,54,1646.44,227.40,65.60,177.67,0.5484,-1,-1,-1
607,49,806.71,144.79,57.72,172.33,0.2859,-1,-1,-1
607,3,1093.45,887.40,84.61,192.65,0.5634,-1,-1,-1
607,63,995.52,945.32,58.81,134.21,0.5981,-1,-1,-1
607,64,1562.97,608.82,108.80,220.77,0.4497,-1,-1,-1
607,65,276.74,109.13,63.99,187.84,0.2864,-1,-1,-1
607,66,433.67,71.77,51.61,172.80,0.4022,-1,-1,-1
608,4,1709.94,454.61,86.70,213.17,0.7104,-1,-1,-1
608,8,323.25,939.95,97.27,140.04,0.7450,-1,-1,-1
608,27,1097.98,889.37,81.86,190.69,0.5824,-1,-1,-1
608,45,1183.73,899.35,74.03,180.67,0.5002,-1,-1,-1
608,25,253.52,1002.29,84.58,77.73,0.6197,-1,-1,-1
608,60,362.45,278.14,66.64,193.75,0.6765,-1,-1,-1
608,54,1645.84,226.35,64.10,180.11,0.5322,-1,-1,-1
608,49,806.43,143.28,58.46,173.66,0.3172,-1,-1,-1
608,3,1097.97,889.36,81.86,190.70,0.5824,-1,-1,-1
608,63,995.17,945.76,59.30,134.13,0.5930,-1,-1,-1
608,64,1562.71,610.30,108.60,219.12,0.4514,-1,-1,-1
608,65,275.46,109.05,64.92,187.96,0.2691,-1,-1,-1
608,66,434.50,71.92,51.17,173.78,0.3617,-1,-1,-1
609,4,1711.03,454.48,85.24,212.59,0.7434,-1,-1,-1
609,8,321.75,942.75,98.26,135.12,0.7327,-1,-1,-1
609,27,1100.52,890.31,80.97,189.75,0.5874,-1,-1,-1
609,45,1183.34,900.33,78.84,179.69,0.5185,-1,-1,-1
609,25,253.58,1005.10,84.06,74.74,0.6135,-1,-1,-1
609,60,362.43,277.73,66.34,193.97,0.6860,-1,-1,-1
609,54,1642.99,223.82,66.14,185.02,0.5487,-1,-1,-1
609,49,806.83,139.31,58.35,177.30,0.2570,-1,-1,-1
609,3,1100.52,890.30,80.97,189.75,0.5874,-1,-1,-1
609,63,994.03,946.57,60.37,133.44,0.6183,-1,-1,-1
609,64,1562.54,608.55,108.21,221.39,0.4508,-1,-1,-1
609,65,274.80,110.66,66.20,186.29,0.2701,-1,-1,-1
609,66,435.23,71.14,51.10,175.27,0.3797,-1,-1,-1
610,4,1711.40,454.32,84.82,212.26,0.7385,-1,-1,-1
610,8,321.51,945.42,97.49,131.69,0.7272,-1,-1,-1
610,27,1101.81,890.63,80.73,189.40,0.5694,-1,-1,-1
610,45,1183.43,900.73,79.64,179.26,0.5102,-1,-1,-1
610,25,253.64,1008.21,81.48,71.17,0.5548,-1,-1,-1
610,60,361.83,278.33,66.48,193.81,0.6984,-1,-1,-1
610,54,1640.87,221.96,66.75,183.77,0.5339,-1,-1,-1
610,49,807.85,138.23,57.50,177.68,0.2594,-1,-1,-1
610,3,1101.81,890.62,80.73,189.40,0.5694,-1,-1,-1
610,63,992.70,946.55,61.10,133.48,0.6246,-1,-1,-1
610,64,1563.84,600.98,110.58,226.24,0.3978,-1,-1,-1
610,65,276.00,111.55,65.11,185.16,0.2397,-1,-1,-1
610,66,435.47,72.53,51.42,173.93,0.3620,-1,-1,-1
610,67,592.42,552.93,85.50,228.51,0.5013,-1,-1,-1
611,4,1710.93,454.51,85.33,212.96,0.7411,-1,-1,-1
611,8,320.26,948.10,96.76,130.82,0.7304,-1,-1,-1
611,27,1102.94,891.28,82.12,188.72,0.5769,-1,-1,-1
611,45,1183.34,902.07,81.03,177.90,0.5078,-1,-1,-1
611,25,254.10,1011.47,77.46,67.64,0.5000,-1,-1,-1
611,60,360.93,279.92,67.40,193.03,0.7044,-1,-1,-1
611,54,1639.70,219.16,66.49,184.05,0.5441,-1,-1,-1
611,49,805.65,131.47,58.73,186.31,0.2657,-1,-1,-1
611,3,1102.94,891.27,82.12,188.72,0.5769,-1,-1,-1
611,63,991.55,946.35,61.75,133.66,0.6313,-1,-1,-1
611,64,1564.83,596.57,111.59,228.95,0.5345,-1,-1,-1
611,65,274.04,105.75,67.08,190.89,0.2919,-1,-1,-1
611,66,436.21,74.86,51.64,171.72,0.3355,-1,-1,-1
611,67,586.63,549.46,91.31,232.73,0.5637,-1,-1,-1
612,4,1709.92,453.90,86.45,213.13,0.7544,-1,-1,-1
612,8,319.71,949.42,96.79,130.22,0.7591,-1,-1,-1
612,27,1105.75,892.45,80.20,187.55,0.5754,-1,-1,-1
612,45,1181.78,903.99,82.96,175.99,0.5083,-1,-1,-1
612,25,253.45,1014.56,76.81,65.04,0.4775,-1,-1,-1
612,60,359.84,282.22,67.84,192.29,0.6710,-1,-1,-1
612,54,1637.95,216.52,67.09,185.42,0.5590,-1,-1,-1
612,49,804.72,130.35,59.49,187.74,0.3187,-1,-1,-1
612,3,1105.75,892.44,80.19,187.55,0.5754,-1,-1,-1
612,63,990.75,946.26,62.31,133.76,0.6087,-1,-1,-1
612,64,1565.87,600.19,109.77,225.78,0.4832,-1,-1,-1
612,65,273.27,108.75,67.66,187.94,0.2585,-1,-1,-1
612,66,437.25,76.13,50.68,171.02,0.2587,-1,-1,-1
612,67,580.71,548.20,97.35,234.67,0.6284,-1,-1,-1
613,4,1710.91,453.49,85.03,213.43,0.7486,-1,-1,-1
613,8,319.80,951.66,95.81,128.16,0.7302,-1,-1,-1
613,27,1106.80,893.55,80.04,186.43,0.5127,-1,-1,-1
613,45,1183.19,906.61,83.21,173.34,0.3367,-1,-1,-1
613,25,253.51,1017.12,75.94,62.62,0.3951,-1,-1,-1
613,60,359.82,285.19,66.88,192.95,0.6754,-1,-1,-1
613,54,1636.52,213.78,67.49,187.97,0.5704,-1,-1,-1
613,49,804.59,134.24,59.82,184.26,0.3800,-1,-1,-1
613,3,1106.80,893.54,80.04,186.43,0.5127,-1,-1,-1
613,63,989.59,946.97,63.03,133.01,0.6227,-1,-1,-1
613,64,1564.49,604.61,108.59,223.50,0.5298,-1,-1,-1
613,65,271.45,98.71,69.63,197.59,0.2087,-1,-1,-1
613,66,438.70,77.47,49.85,170.49,0.2056,-1,-1,-1
613,67,578.92,547.85,99.81,235.43,0.6566,-1,-1,-1
614,4,1711.72,453.12,83.91,213.41,0.7400,-1,-1,-1
614,8,319.77,953.08,95.93,126.91,0.7285,-1,-1,-1
614,27,1107.66,896.24,81.99,183.78,0.5913,-1,-1,-1
614,45,1185.65,909.98,81.36,170.01,0.4906,-1,-1,-1
614,25,254.00,1020.07,74.83,59.86,0.3781,-1,-1,-1
614,60,358.80,285.80,67.19,196.09,0.6760,-1,-1,-1
614,54,1634.65,212.14,68.18,185.97,0.5782,-1,-1,-1
614,49,806.07,137.22,58.48,181.08,0.3854,-1,-1,-1
614,3,1107.66,896.23,81.99,183.78,0.5913,-1,-1,-1
614,63,988.06,946.49,64.09,133.54,0.6450,-1,-1,-1
614,64,1563.33,607.78,108.61,221.66,0.4839,-1,-1,-1
614,67,576.47,548.21,101.70,236.06,0.6421,-1,-1,-1
615,4,1712.14,452.52,83.28,214.74,0.7523,-1,-1,-1
615,8,319.91,955.67,94.82,124.39,0.7235,-1,-1,-1
615,27,1107.69,898.32,81.89,181.72,0.5788,-1,-1,-1
615,45,1189.12,913.49,79.98,166.53,0.4067,-1,-1,-1
615,25,252.23,1023.69,72.28,56.32,0.3560,-1,-1,-1
615,60,357.53,286.66,67.60,197.40,0.6712,-1,-1,-1
615,54,1632.41,210.39,69.15,185.13,0.5846,-1,-1,-1
615,49,806.08,140.75,58.27,178.46,0.3922,-1,-1,-1
615,3,1107.69,898.31,81.89,181.73,0.5788,-1,-1,-1
615,63,987.20,946.25,64.04,133.80,0.6479,-1,-1,-1
615,64,1562.50,607.21,109.25,222.49,0.4943,-1,-1,-1
615,67,575.87,548.13,100.89,235.85,0.6234,-1,-1,-1
616,4,1712.89,452.25,82.50,215.77,0.7282,-1,-1,-1
616,8,320.19,958.37,93.96,121.60,0.7305,-1,-1,-1
616,27,1109.04,900.93,83.14,179.06,0.6107,-1,-1,-1
616,45,1194.38,915.62,77.90,164.14,0.4821,-1,-1,-1
616,25,254.72,1023.85,70.03,56.08,0.3791,-1,-1,-1
616,60,356.17,287.16,68.92,197.45,0.6786,-1,-1,-1
616,54,1630.76,209.70,70.05,183.93,0.5463,-1,-1,-1
616,49,805.80,142.72,58.59,176.99,0.3829,-1,-1,-1
616,3,1109.04,900.92,83.14,179.06,0.6107,-1,-1,-1
616,63,985.42,946.95,64.22,133.05,0.6756,-1,-1,-1
616,64,1561.62,606.14,110.43,223.68,0.5195,-1,-1,-1
616,67,576.44,547.22,97.39,233.30,0.5548,-1,-1,-1
617,4,1713.21,452.62,82.35,215.01,0.7014,-1,-1,-1
617,8,320.73,960.66,94.05,119.38,0.7207,-1,-1,-1
617,27,1110.01,902.95,81.81,177.08,0.6094,-1,-1,-1
617,45,1194.51,918.18,78.74,161.76,0.3866,-1,-1,-1
617,25,254.08,1025.98,67.91,54.02,0.3569,-1,-1,-1
617,60,355.28,289.87,68.21,196.37,0.6572,-1,-1,-1
617,54,1629.30,208.95,71.15,185.33,0.5325,-1,-1,-1
617,49,806.18,144.22,58.38,176.29,0.3680,-1,-1,-1
617,3,1110.01,902.94,81.81,177.08,0.6094,-1,-1,-1
617,63,983.09,946.14,65.32,133.90,0.6921,-1,-1,-1
617,64,1560.79,602.73,112.09,226.86,0.5699,-1,-1,-1
617,67,577.30,545.51,81.13,232.64,0.4812,-1,-1,-1
618,4,1714.21,453.23,80.88,212.88,0.6878,-1,-1,-1
618,8,320.47,963.26,94.74,116.82,0.7010,-1,-1,-1
618,27,1111.70,906.48,79.46,173.56,0.6349,-1,-1,-1
618,45,1193.85,920.37,79.79,159.63,0.4311,-1,-1,-1
618,25,254.46,1027.36,65.24,52.69,0.3309,-1,-1,-1
618,60,354.47,291.57,67.89,195.97,0.6649,-1,-1,-1
618,54,1627.44,208.60,72.68,185.74,0.4843,-1,-1,-1
618,49,806.09,145.22,58.31,174.87,0.3665,-1,-1,-1
618,3,1111.70,906.48,79.46,173.56,0.6349,-1,-1,-1
618,63,981.45,945.42,65.72,134.63,0.6971,-1,-1,-1
618,64,1561.80,603.18,110.48,226.11,0.4444,-1,-1,-1
618,67,574.98,542.22,73.86,234.51,0.5767,-1,-1,-1
619,4,1714.86,452.79,80.07,213.55,0.6913,-1,-1,-1
619,8,320.61,965.87,95.25,114.19,0.6981,-1,-1,-1
619,27,1112.42,910.36,79.19,169.66,0.6639,-1,-1,-1
619,45,1193.86,922.10,82.08,157.61,0.5310,-1,-1,-1
619,25,255.10,1028.59,60.87,51.44,0.3195,-1,-1,-1
619,60,353.25,294.12,67.60,195.68,0.6102,-1,-1,-1
619,54,1624.85,208.00,75.22,188.78,0.4458,-1,-1,-1
619,49,806.86,146.16,57.43,173.08,0.3631,-1,-1,-1
619,3,1112.42,910.35,79.19,169.66,0.6639,-1,-1,-1
619,63,978.77,944.22,66.08,135.82,0.7036,-1,-1,-1
619,64,1560.96,607.64,110.48,222.17,0.3766,-1,-1,-1
619,67,572.59,540.95,70.84,236.59,0.6149,-1,-1,-1
620,4,1715.22,453.10,79.76,212.58,0.6928,-1,-1,-1
620,8,321.23,968.60,95.89,110.96,0.6984,-1,-1,-1
620,27,1113.33,913.65,77.76,166.32,0.6598,-1,-1,-1
620,45,1192.79,922.78,84.59,157.01,0.5654,-1,-1,-1
620,25,257.32,1028.52,55.29,51.01,0.3048,-1,-1,-1
620,60,353.33,294.79,66.38,196.88,0.5667,-1,-1,-1
620,54,1623.03,208.15,77.13,187.94,0.4151,-1,-1,-1
620,49,806.98,146.00,59.06,172.27,0.3251,-1,-1,-1
620,3,1113.33,913.65,77.75,166.32,0.6598,-1,-1,-1
620,63,976.08,943.67,66.44,136.32,0.6942,-1,-1,-1
620,64,1562.68,606.51,108.53,223.39,0.4069,-1,-1,-1
620,67,570.93,539.51,71.73,237.46,0.6439,-1,-1,-1
621,4,1715.42,452.39,79.50,213.03,0.7084,-1,-1,-1
621,8,320.96,971.69,97.32,107.69,0.6487,-1,-1,-1
621,27,1113.67,916.00,75.97,163.99,0.6781,-1,-1,-1
621,45,1192.59,924.12,85.59,155.38,0.4723,-1,-1,-1
621,25,258.57,1030.22,53.20,49.51,0.3094,-1,-1,-1
621,60,352.08,294.56,66.81,197.61,0.6335,-1,-1,-1
621,54,1621.56,209.00,77.81,185.07,0.4494,-1,-1,-1
621,49,806.23,146.07,59.20,172.74,0.3377,-1,-1,-1
621,3,1113.67,915.99,75.97,163.99,0.6781,-1,-1,-1
621,63,973.87,943.26,66.38,136.75,0.6659,-1,-1,-1
621,64,1562.62,607.52,108.61,221.94,0.4362,-1,-1,-1
621,67,569.41,538.29,69.36,237.89,0.6566,-1,-1,-1
622,4,1716.55,452.25,78.13,212.59,0.6977,-1,-1,-1
622,8,321.21,974.91,97.33,104.72,0.6335,-1,-1,-1
622,27,1114.29,917.71,73.93,162.07,0.6790,-1,-1,-1
622,45,1193.58,925.06,85.04,153.96,0.3598,-1,-1,-1
622,25,259.28,1035.75,52.73,44.19,0.3253,-1,-1,-1
622,60,351.17,294.76,66.84,197.66,0.5798,-1,-1,-1
622,54,1621.13,209.48,78.11,183.26,0.4798,-1,-1,-1
622,49,806.61,144.98,59.64,174.10,0.3439,-1,-1,-1
622,3,1114.29,917.71,73.93,162.07,0.6790,-1,-1,-1
622,63,971.59,943.04,65.27,136.98,0.6660,-1,-1,-1
622,64,1562.70,609.83,108.41,219.27,0.3877,-1,-1,-1
622,67,566.69,537.25,63.88,238.41,0.7016,-1,-1,-1
623,4,1717.60,452.36,77.27,212.60,0.6935,-1,-1,-1
623,8,321.75,978.81,96.07,101.19,0.6840,-1,-1,-1
623,27,1114.84,919.11,75.30,160.44,0.6545,-1,-1,-1
623,45,1194.09,926.28,87.99,152.39,0.3888,-1,-1,-1
623,25,260.37,1039.80,49.79,40.07,0.3110,-1,-1,-1
623,60,348.50,294.18,67.38,197.75,0.5878,-1,-1,-1
623,54,1621.04,209.83,77.24,182.11,0.4723,-1,-1,-1
623,49,806.55,146.00,58.53,173.54,0.3250,-1,-1,-1
623,3,1114.84,919.11,75.30,160.44,0.6545,-1,-1,-1
623,63,969.46,943.52,64.48,136.58,0.6761,-1,-1,-1
623,64,1562.07,612.16,108.69,217.27,0.3152,-1,-1,-1
623,67,562.92,537.56,61.23,241.72,0.6762,-1,-1,-1
624,4,1718.02,452.14,76.97,212.95,0.6891,-1,-1,-1
624,8,323.07,981.94,94.33,98.08,0.6977,-1,-1,-1
624,27,1114.91,920.45,75.89,159.39,0.6740,-1,-1,-1
624,45,1195.13,927.59,88.76,150.55,0.4411,-1,-1,-1
624,25,260.93,1043.00,47.79,36.24,0.2828,-1,-1,-1
624,60,346.16,294.49,68.80,196.96,0.5785,-1,-1,-1
624,54,1621.54,208.70,76.45,182.25,0.4558,-1,-1,-1
624,49,806.59,144.68,59.12,174.85,0.3645,-1,-1,-1
624,3,1114.91,920.45,75.89,159.39,0.6740,-1,-1,-1
624,63,965.25,942.61,65.33,137.45,0.6751,-1,-1,-1
624,64,1561.74,610.68,109.58,218.80,0.4427,-1,-1,-1
624,67,559.95,537.16,61.27,242.40,0.6919,-1,-1,-1
625,4,1718.30,452.22,77.40,214.11,0.6915,-1,-1,-1
625,8,323.55,984.88,93.35,95.16,0.6973,-1,-1,-1
625,27,1115.54,922.15,76.13,157.82,0.6685,-1,-1,-1
625,45,1196.52,930.87,87.73,147.17,0.5396,-1,-1,-1
625,25,261.23,1046.40,46.64,32.86,0.2134,-1,-1,-1
625,60,345.52,294.39,68.42,196.75,0.5616,-1,-1,-1
625,54,1622.10,207.96,74.86,184.27,0.4251,-1,-1,-1
625,49,807.02,143.93,58.85,175.19,0.3862,-1,-1,-1
625,3,1115.54,922.15,76.13,157.82,0.6685,-1,-1,-1
625,63,962.48,939.92,65.17,140.13,0.6794,-1,-1,-1
625,64,1562.07,608.65,109.11,220.88,0.3744,-1,-1,-1
625,67,555.10,537.32,62.62,242.41,0.7065,-1,-1,-1
626,4,1718.60,451.96,77.31,213.98,0.6842,-1,-1,-1
626,8,323.68,987.88,93.51,92.16,0.6837,-1,-1,-1
626,27,1115.27,922.22,77.92,157.79,0.6546,-1,-1,-1
626,45,1196.48,932.32,88.24,146.08,0.4685,-1,-1,-1
626,25,261.26,1049.79,46.26,30.01,0.1686,-1,-1,-1
626,60,343.83,294.71,68.73,196.70,0.6188,-1,-1,-1
626,54,1622.76,206.06,73.99,181.88,0.4388,-1,-1,-1
626,49,806.16,143.08,59.75,176.37,0.3895,-1,-1,-1
626,3,1115.27,922.22,77.92,157.79,0.6546,-1,-1,-1
626,63,959.01,938.66,65.72,141.37,0.6710,-1,-1,-1
626,64,1562.27,606.73,108.71,222.85,0.4676,-1,-1,-1
626,67,547.94,537.97,66.75,241.24,0.6980,-1,-1,-1
627,4,1718.61,452.80,77.62,213.57,0.6828,-1,-1,-1
627,8,324.74,990.78,93.36,89.18,0.6585,-1,-1,-1
627,27,1115.84,923.32,77.75,156.66,0.6883,-1,-1,-1
627,45,1194.31,933.75,91.52,144.71,0.6068,-1,-1,-1
627,60,342.99,295.37,69.02,195.99,0.6238,-1,-1,-1
627,54,1625.15,205.77,70.73,181.94,0.4339,-1,-1,-1
627,49,806.30,142.61,59.45,176.09,0.3768,-1,-1,-1
627,3,1115.84,923.32,77.75,156.66,0.6883,-1,-1,-1
627,63,957.91,937.52,64.20,142.46,0.6849,-1,-1,-1
627,64,1562.06,605.24,108.13,224.23,0.3559,-1,-1,-1
627,67,531.18,538.59,83.71,241.80,0.6546,-1,-1,-1
628,4,1718.36,452.06,77.02,215.25,0.6621,-1,-1,-1
628,8,325.02,992.35,93.99,87.64,0.6304,-1,-1,-1
628,27,1115.40,924.38,79.89,155.62,0.6672,-1,-1,-1
628,45,1195.38,934.89,91.27,144.07,0.5781,-1,-1,-1
628,60,342.42,295.59,69.02,195.92,0.6479,-1,-1,-1
628,54,1625.91,202.33,69.59,186.93,0.3919,-1,-1,-1
628,49,806.73,142.64,59.18,175.29,0.3741,-1,-1,-1
628,3,1115.40,924.38,79.89,155.62,0.6672,-1,-1,-1
628,63,956.13,936.29,62.59,143.71,0.6828,-1,-1,-1
628,64,1563.20,604.10,106.87,225.13,0.3661,-1,-1,-1
628,67,516.53,538.51,98.09,241.37,0.7207,-1,-1,-1
629,4,1718.69,451.68,76.89,215.75,0.6913,-1,-1,-1
629,8,324.72,994.84,94.65,85.18,0.6706,-1,-1,-1
629,27,1115.25,924.93,81.59,155.08,0.7073,-1,-1,-1
629,45,1194.58,936.34,94.68,143.19,0.6305,-1,-1,-1
629,60,342.34,296.47,68.56,195.54,0.6597,-1,-1,-1
629,54,1625.99,202.25,70.05,187.13,0.4385,-1,-1,-1
629,49,806.65,142.71,58.34,175.62,0.3713,-1,-1,-1
629,3,1115.25,924.93,81.59,155.08,0.7073,-1,-1,-1
629,63,954.07,934.97,61.95,145.04,0.6796,-1,-1,-1
629,64,1563.93,601.71,106.48,227.61,0.4912,-1,-1,-1
629,67,506.10,538.06,108.76,240.64,0.7400,-1,-1,-1
630,4,1717.95,450.94,78.35,215.73,0.6904,-1,-1,-1
630,8,324.28,997.68,95.72,82.28,0.6843,-1,-1,-1
630,27,1115.09,926.24,83.73,153.73,0.7034,-1,-1,-1
630,45,1195.01,939.77,95.59,139.54,0.5785,-1,-1,-1
630,60,341.15,296.72,69.04,196.90,0.6676,-1,-1,-1
630,54,1626.16,201.03,69.26,186.72,0.5137,-1,-1,-1
630,49,808.15,143.01,56.32,174.84,0.4160,-1,-1,-1
630,3,1115.09,926.24,83.73,153.73,0.7034,-1,-1,-1
630,63,952.59,933.56,60.27,146.41,0.6849,-1,-1,-1
630,64,1564.10,603.77,106.10,225.07,0.4069,-1,-1,-1
630,67,499.61,537.76,114.38,239.29,0.7698,-1,-1,-1
631,4,1717.55,450.89,78.66,216.64,0.6824,-1,-1,-1
631,8,324.39,998.93,96.15,81.05,0.6658,-1,-1,-1
631,27,1115.28,927.71,86.18,152.27,0.6888,-1,-1,-1
631,45,1196.77,942.53,93.57,135.73,0.5439,-1,-1,-1
631,60,340.34,297.73,69.52,199.82,0.6773,-1,-1,-1
631,54,1626.60,199.70,68.70,184.05,0.5342,-1,-1,-1
631,49,808.34,142.72,56.12,173.62,0.3792,-1,-1,-1
631,3,1115.28,927.71,86.18,152.27,0.6888,-1,-1,-1
631,63,950.56,932.17,59.67,147.55,0.6879,-1,-1,-1
631,64,1563.48,603.40,107.00,224.93,0.4547,-1,-1,-1
631,67,497.11,538.94,116.73,237.37,0.7585,-1,-1,-1
631,68,1440.75,1001.70,76.29,77.01,0.3643,-1,-1,-1
632,4,1717.17,451.36,79.77,216.33,0.7065,-1,-1,-1
632,8,323.92,1001.30,97.20,78.69,0.6477,-1,-1,-1
632,27,1115.11,930.29,91.54,149.36,0.7012,-1,-1,-1
632,45,1197.89,944.44,91.39,133.00,0.5040,-1,-1,-1
632,60,339.61,298.16,69.55,202.96,0.6922,-1,-1,-1
632,54,1627.03,197.07,67.97,182.16,0.5563,-1,-1,-1
632,49,807.22,143.69,57.22,173.22,0.4202,-1,-1,-1
632,3,1115.11,930.29,91.54,149.36,0.7012,-1,-1,-1
632,63,948.65,930.77,59.56,149.11,0.7065,-1,-1,-1
632,64,1563.49,606.40,106.65,222.11,0.3836,-1,-1,-1
632,67,492.73,539.74,121.59,237.28,0.7760,-1,-1,-1
632,68,1438.19,995.86,76.37,82.80,0.3548,-1,-1,-1
632,69,1512.44,979.32,94.66,97.93,0.3799,-1,-1,-1
633,4,1717.51,451.18,79.71,216.13,0.7134,-1,-1,-1
633,8,324.87,1002.29,96.26,77.40,0.6305,-1,-1,-1
633,27,1115.36,933.54,95.85,145.77,0.6815,-1,-1,-1
633,45,1201.02,947.83,87.00,128.79,0.3319,-1,-1,-1
633,60,339.37,299.07,68.86,204.29,0.6827,-1,-1,-1
633,54,1627.68,194.69,66.19,182.26,0.5706,-1,-1,-1
633,49,805.97,144.46,58.39,173.35,0.3769,-1,-1,-1
633,3,1115.36,933.54,95.85,145.77,0.6815,-1,-1,-1
633,63,947.01,929.68,59.36,150.32,0.6643,-1,-1,-1
633,64,1564.65,603.64,107.21,223.66,0.4567,-1,-1,-1
633,67,490.99,540.03,121.93,236.97,0.7857,-1,-1,-1
633,68,1436.56,989.61,75.57,90.05,0.3082,-1,-1,-1
633,69,1508.36,976.09,96.74,101.78,0.4561,-1,-1,-1
634,4,1717.05,450.40,80.34,215.96,0.7251,-1,-1,-1
634,8,324.96,1004.52,96.30,74.75,0.6331,-1,-1,-1
634,27,1114.75,937.53,98.81,141.71,0.7034,-1,-1,-1
634,45,1203.88,950.93,82.40,125.94,0.3175,-1,-1,-1
634,60,339.01,299.97,68.63,205.16,0.7077,-1,-1,-1
634,54,1627.95,192.70,65.38,182.85,0.5690,-1,-1,-1
634,49,806.63,144.95,57.72,173.24,0.3950,-1,-1,-1
634,3,1114.75,937.53,98.81,141.71,0.7034,-1,-1,-1
634,63,945.54,928.65,58.96,151.31,0.6844,-1,-1,-1
634,64,1563.38,601.74,107.83,226.84,0.4650,-1,-1,-1
634,67,490.53,540.07,122.41,236.86,0.7749,-1,-1,-1
634,68,1434.17,988.21,75.13,91.80,0.2583,-1,-1,-1
634,69,1503.17,972.15,98.35,106.57,0.3793,-1,-1,-1
635,4,1716.70,450.58,80.64,215.41,0.7383,-1,-1,-1
635,8,325.27,1007.31,95.70,71.71,0.6349,-1,-1,-1
635,27,1114.05,940.17,101.33,139.45,0.6974,-1,-1,-1
635,45,1203.16,954.38,81.76,123.30,0.3275,-1,-1,-1
635,60,339.14,302.03,67.54,205.38,0.7039,-1,-1,-1
635,54,1626.99,191.92,65.36,182.67,0.5665,-1,-1,-1
635,49,806.60,145.03,57.89,173.18,0.4201,-1,-1,-1
635,3,1114.05,940.17,101.33,139.45,0.6974,-1,-1,-1
635,63,941.74,928.32,61.14,151.71,0.6760,-1,-1,-1
635,64,1563.00,603.79,107.38,225.51,0.3776,-1,-1,-1
635,67,490.17,538.87,122.60,238.31,0.7706,-1,-1,-1
635,68,1431.03,984.93,76.98,95.22,0.2535,-1,-1,-1
635,69,1500.71,968.26,96.43,110.81,0.4734,-1,-1,-1
636,4,1716.37,450.92,81.22,215.61,0.7288,-1,-1,-1
636,8,326.45,1010.45,93.33,68.78,0.6310,-1,-1,-1
636,27,1113.71,943.10,102.76,136.83,0.6897,-1,-1,-1
636,45,1201.90,956.89,81.55,121.55,0.4316,-1,-1,-1
636,60,338.59,305.25,68.08,204.69,0.7111,-1,-1,-1
636,54,1626.28,190.66,65.08,183.32,0.5488,-1,-1,-1
636,49,806.89,145.53,57.34,173.74,0.3971,-1,-1,-1
636,3,1113.71,943.10,102.76,136.83,0.6897,-1,-1,-1
636,63,940.39,928.53,60.07,151.22,0.6554,-1,-1,-1
636,64,1562.41,605.01,108.13,224.56,0.3686,-1,-1,-1
636,67,491.70,538.87,118.45,237.83,0.7661,-1,-1,-1
636,68,1427.32,980.01,78.50,100.17,0.4346,-1,-1,-1
636,69,1497.37,963.90,97.34,115.98,0.5061,-1,-1,-1
637,4,1716.45,450.78,81.21,216.29,0.7386,-1,-1,-1
637,8,327.72,1014.17,91.07,65.65,0.6051,-1,-1,-1
637,27,1113.62,946.59,105.23,133.47,0.6872,-1,-1,-1
637,45,1202.28,957.83,79.77,120.58,0.4507,-1,-1,-1
637,60,338.85,307.38,67.92,204.30,0.7040,-1,-1,-1
637,54,1625.48,189.61,64.74,184.22,0.5964,-1,-1,-1
637,49,806.82,145.36,57.58,174.81,0.4155,-1,-1,-1
637,3,1113.62,946.59,105.23,133.47,0.6872,-1,-1,-1
637,63,937.83,928.68,61.02,150.37,0.6502,-1,-1,-1
637,64,1562.61,606.93,107.30,221.99,0.2855,-1,-1,-1
637,67,493.72,538.89,115.34,236.98,0.7360,-1,-1,-1
637,68,1425.37,977.99,78.21,102.21,0.3235,-1,-1,-1
637,69,1495.45,959.31,94.69,119.91,0.5610,-1,-1,-1
638,4,1716.72,451.00,80.30,215.68,0.7214,-1,-1,-1
638,8,328.80,1019.02,88.20,60.96,0.5722,-1,-1,-1
638,27,1114.02,949.47,107.89,130.60,0.6372,-1,-1,-1
638,45,1201.84,960.00,76.82,119.15,0.3872,-1,-1,-1
638,60,338.69,308.79,68.08,205.43,0.7074,-1,-1,-1
638,54,1625.15,190.29,63.74,182.98,0.5917,-1,-1,-1
638,49,806.76,145.28,57.82,174.76,0.4126,-1,-1,-1
638,3,1114.02,949.47,107.89,130.60,0.6372,-1,-1,-1
638,63,936.56,928.86,60.47,150.42,0.6523,-1,-1,-1
638,64,1562.32,606.24,108.80,221.75,0.2695,-1,-1,-1
638,67,495.06,539.23,107.05,236.46,0.7293,-1,-1,-1
638,68,1422.25,977.24,76.76,102.94,0.5275,-1,-1,-1
638,69,1494.67,956.26,93.85,122.51,0.5613,-1,-1,-1
639,4,1716.95,451.66,79.88,215.91,0.7479,-1,-1,-1
639,8,330.59,1023.77,83.68,56.26,0.5290,-1,-1,-1
639,27,1115.08,951.62,112.78,128.44,0.5282,-1,-1,-1
639,45,1201.29,961.71,74.53,118.08,0.3352,-1,-1,-1
639,60,338.63,309.92,67.79,205.87,0.7234,-1,-1,-1
639,54,1624.85,190.57,63.15,182.40,0.6118,-1,-1,-1
639,49,806.32,144.23,58.19,176.19,0.4030,-1,-1,-1
639,3,1115.08,951.62,112.78,128.44,0.5282,-1,-1,-1
639,63,934.28,928.46,60.47,151.09,0.6439,-1,-1,-1
639,64,1563.13,611.84,105.40,215.17,0.2096,-1,-1,-1
639,67,497.23,539.79,98.54,235.84,0.7100,-1,-1,-1
639,68,1418.30,977.35,77.28,102.79,0.5720,-1,-1,-1
639,69,1492.48,952.48,94.78,126.40,0.4894,-1,-1,-1
640,4,1716.55,451.90,80.29,215.24,0.7387,-1,-1,-1
640,8,333.24,1027.74,74.64,52.28,0.4231,-1,-1,-1
640,27,1116.57,954.10,109.61,125.92,0.5273,-1,-1,-1
640,45,1199.05,963.11,75.09,116.86,0.3441,-1,-1,-1
640,60,338.46,310.51,68.44,206.58,0.7183,-1,-1,-1
640,54,1625.25,190.82,61.53,182.12,0.6058,-1,-1,-1
640,49,806.50,144.56,58.22,176.05,0.4137,-1,-1,-1
640,3,1116.57,954.10,109.61,125.92,0.5273,-1,-1,-1
640,63,931.91,928.14,61.25,151.70,0.6263,-1,-1,-1
640,64,1564.11,608.87,106.86,218.15,0.3068,-1,-1,-1
640,67,498.59,539.81,90.02,236.05,0.7166,-1,-1,-1
640,68,1414.75,976.48,77.85,103.60,0.5615,-1,-1,-1
640,69,1490.64,950.10,95.45,128.88,0.4893,-1,-1,-1
641,4,1716.33,452.15,80.81,214.43,0.7378,-1,-1,-1
641,8,338.42,1031.86,56.21,48.11,0.2843,-1,-1,-1
641,27,1118.61,956.31,101.57,123.70,0.6075,-1,-1,-1
641,45,1197.44,962.96,75.72,116.74,0.4449,-1,-1,-1
641,60,338.05,311.41,68.61,205.36,0.7134,-1,-1,-1
641,54,1624.81,189.32,61.24,182.20,0.5626,-1,-1,-1
641,49,806.37,144.10,58.59,176.35,0.4100,-1,-1,-1
641,3,1118.61,956.31,101.57,123.70,0.6075,-1,-1,-1
641,63,930.09,927.77,61.80,152.07,0.6147,-1,-1,-1
641,64,1564.60,605.61,107.80,221.52,0.3198,-1,-1,-1
641,67,498.83,539.51,83.52,236.14,0.7124,-1,-1,-1
641,68,1412.24,974.72,77.76,105.35,0.5778,-1,-1,-1
641,69,1486.22,948.01,98.16,130.68,0.5458,-1,-1,-1
641,71,209.98,249.30,61.26,175.50,0.3862,-1,-1,-1
642,4,1716.26,452.52,80.51,214.41,0.7294,-1,-1,-1
642,8,343.77,1034.55,44.00,45.43,0.3240,-1,-1,-1
642,27,1121.53,957.86,92.22,122.14,0.6291,-1,-1,-1
642,45,1194.53,964.33,78.07,115.60,0.5282,-1,-1,-1
642,60,337.95,311.64,68.99,204.95,0.7162,-1,-1,-1
642,54,1625.21,189.85,59.40,180.39,0.5612,-1,-1,-1
642,49,806.03,144.76,59.05,175.59,0.4088,-1,-1,-1
642,3,1121.53,957.86,92.22,122.14,0.6291,-1,-1,-1
642,63,927.21,927.55,62.30,152.39,0.6153,-1,-1,-1
642,64,1562.78,609.18,108.98,218.13,0.2903,-1,-1,-1
642,67,496.15,539.01,77.72,237.35,0.7326,-1,-1,-1
642,68,1410.25,972.34,76.52,107.71,0.6042,-1,-1,-1
642,69,1484.66,945.90,96.12,132.76,0.5385,-1,-1,-1
642,71,211.54,243.43,58.54,180.86,0.3441,-1,-1,-1
643,4,1715.66,453.62,80.89,213.47,0.7248,-1,-1,-1
643,8,345.20,1037.51,39.64,42.44,0.2228,-1,-1,-1
643,27,1123.52,959.01,86.26,120.98,0.5928,-1,-1,-1
643,45,1194.07,966.32,77.84,113.41,0.3805,-1,-1,-1
643,60,337.88,312.56,69.19,203.88,0.6934,-1,-1,-1
643,54,1624.45,189.61,58.80,182.30,0.5622,-1,-1,-1
643,49,805.94,145.32,59.10,175.16,0.4266,-1,-1,-1
643,3,1123.52,959.00,86.26,120.98,0.5928,-1,-1,-1
643,63,925.49,927.37,62.06,151.89,0.6340,-1,-1,-1
643,64,1563.17,616.87,106.24,210.64,0.2649,-1,-1,-1
643,67,492.05,539.03,71.37,236.53,0.7055,-1,-1,-1
643,68,1407.13,969.73,78.01,110.28,0.6171,-1,-1,-1
643,69,1482.35,943.93,94.56,134.23,0.6202,-1,-1,-1
643,71,212.58,251.31,55.92,170.62,0.2100,-1,-1,-1
644,4,1715.36,452.82,81.22,213.82,0.7200,-1,-1,-1
644,8,344.86,1040.19,37.56,39.56,0.1813,-1,-1,-1
644,27,1123.34,960.16,85.84,119.82,0.5938,-1,-1,-1
644,45,1196.60,966.81,75.07,113.12,0.3692,-1,-1,-1
644,60,337.20,313.38,70.05,202.68,0.7101,-1,-1,-1
644,54,1624.05,188.78,57.74,180.60,0.6121,-1,-1,-1
644,49,805.91,145.60,58.99,175.71,0.4295,-1,-1,-1
644,3,1123.34,960.16,85.84,119.82,0.5938,-1,-1,-1
644,63,923.58,927.91,61.64,151.51,0.6790,-1,-1,-1
644,64,1563.09,617.81,106.26,210.95,0.2640,-1,-1,-1
644,67,485.83,539.25,66.76,237.24,0.7517,-1,-1,-1
644,68,1403.48,966.32,79.55,113.69,0.6073,-1,-1,-1
644,69,1479.76,943.15,94.38,135.12,0.5813,-1,-1,-1
644,71,214.37,253.28,54.59,169.38,0.2800,-1,-1,-1
645,4,1715.66,452.86,81.10,213.85,0.7229,-1,-1,-1
645,27,1122.39,961.06,89.39,118.87,0.4906,-1,-1,-1
645,45,1197.36,965.95,73.89,113.99,0.2513,-1,-1,-1
645,60,337.14,314.56,70.16,200.73,0.6924,-1,-1,-1
645,54,1623.45,188.14,57.10,179.23,0.6223,-1,-1,-1
645,49,805.85,145.54,58.96,175.54,0.4718,-1,-1,-1
645,3,1122.39,961.06,89.39,118.87,0.4906,-1,-1,-1
645,63,921.49,928.35,62.10,150.86,0.6906,-1,-1,-1
645,64,1563.59,619.47,105.73,208.43,0.2435,-1,-1,-1
645,67,477.91,539.59,68.17,238.12,0.7676,-1,-1,-1
645,68,1400.33,963.37,79.53,116.60,0.6027,-1,-1,-1
645,69,1475.23,942.59,95.83,136.02,0.5267,-1,-1,-1
645,71,215.25,251.91,52.78,170.76,0.2893,-1,-1,-1
646,4,1715.44,453.77,81.64,213.35,0.7332,-1,-1,-1
646,27,1124.10,962.47,82.25,117.49,0.5773,-1,-1,-1
646,45,1196.40,968.73,74.69,111.27,0.4398,-1,-1,-1
646,60,336.62,316.84,70.38,198.67,0.7010,-1,-1,-1
646,54,1622.67,186.51,57.64,178.53,0.6405,-1,-1,-1
646,49,806.28,145.69,58.51,174.68,0.4739,-1,-1,-1
646,3,1124.10,962.47,82.25,117.49,0.5773,-1,-1,-1
646,63,919.40,928.28,62.60,150.82,0.6762,-1,-1,-1
646,64,1562.70,610.55,106.86,218.81,0.3774,-1,-1,-1
646,67,470.71,538.96,72.55,239.05,0.7732,-1,-1,-1
646,68,1395.30,959.56,82.33,120.43,0.6705,-1,-1,-1
646,69,1470.17,941.31,97.38,137.50,0.4550,-1,-1,-1
646,71,214.80,247.17,53.14,176.94,0.1841,-1,-1,-1
647,4,1715.41,453.30,82.04,213.87,0.7302,-1,-1,-1
647,27,1125.51,963.70,76.16,116.27,0.5147,-1,-1,-1
647,45,1197.53,971.59,73.38,108.42,0.3710,-1,-1,-1
647,60,336.02,319.60,69.92,197.29,0.7115,-1,-1,-1
647,54,1622.09,184.43,58.30,180.62,0.6471,-1,-1,-1
647,49,806.48,145.77,58.21,174.09,0.4338,-1,-1,-1
647,3,1125.51,963.70,76.16,116.27,0.5147,-1,-1,-1
647,63,915.07,928.46,64.96,150.22,0.6718,-1,-1,-1
647,64,1562.25,612.24,107.66,217.95,0.3846,-1,-1,-1
647,67,466.51,538.52,74.54,239.43,0.7619,-1,-1,-1
647,68,1389.98,955.43,86.62,124.32,0.7061,-1,-1,-1
647,69,1467.98,939.51,94.78,140.06,0.5775,-1,-1,-1
647,71,216.51,251.44,50.20,170.98,0.1900,-1,-1,-1
648,4,1716.01,453.10,81.23,213.04,0.7300,-1,-1,-1
648,27,1125.46,965.64,76.19,114.30,0.5521,-1,-1,-1
648,45,1198.17,975.22,72.21,104.75,0.4518,-1,-1,-1
648,60,336.00,320.50,68.96,197.78,0.7189,-1,-1,-1
648,54,1620.84,182.70,59.14,177.68,0.6567,-1,-1,-1
648,49,806.51,145.71,58.00,173.85,0.4485,-1,-1,-1
648,3,1125.46,965.64,76.19,114.30,0.5521,-1,-1,-1
648,63,911.38,929.05,67.88,149.50,0.6892,-1,-1,-1
648,64,1562.81,608.51,107.04,221.33,0.3636,-1,-1,-1
648,67,461.98,537.94,77.27,239.60,0.7499,-1,-1,-1
648,68,1386.69,951.99,88.42,127.36,0.7037,-1,-1,-1
648,69,1466.54,937.42,92.39,141.56,0.6301,-1,-1,-1
648,71,217.49,253.15,49.56,167.70,0.2361,-1,-1,-1
649,4,1716.53,453.52,82.32,213.20,0.7300,-1,-1,-1
649,27,1124.97,967.90,78.58,112.04,0.5285,-1,-1,-1
649,45,1196.72,977.66,73.03,102.32,0.4520,-1,-1,-1
649,60,335.26,321.38,68.48,199.54,0.7241,-1,-1,-1
649,54,1619.50,181.39,60.31,178.14,0.6595,-1,-1,-1
649,49,806.50,145.42,58.23,174.00,0.4677,-1,-1,-1
649,3,1124.97,967.90,78.58,112.04,0.5285,-1,-1,-1
649,63,907.36,929.40,69.87,149.16,0.7042,-1,-1,-1
649,64,1562.89,605.56,107.44,222.96,0.2829,-1,-1,-1
649,67,458.97,538.45,78.70,238.30,0.7665,-1,-1,-1
649,68,1383.28,950.22,88.89,128.58,0.6953,-1,-1,-1
649,69,1462.26,933.70,94.07,144.32,0.6274,-1,-1,-1
649,71,218.36,252.68,48.44,168.55,0.2633,-1,-1,-1
650,4,1717.19,453.40,80.75,212.91,0.7358,-1,-1,-1
650,27,1125.68,970.78,74.82,108.84,0.4842,-1,-1,-1
650,45,1194.57,981.36,74.68,98.67,0.4099,-1,-1,-1
650,60,334.91,322.55,67.40,202.97,0.7115,-1,-1,-1
650,54,1618.46,180.06,61.53,178.96,0.6244,-1,-1,-1
650,49,806.31,144.62,58.26,175.57,0.4638,-1,-1,-1
650,3,1125.68,970.78,74.82,108.84,0.4842,-1,-1,-1
650,63,904.43,931.03,70.79,147.54,0.7192,-1,-1,-1
650,64,1562.73,605.30,109.40,223.01,0.3271,-1,-1,-1
650,67,455.13,537.36,80.98,238.81,0.7775,-1,-1,-1
650,68,1379.00,947.43,88.30,131.14,0.7016,-1,-1,-1
650,69,1456.91,929.92,95.72,148.13,0.6492,-1,-1,-1
650,71,218.73,251.03,50.11,171.89,0.1692,-1,-1,-1
651,4,1717.39,453.69,80.40,212.53,0.7262,-1,-1,-1
651,27,1125.22,972.69,77.33,107.19,0.5221,-1,-1,-1
651,45,1193.52,983.24,75.01,96.79,0.4304,-1,-1,-1
651,60,334.05,323.31,67.35,204.61,0.7222,-1,-1,-1
651,54,1617.14,177.90,63.22,178.32,0.6217,-1,-1,-1
651,49,805.64,143.81,59.00,176.85,0.4501,-1,-1,-1
651,3,1125.22,972.69,77.33,107.19,0.5221,-1,-1,-1
651,63,902.11,931.25,71.41,147.64,0.7264,-1,-1,-1
651,64,1561.60,603.29,111.50,224.90,0.3183,-1,-1,-1
651,67,453.18,537.18,81.94,238.66,0.7802,-1,-1,-1
651,68,1372.66,945.57,89.91,133.12,0.6956,-1,-1,-1
651,69,1455.59,927.25,94.23,151.75,0.6642,-1,-1,-1
651,71,219.40,248.92,49.99,174.31,0.1579,-1,-1,-1
652,4,1717.46,453.74,79.48,212.41,0.7171,-1,-1,-1
652,27,1125.82,975.58,69.62,104.39,0.4874,-1,-1,-1
652,45,1188.31,987.01,78.65,93.02,0.4591,-1,-1,-1
652,60,333.44,325.24,66.81,205.27,0.7090,-1,-1,-1
652,54,1616.41,175.34,63.89,178.59,0.6510,-1,-1,-1
652,49,806.93,143.98,58.05,176.16,0.4759,-1,-1,-1
652,3,1125.82,975.58,69.62,104.39,0.4874,-1,-1,-1
652,63,900.10,931.04,71.30,147.24,0.6997,-1,-1,-1
652,64,1561.01,602.02,109.97,227.10,0.3287,-1,-1,-1
652,67,451.41,536.78,83.22,238.63,0.7725,-1,-1,-1
652,68,1368.46,943.57,91.48,135.13,0.6665,-1,-1,-1
652,69,1454.42,923.89,92.37,154.81,0.6132,-1,-1,-1
653,4,1718.16,453.19,79.11,212.94,0.7314,-1,-1,-1
653,27,1124.69,979.52,71.37,100.26,0.5599,-1,-1,-1
653,45,1189.71,989.16,77.19,90.14,0.5711,-1,-1,-1
653,60,333.49,326.97,65.69,205.52,0.7245,-1,-1,-1
653,54,1615.76,174.55,65.02,176.22,0.6819,-1,-1,-1
653,49,806.49,144.77,58.20,175.43,0.5210,-1,-1,-1
653,3,1124.69,979.52,71.37,100.26,0.5599,-1,-1,-1
653,63,898.56,931.55,69.71,146.24,0.6970,-1,-1,-1
653,64,1560.95,598.86,111.08,229.46,0.3987,-1,-1,-1
653,67,449.78,536.58,85.02,238.34,0.7784,-1,-1,-1
653,68,1364.99,941.54,92.36,136.80,0.7052,-1,-1,-1
653,69,1451.08,918.46,92.25,160.67,0.6484,-1,-1,-1
654,4,1718.74,452.79,78.88,212.83,0.7316,-1,-1,-1
654,27,1124.00,982.71,69.15,96.73,0.5158,-1,-1,-1
654,45,1194.04,991.44,73.01,86.97,0.5471,-1,-1,-1
654,60,333.83,328.56,64.13,206.11,0.7105,-1,-1,-1
654,54,1614.98,173.58,66.41,176.88,0.6421,-1,-1,-1
654,49,806.62,145.09,58.06,174.08,0.5031,-1,-1,-1
654,3,1124.00,982.71,69.15,96.73,0.5158,-1,-1,-1
654,63,898.03,932.16,66.47,145.49,0.6881,-1,-1,-1
654,64,1560.98,597.97,111.26,229.82,0.4418,-1,-1,-1
654,67,450.59,536.26,84.69,238.48,0.7813,-1,-1,-1
654,68,1361.22,939.78,92.28,137.50,0.6924,-1,-1,-1
654,69,1448.96,914.90,91.54,164.43,0.6315,-1,-1,-1
655,4,1718.57,452.58,78.95,213.22,0.7276,-1,-1,-1
655,27,1123.05,985.84,74.76,93.50,0.5832,-1,-1,-1
655,45,1198.40,993.72,70.03,84.31,0.5788,-1,-1,-1
655,60,333.29,330.22,63.67,205.27,0.6950,-1,-1,-1
655,54,1614.33,169.36,67.92,180.82,0.5920,-1,-1,-1
655,49,806.45,144.62,58.36,174.96,0.4859,-1,-1,-1
655,3,1123.05,985.84,74.76,93.50,0.5832,-1,-1,-1
655,63,895.30,932.20,66.06,145.28,0.6859,-1,-1,-1
655,64,1562.15,598.37,110.58,229.95,0.4130,-1,-1,-1
655,67,451.33,536.09,83.25,238.60,0.7840,-1,-1,-1
655,68,1359.12,938.04,92.09,139.26,0.6731,-1,-1,-1
655,69,1445.76,914.16,91.64,165.58,0.6456,-1,-1,-1
656,4,1718.78,452.19,78.53,213.88,0.7408,-1,-1,-1
656,27,1122.79,988.26,72.85,90.35,0.5592,-1,-1,-1
656,45,1199.87,995.32,70.19,82.89,0.5795,-1,-1,-1
656,60,332.08,331.54,64.51,206.02,0.6912,-1,-1,-1
656,54,1613.69,167.04,69.05,181.32,0.5936,-1,-1,-1
656,49,807.24,144.72,57.41,175.06,0.4742,-1,-1,-1
656,3,1122.79,988.26,72.85,90.35,0.5592,-1,-1,-1
656,63,892.00,932.36,66.65,144.93,0.7028,-1,-1,-1
656,64,1561.30,595.86,110.51,231.99,0.3194,-1,-1,-1
656,67,453.00,535.07,81.09,239.40,0.7881,-1,-1,-1
656,68,1357.91,935.79,91.70,141.48,0.6797,-1,-1,-1
656,69,1441.07,911.16,93.92,168.60,0.6134,-1,-1,-1
657,4,1718.67,452.11,79.03,213.91,0.7387,-1,-1,-1
657,27,1122.13,990.07,68.71,88.22,0.5343,-1,-1,-1
657,45,1198.01,996.75,73.18,81.68,0.5637,-1,-1,-1
657,60,330.50,332.91,64.95,205.99,0.6783,-1,-1,-1
657,54,1612.62,167.72,70.83,178.77,0.6008,-1,-1,-1
657,49,805.66,145.21,59.10,175.53,0.4420,-1,-1,-1
657,3,1122.13,990.07,68.71,88.22,0.5343,-1,-1,-1
657,63,888.29,932.06,67.87,145.60,0.6986,-1,-1,-1
657,64,1562.21,593.75,110.31,233.68,0.3849,-1,-1,-1
657,67,453.94,534.99,79.45,239.62,0.7761,-1,-1,-1
657,68,1357.85,933.08,90.69,144.57,0.6722,-1,-1,-1
657,69,1435.58,907.91,96.44,171.37,0.6414,-1,-1,-1
658,4,1719.04,451.93,78.20,214.69,0.7164,-1,-1,-1
658,27,1119.54,990.69,70.54,87.46,0.5450,-1,-1,-1
658,45,1196.03,998.23,76.92,80.48,0.5983,-1,-1,-1
658,60,328.84,333.70,65.22,205.78,0.6805,-1,-1,-1
658,54,1611.44,167.42,72.65,177.03,0.5999,-1,-1,-1
658,49,805.97,144.36,59.10,175.28,0.4296,-1,-1,-1
658,3,1119.54,990.69,70.54,87.46,0.5450,-1,-1,-1
658,63,885.43,932.37,68.78,145.71,0.7055,-1,-1,-1
658,64,1561.69,594.91,110.57,232.70,0.3064,-1,-1,-1
658,67,453.09,533.99,78.92,240.55,0.7578,-1,-1,-1
658,68,1355.09,929.62,90.91,147.67,0.6750,-1,-1,-1
658,69,1432.22,905.71,96.26,173.18,0.6657,-1,-1,-1
659,4,1718.45,452.11,79.33,214.68,0.7405,-1,-1,-1
659,27,1117.95,991.85,75.44,86.56,0.6017,-1,-1,-1
659,45,1195.25,999.58,80.03,79.97,0.6217,-1,-1,-1
659,60,325.72,333.10,67.63,206.40,0.7248,-1,-1,-1
659,54,1611.10,167.06,74.11,176.50,0.6066,-1,-1,-1
659,49,806.18,143.86,58.95,176.63,0.4360,-1,-1,-1
659,3,1117.95,991.85,75.44,86.56,0.6017,-1,-1,-1
659,63,882.79,932.60,68.46,145.24,0.7052,-1,-1,-1
659,64,1563.88,597.92,105.27,229.39,0.2880,-1,-1,-1
659,67,451.89,531.72,79.18,241.72,0.7662,-1,-1,-1
659,68,1352.41,926.78,91.20,150.60,0.6723,-1,-1,-1
659,69,1429.38,904.63,95.99,173.63,0.6155,-1,-1,-1
660,4,1718.21,451.81,79.05,214.59,0.7281,-1,-1,-1
660,27,1115.99,993.53,77.32,84.94,0.6365,-1,-1,-1
660,45,1194.22,1001.85,82.91,77.97,0.6206,-1,-1,-1
660,60,323.33,333.37,68.89,205.87,0.7227,-1,-1,-1
660,54,1612.04,166.44,74.10,177.89,0.6504,-1,-1,-1
660,49,805.74,144.43,59.12,176.06,0.4491,-1,-1,-1
660,3,1115.99,993.53,77.32,84.94,0.6365,-1,-1,-1
660,63,880.58,932.21,67.76,145.29,0.6978,-1,-1,-1
660,64,1562.47,598.59,108.00,228.67,0.2810,-1,-1,-1
660,67,449.85,530.55,77.58,240.56,0.7579,-1,-1,-1
660,68,1350.12,923.52,91.62,153.01,0.6752,-1,-1,-1
660,69,1426.79,902.56,98.09,175.39,0.6228,-1,-1,-1
661,4,1718.26,451.88,79.50,213.61,0.7519,-1,-1,-1
661,27,1113.37,994.25,75.48,84.48,0.5997,-1,-1,-1
661,45,1192.69,1004.83,85.86,75.18,0.5822,-1,-1,-1
661,60,321.81,333.81,69.26,204.81,0.6933,-1,-1,-1
661,54,1613.38,166.42,74.33,175.89,0.6517,-1,-1,-1
661,49,806.38,144.36,58.66,175.48,0.4406,-1,-1,-1
661,3,1113.37,994.25,75.48,84.48,0.5997,-1,-1,-1
661,63,878.77,931.45,66.26,146.98,0.6722,-1,-1,-1
661,64,1560.07,601.69,112.37,225.23,0.3076,-1,-1,-1
661,67,447.97,530.50,71.79,239.67,0.7663,-1,-1,-1
661,68,1348.31,920.79,90.39,155.40,0.6756,-1,-1,-1
661,69,1425.06,900.82,98.93,176.84,0.6329,-1,-1,-1
662,4,1717.99,451.76,79.86,213.68,0.7496,-1,-1,-1
662,27,1111.80,996.15,74.95,82.61,0.6012,-1,-1,-1
662,45,1192.69,1005.82,86.78,73.87,0.5335,-1,-1,-1
662,60,320.72,333.96,69.30,204.61,0.7002,-1,-1,-1
662,54,1613.49,165.83,75.18,175.72,0.6382,-1,-1,-1
662,49,806.23,143.37,58.61,175.55,0.4638,-1,-1,-1
662,3,1111.80,996.15,74.95,82.61,0.6012,-1,-1,-1
662,63,876.24,930.30,65.34,148.71,0.6624,-1,-1,-1
662,64,1560.36,597.25,114.10,230.39,0.3862,-1,-1,-1
662,67,443.82,530.18,70.38,240.03,0.7829,-1,-1,-1
662,68,1345.84,916.33,87.95,159.95,0.6168,-1,-1,-1
662,69,1423.12,898.48,100.21,179.52,0.4911,-1,-1,-1
663,4,1717.90,452.26,81.25,212.98,0.7377,-1,-1,-1
663,27,1110.64,997.77,70.21,80.91,0.5350,-1,-1,-1
663,45,1192.92,1007.81,85.88,71.44,0.5120,-1,-1,-1
663,60,320.49,334.24,68.71,204.15,0.7130,-1,-1,-1
663,54,1615.20,164.86,74.25,175.16,0.6153,-1,-1,-1
663,49,806.81,143.27,58.01,175.15,0.4405,-1,-1,-1
663,3,1110.64,997.77,70.21,80.91,0.5350,-1,-1,-1
663,63,874.54,929.64,63.76,149.21,0.6632,-1,-1,-1
663,64,1562.19,599.71,112.82,227.18,0.3749,-1,-1,-1
663,67,439.55,529.28,68.92,239.60,0.8057,-1,-1,-1
663,68,1342.55,911.62,87.23,165.71,0.6731,-1,-1,-1
663,69,1421.81,895.96,98.63,183.30,0.6283,-1,-1,-1
664,4,1717.77,452.55,82.09,213.36,0.7252,-1,-1,-1
664,27,1109.19,1000.25,66.46,78.59,0.5255,-1,-1,-1
664,45,1193.41,1009.69,84.57,69.80,0.4593,-1,-1,-1
664,60,320.14,335.09,68.21,203.17,0.7015,-1,-1,-1
664,54,1616.23,163.89,74.04,178.04,0.6268,-1,-1,-1
664,49,805.89,143.10,58.49,175.31,0.4364,-1,-1,-1
664,3,1109.19,1000.25,66.46,78.59,0.5255,-1,-1,-1
664,63,872.09,929.52,64.05,148.67,0.6802,-1,-1,-1
664,64,1560.51,611.47,111.30,216.59,0.3208,-1,-1,-1
664,67,435.16,528.18,67.62,240.70,0.7957,-1,-1,-1
664,68,1340.46,907.77,86.01,170.42,0.6328,-1,-1,-1
664,69,1420.89,892.91,95.77,186.83,0.6074,-1,-1,-1
665,4,1718.05,452.46,82.08,213.25,0.7288,-1,-1,-1
665,27,1106.50,1001.99,73.59,77.50,0.5655,-1,-1,-1
665,45,1194.85,1012.41,76.56,67.47,0.4696,-1,-1,-1
665,60,317.93,335.04,69.43,203.14,0.6931,-1,-1,-1
665,54,1617.60,162.51,73.18,182.14,0.5983,-1,-1,-1
665,49,806.81,143.20,57.63,175.17,0.4678,-1,-1,-1
665,3,1106.50,1001.99,73.59,77.50,0.5655,-1,-1,-1
665,63,869.12,930.28,64.98,148.47,0.6747,-1,-1,-1
665,64,1560.61,602.80,112.57,224.21,0.3465,-1,-1,-1
665,67,431.75,526.78,63.99,243.12,0.7424,-1,-1,-1
665,68,1338.32,904.38,83.48,173.95,0.6500,-1,-1,-1
665,69,1417.57,886.96,97.43,193.03,0.6325,-1,-1,-1
666,4,1717.93,452.20,81.85,213.97,0.7037,-1,-1,-1
666,27,1104.61,1004.57,76.98,74.73,0.5717,-1,-1,-1
666,45,1194.83,1014.72,72.40,65.29,0.4931,-1,-1,-1
666,60,314.20,335.67,72.33,203.66,0.6713,-1,-1,-1
666,54,1618.61,161.15,72.66,182.99,0.6059,-1,-1,-1
666,49,807.42,143.13,56.77,173.86,0.4453,-1,-1,-1
666,3,1104.61,1004.57,76.98,74.73,0.5717,-1,-1,-1
666,63,866.98,930.20,65.56,148.27,0.6917,-1,-1,-1
666,64,1559.96,600.96,114.42,226.42,0.3517,-1,-1,-1
666,67,428.58,526.53,62.90,246.16,0.7489,-1,-1,-1
666,68,1334.66,902.45,82.36,175.79,0.6548,-1,-1,-1
666,69,1413.85,883.01,100.47,197.05,0.6420,-1,-1,-1
667,4,1717.23,452.66,82.61,214.11,0.6936,-1,-1,-1
667,27,1103.49,1007.09,72.73,71.59,0.5468,-1,-1,-1
667,45,1195.70,1017.25,68.17,62.83,0.5358,-1,-1,-1
667,60,309.46,337.84,77.25,203.50,0.7022,-1,-1,-1
667,54,1619.80,159.70,72.15,183.96,0.6140,-1,-1,-1
667,49,807.11,144.19,57.08,173.49,0.4432,-1,-1,-1
667,3,1103.49,1007.09,72.73,71.59,0.5468,-1,-1,-1
667,63,864.47,930.02,66.06,148.41,0.6827,-1,-1,-1
667,64,1559.71,599.43,114.19,227.32,0.4136,-1,-1,-1
667,67,425.87,526.26,62.62,247.70,0.7494,-1,-1,-1
667,68,1331.80,899.77,81.67,179.07,0.6582,-1,-1,-1
667,69,1409.37,880.25,99.73,199.86,0.6887,-1,-1,-1
668,4,1717.06,452.70,83.47,214.08,0.7211,-1,-1,-1
668,27,1103.32,1009.74,70.80,68.16,0.5577,-1,-1,-1
668,45,1195.80,1020.00,64.09,59.81,0.5497,-1,-1,-1
668,60,309.29,340.70,77.11,204.02,0.6965,-1,-1,-1
668,54,1621.44,157.31,72.14,183.29,0.5986,-1,-1,-1
668,49,807.91,143.29,56.15,173.66,0.4508,-1,-1,-1
668,3,1103.32,1009.74,70.80,68.16,0.5577,-1,-1,-1
668,63,862.27,929.72,66.37,148.56,0.6842,-1,-1,-1
668,64,1559.77,600.84,114.36,226.45,0.3893,-1,-1,-1
668,67,422.93,526.62,63.29,246.26,0.7642,-1,-1,-1
668,68,1330.09,898.41,81.83,180.45,0.6540,-1,-1,-1
668,69,1406.51,876.83,99.24,203.26,0.6790,-1,-1,-1
668,66,479.08,122.37,51.90,166.13,0.3398,-1,-1,-1
669,4,1717.61,452.04,83.09,215.37,0.6930,-1,-1,-1
669,27,1104.11,1012.79,63.12,64.22,0.4825,-1,-1,-1
669,45,1196.05,1024.46,60.88,55.31,0.4728,-1,-1,-1
669,60,310.21,344.40,76.17,203.98,0.7222,-1,-1,-1
669,54,1622.35,154.26,72.42,184.27,0.6092,-1,-1,-1
669,49,807.52,144.34,56.66,173.23,0.4310,-1,-1,-1
669,3,1104.11,1012.79,63.12,64.22,0.4825,-1,-1,-1
669,63,859.56,930.07,67.10,148.42,0.6618,-1,-1,-1
669,64,1560.01,601.36,114.55,226.04,0.3875,-1,-1,-1
669,67,417.96,526.97,67.31,246.48,0.7522,-1,-1,-1
669,68,1328.89,897.39,80.75,181.35,0.6975,-1,-1,-1
669,69,1404.27,874.42,98.87,205.65,0.7231,-1,-1,-1
669,66,479.42,124.25,53.25,164.22,0.3489,-1,-1,-1
670,4,1717.00,452.19,84.10,214.97,0.7121,-1,-1,-1
670,27,1104.39,1016.01,62.74,60.75,0.4967,-1,-1,-1
670,45,1196.54,1028.12,57.88,51.07,0.4299,-1,-1,-1
670,60,310.92,346.31,74.57,205.18,0.7317,-1,-1,-1
670,54,1623.74,153.17,71.99,184.14,0.6214,-1,-1,-1
670,49,806.43,144.72,57.78,173.96,0.4429,-1,-1,-1
670,3,1104.39,1016.01,62.74,60.75,0.4967,-1,-1,-1
670,63,857.40,929.66,67.71,149.03,0.6724,-1,-1,-1
670,64,1561.54,599.75,112.39,226.84,0.3952,-1,-1,-1
670,67,411.38,527.43,72.84,245.71,0.7736,-1,-1,-1
670,68,1326.71,896.01,80.22,182.86,0.7181,-1,-1,-1
670,69,1401.47,871.07,101.36,208.99,0.6869,-1,-1,-1
670,66,479.41,118.22,54.41,170.14,0.3427,-1,-1,-1
671,4,1716.71,452.59,84.97,214.54,0.7191,-1,-1,-1
671,27,1103.80,1019.82,55.68,57.41,0.5073,-1,-1,-1
671,45,1197.31,1031.77,52.97,47.74,0.3961,-1,-1,-1
671,60,310.92,347.73,73.97,207.59,0.7608,-1,-1,-1
671,54,1625.13,152.11,70.90,182.70,0.6195,-1,-1,-1
671,49,806.65,144.62,57.43,174.03,0.4940,-1,-1,-1
671,3,1103.80,1019.82,55.68,57.41,0.5073,-1,-1,-1
671,63,855.43,929.98,68.11,148.67,0.6828,-1,-1,-1
671,64,1561.80,601.01,113.12,226.31,0.4000,-1,-1,-1
671,67,406.29,527.43,76.67,245.67,0.7843,-1,-1,-1
671,68,1324.83,894.98,78.65,184.00,0.7093,-1,-1,-1
671,69,1400.04,866.85,101.40,213.07,0.6959,-1,-1,-1
671,66,478.89,117.66,55.78,171.07,0.3796,-1,-1,-1
672,4,1716.66,452.03,84.88,214.75,0.7041,-1,-1,-1
672,27,1105.53,1024.35,49.47,54.03,0.4839,-1,-1,-1
672,45,1197.42,1034.47,49.44,45.29,0.3781,-1,-1,-1
672,60,311.28,348.96,72.87,207.69,0.7650,-1,-1,-1
672,54,1626.78,154.81,69.02,177.14,0.5869,-1,-1,-1
672,49,806.29,143.98,57.65,175.46,0.4744,-1,-1,-1
672,3,1105.53,1024.35,49.47,54.03,0.4839,-1,-1,-1
672,63,854.19,929.40,67.61,149.10,0.6779,-1,-1,-1
672,64,1560.79,599.87,113.77,227.60,0.3610,-1,-1,-1
672,67,402.81,528.40,79.46,244.47,0.7850,-1,-1,-1
672,68,1320.09,894.10,80.94,185.44,0.7340,-1,-1,-1
672,69,1399.89,862.44,100.69,217.60,0.7246,-1,-1,-1
672,66,480.10,123.26,53.61,166.50,0.3251,-1,-1,-1
673,4,1716.42,452.59,85.82,214.79,0.7261,-1,-1,-1
673,27,1107.34,1028.98,45.57,50.37,0.4311,-1,-1,-1
673,45,1197.24,1036.19,44.86,43.66,0.3754,-1,-1,-1
673,60,311.54,350.85,71.98,207.92,0.7739,-1,-1,-1
673,54,1627.50,155.69,68.15,175.90,0.5827,-1,-1,-1
673,49,807.22,144.12,56.69,175.62,0.4711,-1,-1,-1
673,3,1107.34,1028.98,45.57,50.37,0.4311,-1,-1,-1
673,63,853.30,929.63,66.69,149.40,0.6823,-1,-1,-1
673,64,1560.29,600.26,112.94,226.94,0.3480,-1,-1,-1
673,67,400.25,529.96,81.65,243.49,0.7856,-1,-1,-1
673,68,1316.79,892.05,81.67,187.89,0.7126,-1,-1,-1
673,69,1400.97,860.73,96.69,219.35,0.6946,-1,-1,-1
673,66,480.67,126.85,53.05,164.69,0.3662,-1,-1,-1
673,72,428.72,134.76,45.41,153.34,0.3555,-1,-1,-1
673,71,228.23,233.77,59.77,173.56,0.3534,-1,-1,-1
674,4,1715.87,452.64,87.34,215.02,0.7271,-1,-1,-1
674,27,1108.66,1031.62,42.77,48.29,0.4071,-1,-1,-1
674,45,1196.81,1037.40,42.84,42.61,0.3225,-1,-1,-1
674,60,311.11,351.85,72.26,208.79,0.7630,-1,-1,-1
674,54,1628.04,156.14,67.48,173.99,0.5283,-1,-1,-1
674,49,807.21,144.48,56.75,175.09,0.4518,-1,-1,-1
674,3,1108.66,1031.62,42.77,48.29,0.4071,-1,-1,-1
674,63,851.31,929.26,65.89,150.31,0.6870,-1,-1,-1
674,64,1563.21,599.51,106.61,227.52,0.4025,-1,-1,-1
674,67,397.46,530.38,83.89,243.57,0.7802,-1,-1,-1
674,68,1313.11,889.23,82.20,190.82,0.7251,-1,-1,-1
674,69,1399.80,858.92,93.80,221.21,0.5804,-1,-1,-1
674,66,480.12,128.59,52.85,166.00,0.4240,-1,-1,-1
674,72,428.99,134.44,45.56,154.98,0.3380,-1,-1,-1
674,71,228.65,232.31,61.94,173.63,0.2758,-1,-1,-1
675,4,1715.68,452.60,87.78,214.02,0.7088,-1,-1,-1
675,27,1109.14,1035.59,41.31,44.52,0.3530,-1,-1,-1
675,45,1196.37,1041.05,42.48,39.03,0.3339,-1,-1,-1
675,60,311.57,353.19,72.02,209.87,0.7547,-1,-1,-1
675,54,1627.95,156.10,67.13,174.08,0.5498,-1,-1,-1
675,49,806.61,144.54,57.49,175.38,0.4834,-1,-1,-1
675,3,1109.14,1035.59,41.31,44.52,0.3530,-1,-1,-1
675,63,850.76,930.17,63.83,149.81,0.6792,-1,-1,-1
675,64,1561.26,609.54,109.82,218.99,0.4194,-1,-1,-1
675,67,393.97,529.41,87.27,244.91,0.7812,-1,-1,-1
675,68,1307.12,886.45,84.32,193.32,0.7486,-1,-1,-1
675,69,1394.67,860.65,102.82,219.48,0.5470,-1,-1,-1
675,66,479.63,127.66,53.67,170.23,0.4519,-1,-1,-1
675,72,429.63,134.48,45.59,158.05,0.3502,-1,-1,-1
675,71,229.97,231.25,63.21,176.35,0.3060,-1,-1,-1
676,4,1716.27,453.16,87.03,213.09,0.7210,-1,-1,-1
676,45,1196.03,1043.32,43.48,36.81,0.3280,-1,-1,-1
676,60,311.78,355.19,71.21,209.37,0.7454,-1,-1,-1
676,54,1627.95,155.25,66.51,178.52,0.5772,-1,-1,-1
676,49,807.18,144.88,56.93,174.88,0.4157,-1,-1,-1
676,63,849.39,930.65,62.29,149.51,0.6678,-1,-1,-1
676,64,1561.06,623.71,108.32,205.14,0.2864,-1,-1,-1
676,67,390.26,530.49,90.74,244.41,0.7890,-1,-1,-1
676,68,1302.80,883.52,84.41,196.55,0.7680,-1,-1,-1
676,69,1385.00,860.96,105.66,219.22,0.6201,-1,-1,-1
676,66,480.24,128.84,54.71,171.45,0.4885,-1,-1,-1
676,72,428.30,139.44,47.65,154.31,0.3067,-1,-1,-1
676,71,232.14,232.68,65.54,172.81,0.2951,-1,-1,-1
677,4,1716.07,453.23,87.29,213.20,0.7146,-1,-1,-1
677,45,1195.83,1045.31,45.60,34.74,0.3254,-1,-1,-1
677,60,311.52,355.69,71.90,209.40,0.7470,-1,-1,-1
677,54,1627.25,156.03,65.93,175.81,0.5569,-1,-1,-1
677,49,806.57,145.39,57.13,173.47,0.4295,-1,-1,-1
677,63,847.95,930.51,62.18,149.48,0.6736,-1,-1,-1
677,64,1561.24,608.98,108.99,218.94,0.2913,-1,-1,-1
677,67,384.74,530.82,95.57,244.38,0.7918,-1,-1,-1
677,68,1299.68,879.79,84.72,199.40,0.7790,-1,-1,-1
677,69,1376.31,859.36,106.37,220.73,0.6728,-1,-1,-1
677,66,479.59,129.63,55.86,173.50,0.4870,-1,-1,-1
677,72,426.59,141.54,48.38,153.95,0.3163,-1,-1,-1
677,71,232.92,230.32,65.65,175.37,0.3570,-1,-1,-1
678,4,1716.15,453.31,87.34,213.41,0.6945,-1,-1,-1
678,45,1194.93,1047.74,48.21,32.29,0.3037,-1,-1,-1
678,60,311.50,356.73,71.76,209.23,0.7369,-1,-1,-1
678,54,1625.86,156.35,66.60,174.05,0.5405,-1,-1,-1
678,49,806.60,144.97,57.07,173.33,0.4275,-1,-1,-1
678,63,846.47,929.62,62.65,150.15,0.6766,-1,-1,-1
678,64,1559.75,619.47,109.68,209.46,0.3366,-1,-1,-1
678,67,379.14,531.37,101.04,243.83,0.7888,-1,-1,-1
678,68,1293.62,876.77,86.37,202.98,0.7790,-1,-1,-1
678,69,1371.06,859.03,107.37,221.03,0.6415,-1,-1,-1
678,66,479.95,130.60,56.33,173.71,0.4901,-1,-1,-1
678,72,425.88,143.34,48.95,152.17,0.2848,-1,-1,-1
678,71,234.71,232.31,61.03,172.70,0.3683,-1,-1,-1
679,4,1715.94,452.72,86.60,212.97,0.6947,-1,-1,-1
679,45,1194.95,1049.35,50.37,30.68,0.2803,-1,-1,-1
679,60,311.98,356.45,70.11,209.73,0.7147,-1,-1,-1
679,54,1625.27,156.56,66.59,173.58,0.5725,-1,-1,-1
679,49,806.21,145.17,57.22,173.22,0.4359,-1,-1,-1
679,63,844.59,927.82,64.64,152.14,0.6984,-1,-1,-1
679,64,1560.92,606.30,110.93,221.63,0.4542,-1,-1,-1
679,67,373.29,531.41,106.14,243.91,0.7829,-1,-1,-1
679,68,1288.31,873.98,88.76,205.97,0.7926,-1,-1,-1
679,69,1369.80,857.85,105.31,222.21,0.6364,-1,-1,-1
679,66,480.67,131.64,55.58,173.78,0.5016,-1,-1,-1
679,72,425.30,145.33,49.55,150.13,0.2634,-1,-1,-1
679,71,236.41,233.54,58.25,169.42,0.3749,-1,-1,-1
680,4,1715.92,453.04,87.46,213.37,0.7332,-1,-1,-1
680,45,1194.90,1050.86,50.37,29.17,0.2332,-1,-1,-1
680,60,311.04,356.95,71.18,208.56,0.7214,-1,-1,-1
680,54,1624.80,155.50,66.51,172.88,0.5885,-1,-1,-1
680,49,806.00,145.29,56.59,173.47,0.4524,-1,-1,-1
680,63,843.72,927.49,64.15,152.56,0.7235,-1,-1,-1
680,64,1560.31,615.20,109.62,213.57,0.3474,-1,-1,-1
680,67,368.17,530.80,109.96,244.61,0.7842,-1,-1,-1
680,68,1284.97,871.11,88.88,208.93,0.7654,-1,-1,-1
680,69,1367.56,856.92,102.49,223.13,0.6466,-1,-1,-1
680,66,479.78,132.85,57.17,173.56,0.4887,-1,-1,-1
680,72,425.60,144.45,47.97,151.45,0.1914,-1,-1,-1
680,71,238.09,233.18,56.12,167.84,0.3297,-1,-1,-1
681,4,1716.63,453.23,86.85,213.28,0.7224,-1,-1,-1
681,45,1195.09,1052.91,49.19,27.09,0.1532,-1,-1,-1
681,60,311.38,357.13,70.92,207.57,0.7005,-1,-1,-1
681,54,1623.93,156.33,66.09,171.98,0.6201,-1,-1,-1
681,49,807.72,145.19,54.59,172.42,0.4537,-1,-1,-1
681,63,841.75,926.17,66.91,153.47,0.7214,-1,-1,-1
681,64,1559.78,621.54,110.01,207.34,0.3382,-1,-1,-1
681,67,360.98,530.65,116.21,244.79,0.8075,-1,-1,-1
681,68,1280.14,868.34,89.76,211.23,0.7400,-1,-1,-1
681,69,1367.80,854.42,97.78,225.59,0.6771,-1,-1,-1
681,66,479.33,132.70,57.36,174.32,0.4733,-1,-1,-1
681,72,425.16,143.58,47.63,151.61,0.1910,-1,-1,-1
681,71,239.23,233.47,55.51,165.57,0.4024,-1,-1,-1
682,4,1716.45,453.29,86.70,213.52,0.7354,-1,-1,-1
682,60,310.46,357.94,71.95,207.14,0.7168,-1,-1,-1
682,54,1623.54,155.52,66.30,173.37,0.5939,-1,-1,-1
682,49,807.30,144.83,54.52,173.10,0.4277,-1,-1,-1
682,63,839.15,924.65,69.74,154.85,0.7307,-1,-1,-1
682,64,1561.24,610.05,108.92,217.82,0.3477,-1,-1,-1
682,67,357.51,530.58,119.43,244.32,0.8010,-1,-1,-1
682,68,1276.91,865.46,90.40,214.09,0.7595,-1,-1,-1
682,69,1369.26,851.04,92.73,228.93,0.7170,-1,-1,-1
682,66,479.32,132.29,57.84,174.59,0.4573,-1,-1,-1
682,72,426.05,144.91,46.58,150.44,0.2178,-1,-1,-1
682,71,238.84,231.96,59.27,168.74,0.3068,-1,-1,-1
683,4,1716.72,453.72,86.54,213.17,0.7296,-1,-1,-1
683,60,310.44,357.59,71.21,207.26,0.7243,-1,-1,-1
683,54,1622.21,155.25,65.87,175.70,0.5770,-1,-1,-1
683,49,808.48,145.05,53.35,171.97,0.4263,-1,-1,-1
683,63,836.67,924.08,72.20,155.34,0.7290,-1,-1,-1
683,64,1562.03,605.40,109.98,222.35,0.3797,-1,-1,-1
683,67,353.52,530.37,122.51,244.79,0.7991,-1,-1,-1
683,68,1272.19,863.46,92.90,215.97,0.7655,-1,-1,-1
683,69,1366.95,846.07,91.50,233.85,0.7204,-1,-1,-1
683,66,480.20,131.56,56.76,175.61,0.4437,-1,-1,-1
683,72,426.81,145.30,45.82,150.00,0.2644,-1,-1,-1
683,71,240.04,230.08,59.30,171.46,0.2757,-1,-1,-1
684,4,1716.26,453.39,86.15,213.82,0.7205,-1,-1,-1
684,60,310.07,357.91,70.51,206.99,0.7256,-1,-1,-1
684,54,1620.99,155.22,65.00,177.32,0.5948,-1,-1,-1
684,49,807.26,145.10,54.10,173.00,0.4360,-1,-1,-1
684,63,834.28,923.45,74.37,156.08,0.7274,-1,-1,-1
684,64,1560.87,613.56,109.02,215.31,0.3500,-1,-1,-1
684,67,351.73,528.59,122.28,246.65,0.7919,-1,-1,-1
684,68,1267.52,861.51,94.97,216.80,0.7917,-1,-1,-1
684,69,1361.36,841.28,93.12,238.69,0.7312,-1,-1,-1
684,66,481.17,134.42,56.27,172.54,0.4283,-1,-1,-1
684,72,426.31,143.81,46.34,151.94,0.3502,-1,-1,-1
684,71,241.55,224.87,57.65,176.14,0.2190,-1,-1,-1
685,4,1715.90,452.75,85.52,214.21,0.7321,-1,-1,-1
685,60,310.00,359.18,69.93,206.69,0.7166,-1,-1,-1
685,54,1620.42,154.12,64.05,180.65,0.5787,-1,-1,-1
685,49,807.68,145.10,53.33,172.37,0.3861,-1,-1,-1
685,63,830.58,923.30,77.87,156.09,0.7385,-1,-1,-1
685,64,1561.94,605.95,108.70,222.20,0.4136,-1,-1,-1
685,67,350.68,527.75,121.46,248.09,0.7988,-1,-1,-1
685,68,1265.65,859.63,93.58,217.77,0.7938,-1,-1,-1
685,69,1358.66,838.13,92.09,241.77,0.7493,-1,-1,-1
685,66,480.35,135.35,57.60,171.52,0.4336,-1,-1,-1
685,72,426.09,146.85,46.77,149.19,0.2719,-1,-1,-1
685,71,243.22,223.69,56.72,177.04,0.2314,-1,-1,-1
686,4,1715.62,451.88,85.98,214.79,0.7436,-1,-1,-1
686,60,309.53,362.00,68.73,206.65,0.7138,-1,-1,-1
686,54,1619.28,152.25,64.46,181.60,0.5285,-1,-1,-1
686,49,807.51,145.03,52.86,171.90,0.3854,-1,-1,-1
686,63,828.55,922.37,80.00,156.42,0.7459,-1,-1,-1
686,64,1560.97,612.03,109.05,217.24,0.3928,-1,-1,-1
686,67,350.51,528.26,118.69,248.00,0.8008,-1,-1,-1
686,68,1263.58,857.48,94.04,220.30,0.7990,-1,-1,-1
686,69,1356.35,834.31,91.59,245.33,0.7473,-1,-1,-1
686,66,480.24,136.18,57.24,170.49,0.4760,-1,-1,-1
686,72,424.88,144.79,48.42,153.44,0.3441,-1,-1,-1
686,71,244.64,223.72,56.98,176.55,0.2048,-1,-1,-1
687,4,1715.68,451.80,86.29,214.32,0.7522,-1,-1,-1
687,60,309.85,365.28,67.20,206.81,0.7049,-1,-1,-1
687,54,1618.03,150.41,63.97,182.17,0.5445,-1,-1,-1
687,49,808.08,144.75,51.74,171.21,0.3754,-1,-1,-1
687,63,827.14,922.46,81.04,156.36,0.7347,-1,-1,-1
687,64,1560.37,604.44,110.88,223.71,0.4128,-1,-1,-1
687,67,351.04,528.83,112.92,248.32,0.7980,-1,-1,-1
687,68,1261.62,855.78,92.19,223.32,0.7733,-1,-1,-1
687,69,1353.05,830.58,91.38,248.87,0.7660,-1,-1,-1
687,66,479.59,135.16,58.54,170.90,0.5019,-1,-1,-1
687,72,425.28,147.42,47.82,151.44,0.3644,-1,-1,-1
687,71,244.76,222.83,57.79,176.52,0.2376,-1,-1,-1
688,4,1715.48,452.48,87.49,214.28,0.7611,-1,-1,-1
688,60,310.17,368.06,66.00,206.96,0.7048,-1,-1,-1
688,54,1615.56,147.96,64.24,177.98,0.5620,-1,-1,-1
688,49,807.56,143.83,51.95,171.60,0.3822,-1,-1,-1
688,63,824.83,922.82,83.04,155.93,0.7342,-1,-1,-1
688,64,1560.37,610.01,110.22,218.85,0.4330,-1,-1,-1
688,67,352.01,528.73,108.01,249.06,0.8145,-1,-1,-1
688,68,1260.73,853.44,89.50,226.17,0.7828,-1,-1,-1
688,69,1348.93,829.52,91.32,250.19,0.7935,-1,-1,-1
688,66,480.53,135.19,57.76,170.99,0.4925,-1,-1,-1
688,72,426.90,148.18,46.33,151.52,0.2484,-1,-1,-1
688,71,245.82,224.93,59.30,173.14,0.1716,-1,-1,-1
689,4,1715.28,451.96,86.57,214.85,0.7512,-1,-1,-1
689,60,310.53,369.45,64.35,206.46,0.7069,-1,-1,-1
689,54,1614.46,145.47,64.74,177.82,0.5713,-1,-1,-1
689,49,807.57,143.30,51.20,171.79,0.3374,-1,-1,-1
689,63,822.71,923.46,84.52,155.33,0.7300,-1,-1,-1
689,64,1559.32,601.81,112.71,226.17,0.4635,-1,-1,-1
689,67,354.29,529.24,103.59,248.79,0.8144,-1,-1,-1
689,68,1259.16,851.00,87.36,228.83,0.7728,-1,-1,-1
689,69,1345.23,827.21,93.23,252.62,0.7898,-1,-1,-1
689,66,481.28,133.95,57.38,172.25,0.5106,-1,-1,-1
689,72,426.59,146.79,47.14,154.81,0.3173,-1,-1,-1
689,71,246.71,225.11,58.66,172.67,0.1977,-1,-1,-1
690,4,1715.59,451.26,87.06,216.38,0.7242,-1,-1,-1
690,60,310.36,371.99,63.15,207.23,0.6977,-1,-1,-1
690,54,1612.93,143.74,65.34,178.25,0.5981,-1,-1,-1
690,49,806.32,141.47,50.49,171.41,0.3101,-1,-1,-1
690,63,821.67,924.89,85.87,153.53,0.7442,-1,-1,-1
690,64,1560.73,598.40,112.73,228.86,0.4750,-1,-1,-1
690,67,357.06,529.19,98.47,249.86,0.8186,-1,-1,-1
690,68,1257.71,848.30,86.89,231.66,0.7244,-1,-1,-1
690,69,1341.17,824.34,92.86,255.58,0.7714,-1,-1,-1
690,66,480.99,133.60,57.75,173.49,0.4951,-1,-1,-1
690,72,426.56,148.63,47.30,154.91,0.3625,-1,-1,-1
690,71,247.19,223.66,57.16,175.08,0.1635,-1,-1,-1
691,4,1715.81,451.71,87.35,216.66,0.7420,-1,-1,-1
691,60,309.80,374.64,63.24,207.61,0.7123,-1,-1,-1
691,54,1611.05,141.89,65.27,178.77,0.6323,-1,-1,-1
691,49,804.76,140.75,51.03,171.10,0.3557,-1,-1,-1
691,63,821.96,925.72,85.39,152.26,0.7384,-1,-1,-1
691,64,1563.30,597.86,111.05,229.72,0.5027,-1,-1,-1
691,67,362.25,530.75,91.53,249.41,0.8249,-1,-1,-1
691,68,1256.53,845.47,85.73,233.66,0.7877,-1,-1,-1
691,69,1335.99,823.08,95.89,256.89,0.7799,-1,-1,-1
691,66,479.74,134.02,59.26,175.91,0.4977,-1,-1,-1
691,72,426.38,148.16,47.58,157.65,0.4164,-1,-1,-1
691,71,247.60,219.49,59.61,179.42,0.1646,-1,-1,-1
692,4,1716.13,452.41,87.27,215.54,0.7367,-1,-1,-1
692,60,308.93,375.01,63.59,210.28,0.7244,-1,-1,-1
692,54,1609.37,140.63,65.80,179.22,0.6501,-1,-1,-1
692,49,805.10,141.21,51.05,172.78,0.3667,-1,-1,-1
692,63,822.13,927.44,84.56,149.61,0.7439,-1,-1,-1
692,64,1562.64,599.93,112.07,227.64,0.4431,-1,-1,-1
692,67,367.25,532.85,85.90,249.23,0.8117,-1,-1,-1
692,68,1255.71,842.17,83.79,236.10,0.7949,-1,-1,-1
692,69,1332.37,822.32,95.97,257.67,0.7622,-1,-1,-1
692,66,480.51,135.11,58.77,178.65,0.5239,-1,-1,-1
692,72,427.07,150.40,47.01,157.46,0.4642,-1,-1,-1
692,71,249.75,219.49,57.49,177.18,0.1808,-1,-1,-1
693,4,1716.19,451.61,86.72,216.21,0.7273,-1,-1,-1
693,60,307.72,374.82,63.81,213.40,0.7135,-1,-1,-1
693,54,1608.34,138.78,65.73,178.91,0.6570,-1,-1,-1
693,49,804.98,141.34,50.83,173.00,0.3685,-1,-1,-1
693,63,822.65,927.98,83.85,148.88,0.7416,-1,-1,-1
693,64,1562.43,600.70,112.33,226.78,0.4972,-1,-1,-1
693,67,372.02,534.04,80.27,250.22,0.8112,-1,-1,-1
693,68,1253.88,838.75,82.44,240.51,0.8201,-1,-1,-1
693,69,1329.63,820.58,94.57,259.41,0.7656,-1,-1,-1
693,66,481.09,137.61,57.59,178.85,0.4969,-1,-1,-1
693,72,427.47,153.85,46.61,155.66,0.4494,-1,-1,-1
693,71,251.32,218.75,57.14,177.44,0.2064,-1,-1,-1
694,4,1715.93,451.59,87.10,216.92,0.7418,-1,-1,-1
694,60,306.30,375.07,64.60,215.12,0.7027,-1,-1,-1
694,54,1606.78,136.35,66.10,179.19,0.6390,-1,-1,-1
694,49,805.09,140.78,50.08,173.42,0.3449,-1,-1,-1
694,63,822.43,928.48,84.92,148.29,0.7642,-1,-1,-1
694,64,1562.54,600.43,111.92,227.08,0.5118,-1,-1,-1
694,67,376.41,534.78,75.91,249.80,0.8163,-1,-1,-1
694,68,1252.24,835.22,81.18,243.77,0.8163,-1,-1,-1
694,69,1327.30,818.98,94.18,261.02,0.7709,-1,-1,-1
694,66,481.09,139.79,57.26,178.41,0.5082,-1,-1,-1
694,72,427.39,154.82,46.96,155.83,0.4791,-1,-1,-1
694,71,252.64,217.18,57.04,179.77,0.1782,-1,-1,-1
695,4,1716.70,452.16,86.47,215.91,0.7253,-1,-1,-1
695,60,305.57,375.07,64.98,215.42,0.6669,-1,-1,-1
695,54,1606.29,135.41,65.70,178.94,0.6304,-1,-1,-1
695,49,805.04,138.60,49.07,174.85,0.3660,-1,-1,-1
695,63,822.27,930.07,85.59,147.10,0.7505,-1,-1,-1
695,64,1562.28,599.88,111.66,227.84,0.4231,-1,-1,-1
695,67,379.42,535.17,72.56,249.98,0.8111,-1,-1,-1
695,68,1249.80,831.72,80.85,246.70,0.7898,-1,-1,-1
695,69,1326.56,817.60,93.12,262.34,0.7505,-1,-1,-1
695,66,480.52,142.26,58.63,177.27,0.5267,-1,-1,-1
695,72,428.11,155.60,46.23,154.99,0.4007,-1,-1,-1
695,71,254.26,216.34,52.81,179.02,0.1829,-1,-1,-1
696,4,1717.03,452.17,86.41,215.14,0.7146,-1,-1,-1
696,60,303.59,375.30,66.89,215.03,0.6333,-1,-1,-1
696,54,1605.28,134.62,65.75,179.67,0.6069,-1,-1,-1
696,49,804.98,137.72,48.32,174.97,0.3305,-1,-1,-1
696,63,822.82,931.20,85.32,146.60,0.7368,-1,-1,-1
696,64,1561.70,600.73,112.41,226.43,0.4138,-1,-1,-1
696,67,381.53,535.44,69.52,250.68,0.8032,-1,-1,-1
696,68,1245.59,829.66,81.27,248.34,0.7861,-1,-1,-1
696,69,1325.11,815.51,92.63,264.49,0.7582,-1,-1,-1
696,66,481.20,146.30,58.11,173.86,0.5444,-1,-1,-1
696,72,427.75,157.52,46.72,152.42,0.4005,-1,-1,-1
696,71,254.87,216.21,52.02,178.74,0.2051,-1,-1,-1
697,4,1716.64,452.45,87.02,214.91,0.7071,-1,-1,-1
697,60,300.65,375.84,69.64,214.97,0.6338,-1,-1,-1
697,54,1602.90,134.71,67.28,178.67,0.5440,-1,-1,-1
697,49,804.26,138.31,47.70,176.43,0.3468,-1,-1,-1
697,63,824.00,932.48,84.47,145.66,0.7474,-1,-1,-1
697,64,1561.68,601.20,111.99,225.36,0.4146,-1,-1,-1
697,67,382.68,536.37,68.02,250.29,0.7921,-1,-1,-1
697,68,1242.34,828.09,81.74,250.04,0.7670,-1,-1,-1
697,69,1321.90,812.69,94.15,267.35,0.7815,-1,-1,-1
697,66,480.54,148.80,58.62,172.52,0.5389,-1,-1,-1
697,72,428.05,157.72,47.10,152.52,0.4383,-1,-1,-1
697,71,255.35,215.42,51.50,180.08,0.2065,-1,-1,-1
698,4,1717.25,452.50,86.19,214.65,0.7369,-1,-1,-1
698,60,299.34,376.34,71.04,214.52,0.6217,-1,-1,-1
698,54,1602.42,134.47,67.40,178.33,0.5203,-1,-1,-1
698,49,804.25,138.73,46.87,176.40,0.3735,-1,-1,-1
698,63,825.59,932.10,83.31,146.33,0.7641,-1,-1,-1
698,64,1560.35,606.67,112.86,221.06,0.4400,-1,-1,-1
698,67,383.87,537.22,67.05,249.27,0.7955,-1,-1,-1
698,68,1238.76,826.98,82.24,250.97,0.7712,-1,-1,-1
698,69,1318.55,809.85,95.34,270.16,0.7908,-1,-1,-1
698,66,480.19,150.40,58.20,171.29,0.5220,-1,-1,-1
698,72,427.52,156.11,47.91,154.24,0.4168,-1,-1,-1
698,71,256.27,219.16,51.61,174.27,0.2602,-1,-1,-1
699,4,1717.82,452.35,85.04,215.07,0.7188,-1,-1,-1
699,60,298.34,376.49,72.02,213.55,0.6502,-1,-1,-1
699,54,1600.43,133.79,68.94,180.51,0.4055,-1,-1,-1
699,49,804.59,138.02,46.05,177.70,0.3273,-1,-1,-1
699,63,826.53,932.48,83.13,146.01,0.7653,-1,-1,-1
699,64,1563.32,602.21,111.51,224.54,0.4241,-1,-1,-1
699,67,384.63,537.69,65.14,248.46,0.7807,-1,-1,-1
699,68,1233.94,824.96,84.96,252.69,0.7672,-1,-1,-1
699,69,1316.77,805.88,92.77,273.07,0.8004,-1,-1,-1
699,66,479.59,151.16,59.40,170.77,0.5514,-1,-1,-1
699,72,426.11,154.60,49.71,156.02,0.4545,-1,-1,-1
699,71,257.04,219.31,51.60,172.79,0.2473,-1,-1,-1
700,4,1717.91,452.57,84.73,214.18,0.7238,-1,-1,-1
700,60,297.02,376.41,72.51,213.18,0.6560,-1,-1,-1
700,54,1598.64,133.55,70.55,180.76,0.3628,-1,-1,-1
700,49,803.52,135.50,47.04,179.50,0.3099,-1,-1,-1
700,63,828.24,932.78,82.52,145.90,0.7654,-1,-1,-1
700,64,1561.95,609.42,110.77,217.95,0.4453,-1,-1,-1
700,67,385.16,538.74,64.19,247.65,0.7897,-1,-1,-1
700,68,1230.79,823.08,86.46,253.11,0.7665,-1,-1,-1
700,69,1314.52,802.56,91.35,274.58,0.7930,-1,-1,-1
700,66,479.43,150.60,59.69,171.55,0.5273,-1,-1,-1
700,72,427.06,153.94,49.02,156.59,0.3923,-1,-1,-1
700,71,257.54,214.99,51.06,175.80,0.1939,-1,-1,-1
701,4,1717.41,452.43,85.78,215.26,0.7201,-1,-1,-1
701,60,295.92,377.29,73.71,211.39,0.6498,-1,-1,-1
701,54,1597.40,134.39,71.90,180.45,0.3538,-1,-1,-1
701,49,803.01,136.20,47.41,177.72,0.3478,-1,-1,-1
701,63,829.33,932.40,84.25,146.05,0.7711,-1,-1,-1
701,64,1561.62,603.58,112.70,223.44,0.3881,-1,-1,-1
701,67,385.49,539.23,62.86,246.50,0.7570,-1,-1,-1
701,68,1227.36,820.12,88.86,256.01,0.8024,-1,-1,-1
701,69,1312.70,798.85,92.27,274.43,0.7865,-1,-1,-1
701,66,479.74,150.82,59.49,171.16,0.5429,-1,-1,-1
701,72,428.19,153.77,47.36,156.84,0.3802,-1,-1,-1
701,71,257.42,210.56,51.76,181.55,0.2626,-1,-1,-1
702,4,1717.25,451.71,86.33,215.65,0.7401,-1,-1,-1
702,60,295.59,376.84,74.07,211.95,0.6840,-1,-1,-1
702,54,1597.57,134.69,71.23,180.17,0.3889,-1,-1,-1
702,49,800.15,137.15,50.60,176.88,0.3631,-1,-1,-1
702,63,831.69,933.15,83.39,145.44,0.7707,-1,-1,-1
702,64,1560.87,618.52,111.65,208.91,0.3462,-1,-1,-1
702,67,386.13,539.87,60.82,245.42,0.7414,-1,-1,-1
702,68,1222.27,817.47,92.76,257.67,0.7633,-1,-1,-1
702,69,1310.49,794.04,92.88,266.85,0.7726,-1,-1,-1
702,66,480.36,149.95,58.51,171.43,0.5421,-1,-1,-1
702,72,429.52,152.28,47.10,159.01,0.3210,-1,-1,-1
702,71,258.03,207.79,51.05,183.40,0.2493,-1,-1,-1
703,4,1717.26,451.65,86.35,216.47,0.7372,-1,-1,-1
703,60,295.06,377.17,74.61,213.10,0.6903,-1,-1,-1
703,54,1599.50,131.66,69.21,184.28,0.4385,-1,-1,-1
703,49,799.53,137.75,51.19,175.92,0.3602,-1,-1,-1
703,63,833.76,933.71,83.17,144.68,0.7770,-1,-1,-1
703,64,1560.51,608.10,112.78,219.22,0.3818,-1,-1,-1
703,67,387.06,540.40,58.98,244.83,0.7364,-1,-1,-1
703,68,1220.49,815.68,91.57,258.48,0.7740,-1,-1,-1
703,69,1308.80,789.67,93.14,263.07,0.7814,-1,-1,-1
703,66,479.85,149.45,58.89,170.43,0.5236,-1,-1,-1
703,72,428.32,155.54,47.39,154.13,0.3402,-1,-1,-1
703,71,258.58,206.74,51.08,185.70,0.2740,-1,-1,-1
704,4,1716.97,451.48,87.15,215.23,0.7352,-1,-1,-1
704,60,294.34,378.55,75.14,214.28,0.6915,-1,-1,-1
704,54,1599.21,132.76,68.65,183.14,0.5396,-1,-1,-1
704,49,799.02,138.00,52.13,174.11,0.3669,-1,-1,-1
704,63,835.71,933.96,83.92,144.38,0.7790,-1,-1,-1
704,64,1560.57,604.11,114.08,223.30,0.3536,-1,-1,-1
704,67,387.67,540.71,58.71,245.70,0.7335,-1,-1,-1
704,68,1219.43,814.13,89.70,259.77,0.7759,-1,-1,-1
704,69,1308.69,786.34,91.68,263.64,0.7792,-1,-1,-1
704,66,479.21,149.60,59.57,169.43,0.5279,-1,-1,-1
704,72,427.55,157.01,48.01,155.39,0.3923,-1,-1,-1
704,71,259.24,206.68,51.12,186.58,0.3154,-1,-1,-1
705,4,1717.52,452.14,86.46,213.61,0.7269,-1,-1,-1
705,60,295.19,379.16,75.30,218.19,0.7031,-1,-1,-1
705,54,1600.85,131.80,67.56,184.26,0.5506,-1,-1,-1
705,49,797.79,137.85,53.18,173.96,0.3708,-1,-1,-1
705,63,838.04,934.13,83.80,144.35,0.7726,-1,-1,-1
705,64,1561.82,598.21,114.01,227.00,0.6034,-1,-1,-1
705,67,388.84,540.63,58.32,246.48,0.7420,-1,-1,-1
705,68,1218.52,812.19,87.65,262.21,0.7859,-1,-1,-1
705,69,1309.81,784.30,88.79,265.14,0.7673,-1,-1,-1
705,66,478.53,149.99,61.13,170.01,0.5469,-1,-1,-1
705,72,428.14,157.01,50.02,156.73,0.3687,-1,-1,-1
705,71,259.68,207.33,50.67,184.73,0.2882,-1,-1,-1
706,4,1717.34,452.30,86.44,213.88,0.7145,-1,-1,-1
706,60,293.94,382.43,77.25,219.27,0.7099,-1,-1,-1
706,54,1602.01,130.58,66.15,184.74,0.5993,-1,-1,-1
706,49,796.96,138.71,53.51,173.28,0.3663,-1,-1,-1
706,63,839.71,933.71,83.73,145.15,0.7781,-1,-1,-1
706,64,1562.86,595.95,113.96,228.82,0.4985,-1,-1,-1
706,67,389.38,540.90,58.76,245.59,0.7464,-1,-1,-1
706,68,1216.03,808.88,87.60,266.31,0.7791,-1,-1,-1
706,69,1308.87,782.73,86.48,266.08,0.7691,-1,-1,-1
706,66,478.80,151.53,60.05,168.35,0.5288,-1,-1,-1
706,72,427.26,159.00,50.20,157.59,0.3898,-1,-1,-1
706,71,259.46,207.27,51.54,185.05,0.2892,-1,-1,-1
707,4,1717.86,452.81,85.77,213.41,0.7274,-1,-1,-1
707,60,294.10,386.96,76.32,216.74,0.7153,-1,-1,-1
707,54,1602.51,129.33,65.35,182.41,0.6222,-1,-1,-1
707,49,795.86,138.57,53.68,173.36,0.4003,-1,-1,-1
707,63,841.64,934.13,84.22,145.52,0.7790,-1,-1,-1
707,64,1564.37,596.88,112.81,228.54,0.4590,-1,-1,-1
707,67,389.48,541.31,58.85,245.53,0.7635,-1,-1,-1
707,68,1214.07,806.31,86.42,264.28,0.7616,-1,-1,-1
707,69,1306.58,781.77,85.92,266.49,0.7674,-1,-1,-1
707,66,479.33,151.92,58.37,168.48,0.5194,-1,-1,-1
707,72,425.92,157.90,51.17,161.84,0.4238,-1,-1,-1
707,71,259.55,205.94,52.98,186.64,0.3241,-1,-1,-1
708,4,1717.58,452.74,85.90,213.72,0.7246,-1,-1,-1
708,60,294.54,389.87,74.86,215.35,0.7162,-1,-1,-1
708,54,1602.51,128.61,64.80,177.64,0.6095,-1,-1,-1
708,49,795.09,139.15,54.10,173.19,0.3947,-1,-1,-1
708,63,842.85,934.29,85.07,145.65,0.7764,-1,-1,-1
708,64,1564.60,595.87,112.30,228.71,0.5004,-1,-1,-1
708,67,390.49,541.73,57.83,246.02,0.7498,-1,-1,-1
708,68,1211.83,803.07,86.11,264.13,0.7514,-1,-1,-1
708,69,1303.32,780.46,86.91,265.96,0.7722,-1,-1,-1
708,66,479.34,153.23,57.56,167.77,0.4918,-1,-1,-1
708,72,425.39,156.65,51.12,165.38,0.4017,-1,-1,-1
708,71,260.29,204.17,50.83,183.45,0.3309,-1,-1,-1
709,4,1717.75,451.90,85.93,214.09,0.7199,-1,-1,-1
709,60,294.69,392.25,73.50,214.54,0.7234,-1,-1,-1
709,54,1602.44,127.04,64.96,174.42,0.6340,-1,-1,-1
709,49,795.01,139.31,53.77,173.40,0.4194,-1,-1,-1
709,63,843.90,934.46,85.86,145.64,0.7834,-1,-1,-1
709,64,1564.11,595.32,112.18,230.23,0.4468,-1,-1,-1
709,67,391.26,542.31,58.21,245.01,0.7567,-1,-1,-1
709,68,1209.07,799.94,84.84,261.96,0.7683,-1,-1,-1
709,69,1298.00,780.53,90.87,263.96,0.7591,-1,-1,-1
709,66,479.19,154.99,58.73,167.29,0.4909,-1,-1,-1
709,72,425.25,154.39,52.19,168.88,0.4148,-1,-1,-1
709,71,260.38,202.95,50.19,183.60,0.3041,-1,-1,-1
710,4,1718.28,452.06,85.73,213.93,0.7332,-1,-1,-1
710,60,295.29,393.98,72.33,215.10,0.7364,-1,-1,-1
710,54,1602.53,125.80,64.50,173.90,0.6536,-1,-1,-1
710,49,794.10,139.46,52.94,172.57,0.3810,-1,-1,-1
710,63,845.01,935.36,85.54,144.77,0.7713,-1,-1,-1
710,64,1565.14,593.62,111.80,231.27,0.5031,-1,-1,-1
710,67,391.39,542.73,59.95,243.30,0.7451,-1,-1,-1
710,68,1206.76,796.16,83.28,261.21,0.7846,-1,-1,-1
710,69,1290.15,780.32,96.23,264.13,0.7588,-1,-1,-1
710,66,479.27,158.09,58.48,167.12,0.5061,-1,-1,-1
710,72,425.10,155.18,50.48,169.20,0.3791,-1,-1,-1
710,71,260.85,205.47,51.37,182.29,0.3294,-1,-1,-1
711,4,1718.29,452.40,85.94,213.73,0.7142,-1,-1,-1
711,60,295.50,394.52,71.35,218.36,0.7365,-1,-1,-1
711,54,1602.44,123.43,64.41,173.86,0.6322,-1,-1,-1
711,49,793.85,140.16,50.51,172.77,0.3782,-1,-1,-1
711,63,845.83,934.69,85.47,145.38,0.7832,-1,-1,-1
711,64,1565.26,598.56,109.47,227.24,0.3690,-1,-1,-1
711,67,391.19,543.54,62.92,241.93,0.7452,-1,-1,-1
711,68,1203.45,793.64,83.91,259.96,0.7883,-1,-1,-1
711,69,1279.99,780.06,103.07,265.34,0.7515,-1,-1,-1
711,66,478.80,158.23,58.88,169.29,0.5222,-1,-1,-1
711,72,425.07,163.51,50.27,162.47,0.2809,-1,-1,-1
711,71,261.42,205.63,50.07,183.18,0.2990,-1,-1,-1
712,4,1717.77,451.74,86.93,215.79,0.7092,-1,-1,-1
712,60,296.48,395.74,71.08,219.28,0.7126,-1,-1,-1
712,54,1602.87,122.42,63.87,174.36,0.6190,-1,-1,-1
712,49,793.64,140.27,49.47,171.07,0.3156,-1,-1,-1
712,63,847.26,934.59,85.03,145.52,0.7795,-1,-1,-1
712,64,1565.28,598.93,109.62,226.88,0.4520,-1,-1,-1
712,67,391.48,544.14,65.03,241.12,0.7232,-1,-1,-1
712,68,1200.21,791.47,83.41,257.98,0.7992,-1,-1,-1
712,69,1276.18,779.38,103.21,265.92,0.7513,-1,-1,-1
712,66,478.71,159.27,59.24,170.14,0.5244,-1,-1,-1
712,72,423.89,170.08,50.48,156.94,0.2735,-1,-1,-1
712,71,261.51,206.36,49.26,182.29,0.2607,-1,-1,-1
713,4,1718.04,451.77,86.20,214.85,0.6983,-1,-1,-1
713,60,297.01,398.93,70.37,221.43,0.6889,-1,-1,-1
713,54,1602.84,121.52,63.05,174.72,0.6737,-1,-1,-1
713,49,792.54,139.59,48.89,172.09,0.3766,-1,-1,-1
713,63,848.84,934.39,84.52,145.75,0.7793,-1,-1,-1
713,64,1568.11,598.27,108.07,226.47,0.6165,-1,-1,-1
713,67,392.11,544.59,68.83,239.73,0.6744,-1,-1,-1
713,68,1195.06,790.07,85.60,259.07,0.7920,-1,-1,-1
713,69,1275.22,778.50,100.15,263.77,0.7623,-1,-1,-1
713,66,478.23,161.27,59.64,170.14,0.5193,-1,-1,-1
713,72,423.51,168.43,49.12,158.12,0.3024,-1,-1,-1
713,71,261.22,207.05,52.45,180.98,0.2737,-1,-1,-1
714,4,1718.10,451.68,86.34,214.70,0.6926,-1,-1,-1
714,60,297.07,400.91,71.11,221.63,0.6887,-1,-1,-1
714,54,1602.48,120.51,62.72,175.50,0.6533,-1,-1,-1
714,49,791.91,139.72,48.47,173.18,0.3280,-1,-1,-1
714,63,851.28,934.46,83.17,145.63,0.7793,-1,-1,-1
714,64,1570.86,597.38,105.08,226.89,0.6241,-1,-1,-1
714,67,391.69,544.94,73.32,239.17,0.6888,-1,-1,-1
714,68,1191.13,788.02,87.28,261.73,0.7901,-1,-1,-1
714,69,1273.65,776.58,97.81,259.88,0.7389,-1,-1,-1
714,66,477.82,162.48,59.21,171.42,0.5314,-1,-1,-1
714,72,423.09,166.99,49.63,159.32,0.2874,-1,-1,-1
714,71,261.95,207.60,52.17,181.57,0.3215,-1,-1,-1
715,4,1717.91,452.01,85.91,214.78,0.6745,-1,-1,-1
715,60,297.72,401.82,70.72,221.46,0.6818,-1,-1,-1
715,54,1601.67,119.89,63.23,177.25,0.6154,-1,-1,-1
715,49,791.31,139.58,48.16,173.74,0.3436,-1,-1,-1
715,63,852.55,934.82,82.00,145.25,0.7796,-1,-1,-1
715,64,1572.46,597.73,103.75,226.80,0.6117,-1,-1,-1
715,67,392.11,544.74,77.49,239.55,0.6993,-1,-1,-1
715,68,1189.79,786.57,83.47,262.91,0.7981,-1,-1,-1
715,69,1273.02,772.67,93.88,256.83,0.7946,-1,-1,-1
715,66,478.02,163.95,58.74,172.14,0.5132,-1,-1,-1
715,72,423.11,173.59,49.49,153.04,0.2618,-1,-1,-1
715,71,261.75,206.78,53.16,179.85,0.3238,-1,-1,-1
716,4,1717.26,452.26,86.38,214.05,0.6653,-1,-1,-1
716,60,297.88,402.28,70.98,221.11,0.6748,-1,-1,-1
716,54,1601.30,119.41,62.53,179.12,0.6098,-1,-1,-1
716,49,790.34,139.86,48.54,172.58,0.3872,-1,-1,-1
716,63,853.39,935.32,81.50,144.76,0.7728,-1,-1,-1
716,64,1572.37,598.19,103.26,226.19,0.5770,-1,-1,-1
716,67,392.23,545.72,81.81,239.27,0.7121,-1,-1,-1
716,68,1188.20,785.70,82.03,264.24,0.7998,-1,-1,-1
716,69,1272.03,769.22,91.26,255.76,0.8010,-1,-1,-1
716,66,477.17,164.57,59.58,172.39,0.4758,-1,-1,-1
716,72,423.11,174.89,47.71,153.57,0.2727,-1,-1,-1
716,71,262.38,206.15,52.92,180.71,0.3204,-1,-1,-1
717,4,1718.11,451.74,85.94,214.24,0.6949,-1,-1,-1
717,60,298.34,403.09,71.80,220.08,0.6754,-1,-1,-1
717,54,1600.70,119.10,61.88,179.49,0.5446,-1,-1,-1
717,49,789.64,140.04,48.72,171.55,0.4002,-1,-1,-1
717,63,854.47,935.52,80.32,144.53,0.7801,-1,-1,-1
717,64,1571.51,598.63,105.17,226.05,0.5809,-1,-1,-1
717,67,391.80,546.03,85.49,239.15,0.7082,-1,-1,-1
717,68,1185.96,784.57,82.66,264.59,0.8038,-1,-1,-1
717,69,1270.34,764.13,90.33,257.81,0.7825,-1,-1,-1
717,66,475.36,161.95,61.82,176.94,0.4701,-1,-1,-1
717,72,423.44,172.29,47.35,158.51,0.2793,-1,-1,-1
717,71,262.71,205.68,53.51,179.13,0.2912,-1,-1,-1
718,4,1718.49,450.83,85.75,214.87,0.6957,-1,-1,-1
718,60,298.44,403.56,72.35,219.45,0.6785,-1,-1,-1
718,54,1600.43,118.75,61.07,180.78,0.5508,-1,-1,-1
718,49,789.56,140.61,47.94,169.16,0.4084,-1,-1,-1
718,63,854.31,935.70,80.57,144.33,0.7747,-1,-1,-1
718,64,1571.28,599.44,105.41,224.89,0.5935,-1,-1,-1
718,67,391.78,546.46,87.13,239.41,0.7149,-1,-1,-1
718,68,1184.09,783.35,82.89,265.64,0.7978,-1,-1,-1
718,69,1267.59,759.97,88.27,255.88,0.7455,-1,-1,-1
718,66,474.08,161.59,62.84,178.60,0.5019,-1,-1,-1
718,72,422.77,167.29,48.42,161.10,0.2855,-1,-1,-1
718,71,262.76,203.69,53.98,181.74,0.2910,-1,-1,-1
719,4,1718.05,451.42,85.94,214.55,0.7019,-1,-1,-1
719,60,299.13,403.89,71.99,214.54,0.6651,-1,-1,-1
719,54,1600.55,118.00,59.45,180.88,0.4605,-1,-1,-1
719,49,790.23,140.82,46.67,168.90,0.3422,-1,-1,-1
719,63,853.87,936.11,80.78,143.92,0.7828,-1,-1,-1
719,64,1569.41,596.88,107.20,227.65,0.5237,-1,-1,-1
719,67,391.84,547.01,89.13,240.65,0.6979,-1,-1,-1
719,68,1182.66,782.63,82.53,264.95,0.7967,-1,-1,-1
719,69,1265.38,756.00,87.01,257.38,0.7407,-1,-1,-1
719,66,474.90,162.58,61.57,178.41,0.4774,-1,-1,-1
719,72,421.44,162.50,50.03,165.60,0.3037,-1,-1,-1
719,71,263.83,205.64,52.44,180.69,0.2954,-1,-1,-1
720,4,1718.30,451.61,85.53,214.44,0.7063,-1,-1,-1
720,60,299.41,405.69,72.25,210.68,0.7027,-1,-1,-1
720,54,1600.34,118.11,58.88,179.70,0.4613,-1,-1,-1
720,49,788.00,139.84,48.82,169.52,0.3395,-1,-1,-1
720,63,853.08,937.48,81.23,142.57,0.7854,-1,-1,-1
720,64,1576.53,600.04,97.58,226.27,0.5020,-1,-1,-1
720,67,392.21,547.85,89.66,240.65,0.6963,-1,-1,-1
720,68,1180.99,781.28,82.76,265.60,0.7844,-1,-1,-1
720,69,1263.67,751.45,85.39,260.54,0.7350,-1,-1,-1
720,66,475.36,165.05,60.18,174.34,0.4782,-1,-1,-1
720,72,420.59,160.88,51.08,169.74,0.3319,-1,-1,-1
720,71,264.95,204.86,50.36,179.55,0.2783,-1,-1,-1
721,4,1718.67,451.25,85.94,215.35,0.6963,-1,-1,-1
721,60,299.52,407.66,72.80,210.56,0.7199,-1,-1,-1
721,54,1600.18,118.89,58.28,177.27,0.5483,-1,-1,-1
721,49,788.77,140.21,47.56,169.33,0.3120,-1,-1,-1
721,63,852.50,938.03,81.67,142.02,0.7845,-1,-1,-1
721,64,1571.33,598.55,103.14,226.66,0.5818,-1,-1,-1
721,67,393.31,548.79,92.33,241.45,0.6839,-1,-1,-1
721,68,1179.43,779.39,81.57,265.88,0.7743,-1,-1,-1
721,69,1261.99,748.60,84.65,264.19,0.7339,-1,-1,-1
721,66,475.52,166.02,60.33,172.49,0.5103,-1,-1,-1
721,72,419.43,157.31,52.69,174.59,0.4117,-1,-1,-1
721,71,264.97,211.36,49.92,172.37,0.2946,-1,-1,-1
722,4,1718.36,451.95,86.46,214.24,0.7177,-1,-1,-1
722,60,299.37,409.15,72.89,212.52,0.7359,-1,-1,-1
722,54,1600.32,119.31,57.25,175.48,0.5212,-1,-1,-1
722,49,788.29,138.54,47.71,170.04,0.2901,-1,-1,-1
722,63,851.58,938.49,82.32,141.52,0.7859,-1,-1,-1
722,64,1569.52,596.13,105.75,228.94,0.5764,-1,-1,-1
722,67,394.53,549.97,93.85,241.24,0.7127,-1,-1,-1
722,68,1177.64,774.86,79.61,267.82,0.7862,-1,-1,-1
722,69,1257.30,747.19,86.77,262.30,0.7685,-1,-1,-1
722,66,474.73,164.94,60.73,172.12,0.5146,-1,-1,-1
722,72,419.55,157.08,53.65,175.51,0.4083,-1,-1,-1
722,71,265.18,214.82,49.59,169.29,0.2225,-1,-1,-1
722,74,551.01,114.29,61.50,172.89,0.4480,-1,-1,-1
723,4,1718.52,451.41,85.72,215.38,0.7177,-1,-1,-1
723,60,299.19,410.27,73.19,215.37,0.7556,-1,-1,-1
723,54,1600.24,118.25,56.52,176.26,0.3252,-1,-1,-1
723,49,788.61,138.81,47.56,171.40,0.3044,-1,-1,-1
723,63,851.33,938.59,81.67,141.41,0.7832,-1,-1,-1
723,64,1567.15,594.78,107.76,230.42,0.5543,-1,-1,-1
723,67,395.40,551.01,94.93,242.00,0.7217,-1,-1,-1
723,68,1175.69,771.32,78.67,262.87,0.7740,-1,-1,-1
723,69,1253.87,745.62,87.60,266.45,0.7719,-1,-1,-1
723,66,474.58,165.80,61.21,170.92,0.5331,-1,-1,-1
723,72,419.02,159.84,53.87,173.92,0.4880,-1,-1,-1
723,71,265.14,210.42,50.46,173.90,0.3313,-1,-1,-1
723,74,550.84,111.59,60.67,176.49,0.4181,-1,-1,-1
724,4,1718.94,451.70,85.67,215.39,0.6992,-1,-1,-1
724,60,299.06,411.85,72.98,217.43,0.7636,-1,-1,-1
724,54,1599.64,117.05,56.27,177.77,0.3472,-1,-1,-1
724,49,789.53,140.82,46.38,170.02,0.2148,-1,-1,-1
724,63,849.96,938.99,82.17,141.01,0.7879,-1,-1,-1
724,64,1566.28,593.21,108.65,231.77,0.5174,-1,-1,-1
724,67,396.96,551.60,93.81,242.90,0.7247,-1,-1,-1
724,68,1173.88,768.17,76.61,251.49,0.7736,-1,-1,-1
724,69,1249.63,744.31,86.83,267.31,0.7717,-1,-1,-1
724,66,473.42,165.50,61.66,171.26,0.5628,-1,-1,-1
724,72,418.09,162.45,54.00,174.71,0.4972,-1,-1,-1
724,71,265.15,211.48,50.21,173.26,0.2006,-1,-1,-1
724,74,550.44,116.33,59.46,171.44,0.4557,-1,-1,-1
725,4,1718.54,451.93,85.97,215.01,0.6960,-1,-1,-1
725,60,299.31,414.10,73.00,217.46,0.7556,-1,-1,-1
725,54,1598.95,116.34,56.45,177.08,0.3819,-1,-1,-1
725,63,848.69,940.68,82.47,139.33,0.7785,-1,-1,-1
725,64,1565.78,594.71,108.88,229.97,0.5284,-1,-1,-1
725,67,400.27,551.58,92.84,242.57,0.7175,-1,-1,-1
725,68,1171.75,764.58,76.21,249.06,0.7729,-1,-1,-1
725,69,1244.67,744.11,88.79,267.98,0.7701,-1,-1,-1
725,66,472.35,167.23,63.02,171.10,0.5597,-1,-1,-1
725,72,418.16,164.36,52.71,174.43,0.4807,-1,-1,-1
725,71,264.64,212.11,48.49,173.08,0.2202,-1,-1,-1
725,74,550.23,116.25,59.11,171.14,0.4512,-1,-1,-1
726,4,1717.92,452.20,86.00,214.34,0.6996,-1,-1,-1
726,60,299.34,415.82,72.56,217.58,0.7589,-1,-1,-1
726,54,1598.50,115.56,55.90,176.57,0.4359,-1,-1,-1
726,63,846.86,941.99,83.47,138.02,0.7846,-1,-1,-1
726,64,1564.90,593.76,110.07,230.70,0.5158,-1,-1,-1
726,67,402.81,552.37,93.46,242.71,0.7400,-1,-1,-1
726,68,1170.16,760.57,76.60,247.59,0.7817,-1,-1,-1
726,69,1241.71,743.36,88.83,269.43,0.7933,-1,-1,-1
726,66,472.59,168.93,62.30,172.88,0.5720,-1,-1,-1
726,72,418.24,166.64,52.84,174.08,0.5188,-1,-1,-1
726,71,264.36,213.88,48.62,171.35,0.3035,-1,-1,-1
726,74,549.67,118.84,58.70,168.99,0.4486,-1,-1,-1
727,4,1718.93,451.92,84.88,214.38,0.7039,-1,-1,-1
727,60,299.64,418.30,72.29,216.81,0.7686,-1,-1,-1
727,54,1598.25,113.71,55.24,177.24,0.4516,-1,-1,-1
727,63,845.42,942.86,83.81,137.13,0.7869,-1,-1,-1
727,64,1564.18,596.47,110.56,229.09,0.4516,-1,-1,-1
727,67,403.43,552.74,94.59,244.15,0.7689,-1,-1,-1
727,68,1167.67,756.70,77.63,244.38,0.7972,-1,-1,-1
727,69,1239.15,742.11,90.44,269.20,0.8175,-1,-1,-1
727,66,473.30,170.95,60.89,173.99,0.5438,-1,-1,-1
727,72,417.02,171.78,53.74,169.20,0.5382,-1,-1,-1
727,71,264.04,213.45,49.68,171.42,0.2770,-1,-1,-1
727,74,549.79,119.31,58.26,168.73,0.3396,-1,-1,-1
728,4,1718.83,452.21,85.09,213.52,0.7057,-1,-1,-1
728,60,298.96,419.26,72.98,219.69,0.7556,-1,-1,-1
728,54,1597.86,112.36,55.57,178.82,0.5469,-1,-1,-1
728,63,843.77,942.67,84.44,137.30,0.7851,-1,-1,-1
728,64,1574.70,600.18,99.06,225.57,0.4383,-1,-1,-1
728,67,404.38,552.33,94.29,245.02,0.7877,-1,-1,-1
728,68,1164.40,753.88,78.96,247.14,0.8115,-1,-1,-1
728,69,1237.40,741.71,90.68,268.81,0.8206,-1,-1,-1
728,66,473.58,171.27,59.61,176.15,0.5213,-1,-1,-1
728,72,418.28,173.92,54.30,170.41,0.4940,-1,-1,-1
728,71,263.57,214.58,49.45,170.12,0.3160,-1,-1,-1
728,74,549.30,116.26,58.74,171.47,0.3397,-1,-1,-1
729,4,1718.54,451.51,85.60,214.51,0.7095,-1,-1,-1
729,60,298.84,420.42,72.22,221.27,0.7511,-1,-1,-1
729,54,1597.55,110.34,55.56,178.56,0.5599,-1,-1,-1
729,63,842.03,943.87,85.48,136.14,0.7929,-1,-1,-1
729,64,1568.60,598.22,106.84,227.66,0.4953,-1,-1,-1
729,67,404.40,552.66,93.82,244.07,0.7756,-1,-1,-1
729,68,1162.37,750.93,78.29,251.00,0.8182,-1,-1,-1
729,69,1235.21,740.73,91.19,267.46,0.8278,-1,-1,-1
729,66,473.59,171.56,59.23,178.97,0.5287,-1,-1,-1
729,72,419.63,177.76,52.76,167.43,0.4526,-1,-1,-1
729,71,262.79,216.10,49.96,169.06,0.2356,-1,-1,-1
729,74,549.20,115.86,58.44,171.81,0.3833,-1,-1,-1
730,4,1718.59,451.77,86.20,214.46,0.7111,-1,-1,-1
730,60,298.60,421.35,71.83,222.48,0.7341,-1,-1,-1
730,54,1597.50,108.64,55.31,177.34,0.4597,-1,-1,-1
730,63,840.38,944.09,86.32,135.70,0.7834,-1,-1,-1
730,64,1577.18,598.03,97.07,228.06,0.4972,-1,-1,-1
730,67,405.90,552.86,92.37,243.76,0.7974,-1,-1,-1
730,68,1158.78,749.29,79.00,255.30,0.8185,-1,-1,-1
730,69,1232.48,739.36,92.03,268.67,0.8114,-1,-1,-1
730,66,471.24,169.12,60.86,182.65,0.4243,-1,-1,-1
730,72,418.49,180.68,53.92,165.59,0.4711,-1,-1,-1
730,71,262.30,214.51,51.16,172.79,0.3763,-1,-1,-1
730,74,549.17,116.54,58.58,170.77,0.4118,-1,-1,-1
731,4,1718.82,452.15,85.83,214.16,0.7040,-1,-1,-1
731,60,298.08,421.79,71.67,222.01,0.7149,-1,-1,-1
731,54,1597.94,107.02,54.96,176.98,0.4633,-1,-1,-1
731,63,838.78,944.10,86.77,135.74,0.7831,-1,-1,-1
731,64,1570.40,596.96,105.03,228.00,0.5672,-1,-1,-1
731,67,407.48,553.24,91.06,243.12,0.8102,-1,-1,-1
731,68,1155.83,747.74,78.84,257.50,0.8071,-1,-1,-1
731,69,1230.31,737.22,90.21,269.93,0.7996,-1,-1,-1
731,66,470.36,168.85,61.52,184.12,0.4296,-1,-1,-1
731,72,417.58,182.78,53.88,163.92,0.4705,-1,-1,-1
731,71,262.08,213.04,50.92,173.71,0.3868,-1,-1,-1
731,74,549.17,118.72,58.93,167.76,0.3687,-1,-1,-1
732,4,1717.89,452.02,86.93,214.61,0.6971,-1,-1,-1
732,60,297.55,422.12,72.28,221.76,0.6780,-1,-1,-1
732,54,1599.14,105.50,54.03,176.75,0.5165,-1,-1,-1
732,63,838.25,944.64,85.96,135.24,0.7824,-1,-1,-1
732,64,1567.72,595.67,107.77,229.35,0.5126,-1,-1,-1
732,67,411.37,553.32,88.65,243.32,0.8056,-1,-1,-1
732,68,1153.00,746.25,79.36,259.70,0.8076,-1,-1,-1
732,69,1228.89,734.82,89.43,269.18,0.8156,-1,-1,-1
732,66,470.11,172.08,62.16,182.26,0.4672,-1,-1,-1
732,72,417.22,182.28,53.39,164.97,0.4667,-1,-1,-1
732,71,262.49,213.63,50.04,172.43,0.3595,-1,-1,-1
732,74,549.01,115.29,59.83,171.25,0.4498,-1,-1,-1
732,75,321.70,208.68,58.78,164.16,0.3859,-1,-1,-1
733,4,1717.32,451.95,87.53,215.08,0.6983,-1,-1,-1
733,60,296.75,422.71,72.85,220.90,0.6548,-1,-1,-1
733,54,1600.27,104.67,53.35,175.49,0.4988,-1,-1,-1
733,63,836.94,944.82,86.17,134.86,0.7718,-1,-1,-1
733,64,1566.47,593.61,109.56,231.24,0.5153,-1,-1,-1
733,67,414.43,552.93,86.22,243.75,0.7859,-1,-1,-1
733,68,1150.29,745.35,79.61,262.27,0.7685,-1,-1,-1
733,69,1227.40,730.89,87.25,261.04,0.7856,-1,-1,-1
733,66,471.21,172.80,61.11,182.83,0.4834,-1,-1,-1
733,72,417.11,185.06,51.72,158.91,0.4663,-1,-1,-1
733,71,263.72,213.55,47.94,170.65,0.2892,-1,-1,-1
733,74,549.08,114.09,59.59,172.72,0.3828,-1,-1,-1
733,75,322.44,209.86,57.53,162.09,0.3586,-1,-1,-1
734,4,1717.23,452.05,87.46,216.92,0.7044,-1,-1,-1
734,60,296.20,423.31,73.26,219.76,0.6431,-1,-1,-1
734,54,1600.87,103.89,53.65,175.43,0.3562,-1,-1,-1
734,63,836.15,944.92,86.16,134.61,0.7784,-1,-1,-1
734,64,1575.47,597.38,98.32,228.95,0.4537,-1,-1,-1
734,67,419.23,552.99,82.31,245.12,0.7893,-1,-1,-1
734,68,1147.82,746.08,80.36,261.50,0.7759,-1,-1,-1
734,69,1226.87,727.91,84.50,252.25,0.7810,-1,-1,-1
734,66,471.78,173.22,60.53,182.61,0.4485,-1,-1,-1
734,72,418.98,183.95,49.45,159.24,0.4038,-1,-1,-1
734,71,264.03,213.92,47.29,167.87,0.3283,-1,-1,-1
734,74,549.20,113.15,58.95,174.13,0.4292,-1,-1,-1
734,75,324.02,208.69,57.91,163.73,0.4050,-1,-1,-1
735,4,1718.17,452.33,86.66,215.00,0.6874,-1,-1,-1
735,60,295.27,424.39,73.60,217.65,0.6148,-1,-1,-1
735,54,1600.98,103.15,54.08,174.79,0.2927,-1,-1,-1
735,63,834.88,945.24,86.95,134.31,0.7784,-1,-1,-1
735,64,1583.56,597.81,89.42,229.18,0.5277,-1,-1,-1
735,67,423.86,553.58,79.30,245.25,0.7805,-1,-1,-1
735,68,1144.06,744.66,82.67,262.80,0.7571,-1,-1,-1
735,69,1223.47,722.52,85.02,248.43,0.7750,-1,-1,-1
735,66,471.13,174.51,61.47,181.71,0.4441,-1,-1,-1
735,72,419.25,185.09,48.44,157.02,0.4331,-1,-1,-1
735,71,263.63,213.68,47.00,168.87,0.3011,-1,-1,-1
735,74,549.14,114.30,59.35,172.37,0.3827,-1,-1,-1
735,75,325.15,206.79,57.87,165.10,0.4045,-1,-1,-1
736,4,1718.33,451.73,86.34,214.01,0.6988,-1,-1,-1
736,60,294.68,425.29,73.92,216.48,0.6418,-1,-1,-1
736,54,1600.95,103.44,54.19,173.71,0.2870,-1,-1,-1
736,63,834.04,945.27,87.46,134.54,0.7756,-1,-1,-1
736,64,1573.66,596.67,101.22,228.70,0.5900,-1,-1,-1
736,67,430.54,553.64,74.58,245.83,0.8009,-1,-1,-1
736,68,1141.99,741.90,84.31,261.41,0.7663,-1,-1,-1
736,69,1220.67,717.50,84.85,247.27,0.7765,-1,-1,-1
736,66,472.25,173.71,60.76,183.27,0.4605,-1,-1,-1
736,72,419.10,185.90,48.45,156.27,0.4226,-1,-1,-1
736,71,264.04,212.56,46.85,168.78,0.2746,-1,-1,-1
736,74,548.58,113.02,60.80,174.56,0.4186,-1,-1,-1
736,75,325.82,207.14,57.54,165.91,0.4045,-1,-1,-1
737,4,1718.51,451.57,86.27,214.02,0.7115,-1,-1,-1
737,60,294.66,426.40,73.43,214.55,0.6173,-1,-1,-1
737,54,1600.73,103.16,54.60,173.53,0.2985,-1,-1,-1
737,63,834.16,946.26,87.04,133.51,0.7825,-1,-1,-1
737,64,1580.76,596.18,93.92,230.20,0.5005,-1,-1,-1
737,67,435.50,554.19,71.95,246.10,0.7951,-1,-1,-1
737,68,1139.19,739.61,85.75,260.82,0.7509,-1,-1,-1
737,69,1220.12,712.54,83.37,250.58,0.7644,-1,-1,-1
737,66,472.47,174.59,60.69,181.65,0.4152,-1,-1,-1
737,72,418.60,186.49,48.89,155.93,0.4047,-1,-1,-1
737,71,265.36,214.15,45.12,164.60,0.2273,-1,-1,-1
737,74,548.36,112.64,61.59,175.45,0.4126,-1,-1,-1
737,75,327.04,208.85,57.06,165.46,0.4223,-1,-1,-1
738,4,1718.39,451.43,86.12,213.78,0.7164,-1,-1,-1
738,60,294.35,427.20,73.90,214.28,0.6738,-1,-1,-1
738,54,1600.47,103.24,55.09,171.88,0.2648,-1,-1,-1
738,63,834.30,946.28,86.93,133.32,0.7774,-1,-1,-1
738,64,1573.20,595.36,102.02,229.93,0.5389,-1,-1,-1
738,67,439.54,554.65,69.74,247.46,0.8005,-1,-1,-1
738,68,1136.70,737.34,84.69,263.27,0.7494,-1,-1,-1
738,69,1219.99,709.61,80.89,254.59,0.7669,-1,-1,-1
738,66,471.93,170.57,59.81,185.41,0.3632,-1,-1,-1
738,72,416.88,186.55,49.91,156.94,0.3811,-1,-1,-1
738,71,264.77,216.97,45.13,161.12,0.2200,-1,-1,-1
738,74,548.54,110.62,62.85,177.99,0.4262,-1,-1,-1
738,75,327.82,211.37,57.56,162.71,0.4164,-1,-1,-1
739,4,1719.33,450.76,85.44,214.09,0.7204,-1,-1,-1
739,60,294.34,427.98,74.09,215.05,0.6556,-1,-1,-1
739,54,1600.48,103.51,54.87,170.41,0.2877,-1,-1,-1
739,63,834.19,946.22,87.30,133.61,0.7797,-1,-1,-1
739,64,1572.03,590.90,103.74,233.83,0.5993,-1,-1,-1
739,67,443.18,555.12,68.40,249.43,0.7881,-1,-1,-1
739,68,1135.04,735.43,83.09,260.28,0.7796,-1,-1,-1
739,69,1219.19,707.46,79.89,258.25,0.7537,-1,-1,-1
739,66,471.15,172.15,60.84,183.86,0.4530,-1,-1,-1
739,72,414.87,186.05,50.69,157.83,0.4281,-1,-1,-1
739,71,264.77,219.08,45.44,159.14,0.2408,-1,-1,-1
739,74,548.51,113.61,63.39,175.13,0.4710,-1,-1,-1
739,75,328.10,211.04,58.34,163.21,0.4294,-1,-1,-1
740,4,1718.56,452.05,86.24,213.01,0.7351,-1,-1,-1
740,60,294.18,429.81,75.39,217.17,0.6924,-1,-1,-1
740,54,1600.62,103.07,55.43,170.80,0.2613,-1,-1,-1
740,63,834.40,946.15,87.31,133.70,0.7759,-1,-1,-1
740,64,1571.01,593.39,104.17,230.94,0.6083,-1,-1,-1
740,67,445.75,555.06,68.29,250.29,0.7673,-1,-1,-1
740,68,1132.87,733.14,83.64,255.05,0.7807,-1,-1,-1
740,69,1217.94,706.01,79.03,261.61,0.7534,-1,-1,-1
740,66,470.42,170.24,61.59,185.62,0.4470,-1,-1,-1
740,72,413.28,186.87,52.12,159.39,0.4272,-1,-1,-1
740,71,265.02,217.31,45.62,159.97,0.2153,-1,-1,-1
740,74,548.83,112.38,63.58,176.20,0.5201,-1,-1,-1
740,75,328.69,208.22,58.76,165.88,0.3747,-1,-1,-1
741,4,1718.42,451.97,86.39,213.01,0.7291,-1,-1,-1
741,60,294.20,431.72,75.71,220.00,0.6889,-1,-1,-1
741,54,1600.82,102.72,55.35,170.73,0.2674,-1,-1,-1
741,63,834.94,946.37,87.29,133.65,0.7820,-1,-1,-1
741,64,1572.01,593.54,102.73,230.87,0.6250,-1,-1,-1
741,67,447.93,556.42,67.51,251.20,0.7568,-1,-1,-1
741,68,1130.79,730.71,81.86,250.42,0.7656,-1,-1,-1
741,69,1216.36,705.36,78.85,261.52,0.7452,-1,-1,-1
741,66,469.89,171.02,61.34,185.03,0.4810,-1,-1,-1
741,72,411.63,189.52,53.09,160.95,0.4197,-1,-1,-1
741,71,264.98,218.48,46.48,157.25,0.2092,-1,-1,-1
741,74,549.94,111.70,63.33,176.91,0.4599,-1,-1,-1
741,75,329.99,208.26,57.79,163.98,0.3601,-1,-1,-1
742,4,1718.72,452.38,85.56,213.25,0.7059,-1,-1,-1
742,60,294.88,434.00,73.95,220.10,0.6950,-1,-1,-1
742,54,1600.90,102.89,55.04,169.23,0.2671,-1,-1,-1
742,63,835.55,946.45,87.47,133.62,0.7761,-1,-1,-1
742,64,1572.60,593.46,102.46,231.22,0.6461,-1,-1,-1
742,67,450.06,556.50,67.60,252.10,0.7697,-1,-1,-1
742,68,1127.67,727.56,80.53,248.82,0.7711,-1,-1,-1
742,69,1210.39,704.95,83.47,261.69,0.7565,-1,-1,-1
742,66,469.01,171.54,61.83,184.41,0.4603,-1,-1,-1
742,72,409.72,194.31,55.32,158.61,0.5112,-1,-1,-1
742,71,264.92,218.85,48.29,157.90,0.2155,-1,-1,-1
742,74,551.48,111.60,61.92,177.06,0.3324,-1,-1,-1
742,75,332.14,209.08,55.94,161.01,0.3222,-1,-1,-1
743,4,1719.33,452.19,83.85,213.47,0.7183,-1,-1,-1
743,60,295.29,436.85,73.66,219.94,0.7118,-1,-1,-1
743,54,1600.14,102.12,55.79,169.96,0.1981,-1,-1,-1
743,63,836.48,946.67,87.15,133.35,0.7722,-1,-1,-1
743,64,1571.78,591.98,103.50,232.48,0.5904,-1,-1,-1
743,67,452.87,557.20,71.96,251.37,0.7574,-1,-1,-1
743,68,1124.48,723.68,80.33,249.08,0.7671,-1,-1,-1
743,69,1204.95,704.88,86.19,261.13,0.7493,-1,-1,-1
743,66,468.45,169.52,59.81,187.64,0.3448,-1,-1,-1
743,72,409.69,198.72,55.00,156.13,0.5356,-1,-1,-1
743,71,266.15,217.31,48.44,159.36,0.1583,-1,-1,-1
743,74,552.06,106.81,61.66,181.67,0.3088,-1,-1,-1
743,75,333.58,210.01,55.26,158.50,0.2961,-1,-1,-1
744,4,1719.59,453.09,83.83,213.27,0.7285,-1,-1,-1
744,60,296.02,439.78,72.80,219.39,0.7045,-1,-1,-1
744,54,1600.35,101.50,55.44,167.67,0.1629,-1,-1,-1
744,63,837.49,947.38,86.73,132.61,0.7752,-1,-1,-1
744,64,1571.65,592.95,102.85,231.47,0.6367,-1,-1,-1
744,67,454.57,558.96,78.98,248.80,0.7515,-1,-1,-1
744,68,1122.73,721.18,79.50,248.82,0.7697,-1,-1,-1
744,69,1201.05,704.43,86.29,260.65,0.7383,-1,-1,-1
744,66,466.91,173.99,59.74,185.24,0.3913,-1,-1,-1
744,72,409.75,200.78,54.58,156.06,0.5225,-1,-1,-1
744,71,266.22,216.47,49.70,161.61,0.1604,-1,-1,-1
744,74,552.44,110.08,61.62,178.96,0.3502,-1,-1,-1
744,75,334.01,209.87,54.96,159.06,0.3413,-1,-1,-1
745,4,1719.02,452.87,84.74,213.35,0.7261,-1,-1,-1
745,60,296.84,442.06,72.12,220.12,0.6978,-1,-1,-1
745,63,838.58,947.86,86.90,132.22,0.7741,-1,-1,-1
745,64,1572.26,592.91,102.58,231.65,0.6408,-1,-1,-1
745,67,455.99,560.47,86.00,245.88,0.7883,-1,-1,-1
745,68,1121.67,719.11,79.07,251.51,0.7687,-1,-1,-1
745,69,1198.53,704.74,86.31,258.44,0.7429,-1,-1,-1
745,66,465.21,175.58,60.46,187.57,0.4127,-1,-1,-1
745,72,409.79,202.77,53.63,157.43,0.5489,-1,-1,-1
745,71,267.28,217.83,51.69,157.80,0.1574,-1,-1,-1
745,74,552.69,110.42,61.30,178.86,0.3844,-1,-1,-1
745,75,334.63,211.52,53.98,157.75,0.3424,-1,-1,-1
746,4,1719.14,453.36,85.58,212.51,0.7104,-1,-1,-1
746,60,297.78,444.01,71.41,221.65,0.6974,-1,-1,-1
746,63,840.03,948.14,86.58,131.84,0.7822,-1,-1,-1
746,64,1573.53,595.13,101.45,229.49,0.6676,-1,-1,-1
746,67,456.89,561.47,92.88,244.73,0.8045,-1,-1,-1
746,68,1119.41,717.83,80.02,253.28,0.7647,-1,-1,-1
746,69,1195.45,702.94,86.91,259.00,0.7508,-1,-1,-1
746,66,463.74,179.64,63.65,185.13,0.5114,-1,-1,-1
746,72,409.42,202.31,51.68,159.92,0.5130,-1,-1,-1
746,71,265.93,219.45,50.31,157.66,0.2065,-1,-1,-1
746,74,553.12,109.95,60.65,178.76,0.2568,-1,-1,-1
746,75,334.88,213.92,54.58,154.21,0.3258,-1,-1,-1
747,4,1719.33,453.04,85.11,212.72,0.7109,-1,-1,-1
747,60,298.85,445.13,70.76,223.55,0.7232,-1,-1,-1
747,63,841.91,948.29,86.02,131.68,0.7861,-1,-1,-1
747,64,1571.63,592.35,104.00,232.33,0.5972,-1,-1,-1
747,67,457.64,562.01,97.16,245.46,0.8200,-1,-1,-1
747,68,1117.56,715.79,78.85,255.19,0.7762,-1,-1,-1
747,69,1190.60,700.90,88.07,262.41,0.7580,-1,-1,-1
747,66,464.27,183.12,62.48,182.83,0.5620,-1,-1,-1
747,72,409.30,203.65,51.72,157.93,0.5429,-1,-1,-1
747,71,265.83,221.69,49.39,155.50,0.2125,-1,-1,-1
747,74,553.55,109.48,61.19,179.22,0.2653,-1,-1,-1
747,75,334.88,213.94,55.13,154.21,0.3559,-1,-1,-1
748,4,1718.96,453.76,84.49,212.39,0.6996,-1,-1,-1
748,60,299.04,445.86,71.30,223.14,0.7085,-1,-1,-1
748,63,843.61,948.68,85.39,131.36,0.7901,-1,-1,-1
748,64,1567.62,595.18,105.70,231.17,0.5215,-1,-1,-1
748,67,457.72,563.38,101.46,245.47,0.8213,-1,-1,-1
748,68,1115.86,714.42,77.80,255.72,0.8039,-1,-1,-1
748,69,1187.64,698.73,86.85,260.00,0.8099,-1,-1,-1
748,66,463.66,186.21,62.72,180.72,0.5506,-1,-1,-1
748,72,409.15,203.54,50.74,159.04,0.5541,-1,-1,-1
748,71,264.55,217.52,52.20,158.34,0.2374,-1,-1,-1
748,74,554.11,108.13,60.14,180.29,0.1802,-1,-1,-1
748,75,334.55,209.93,56.69,158.39,0.4271,-1,-1,-1
749,4,1719.30,454.21,83.54,213.27,0.6838,-1,-1,-1
749,60,300.07,446.17,71.42,223.84,0.6980,-1,-1,-1
749,63,845.69,949.72,84.73,130.30,0.7890,-1,-1,-1
749,64,1569.83,590.53,105.10,234.49,0.5857,-1,-1,-1
749,67,458.48,564.66,104.55,246.19,0.8096,-1,-1,-1
749,68,1114.56,712.39,76.35,255.86,0.8258,-1,-1,-1
749,69,1184.72,696.65,86.42,252.08,0.8110,-1,-1,-1
749,66,463.92,187.90,60.42,181.16,0.5753,-1,-1,-1
749,72,409.01,204.52,49.30,157.99,0.5303,-1,-1,-1
749,71,265.54,216.47,50.66,158.95,0.2458,-1,-1,-1
749,74,553.65,109.67,60.97,178.99,0.2188,-1,-1,-1
749,75,334.21,210.03,56.56,159.14,0.3666,-1,-1,-1
750,4,1718.73,453.80,84.58,213.79,0.7083,-1,-1,-1
750,60,300.60,446.86,71.82,223.07,0.6979,-1,-1,-1
750,63,848.32,951.23,83.31,128.79,0.7690,-1,-1,-1
750,64,1571.54,591.51,103.30,233.12,0.6222,-1,-1,-1
750,67,459.18,565.14,106.20,247.10,0.8153,-1,-1,-1
750,68,1112.94,711.44,75.87,257.17,0.8172,-1,-1,-1
750,69,1182.49,693.71,86.18,255.47,0.7882,-1,-1,-1
750,66,463.52,187.26,60.11,184.21,0.5019,-1,-1,-1
750,72,408.39,203.76,50.98,159.67,0.5511,-1,-1,-1
750,71,267.26,214.52,52.60,159.29,0.2948,-1,-1,-1
750,74,552.41,101.52,63.28,187.22,0.1853,-1,-1,-1
750,75,334.26,208.29,55.82,160.57,0.3703,-1,-1,-1
751,4,1717.11,454.65,85.60,212.09,0.6830,-1,-1,-1
751,60,301.17,447.16,73.47,221.95,0.7015,-1,-1,-1
751,63,850.83,952.20,82.87,127.79,0.7662,-1,-1,-1
751,64,1571.66,592.05,103.74,232.33,0.6172,-1,-1,-1
751,67,459.84,565.70,106.88,246.83,0.8109,-1,-1,-1
751,68,1110.51,709.42,73.43,255.19,0.8050,-1,-1,-1
751,69,1180.73,689.37,83.89,248.06,0.7994,-1,-1,-1
751,66,462.74,193.23,60.28,180.93,0.4754,-1,-1,-1
751,72,408.94,203.90,49.68,158.24,0.5034,-1,-1,-1
751,71,266.93,209.37,56.17,163.02,0.4221,-1,-1,-1
751,74,552.78,105.98,62.08,182.70,0.2278,-1,-1,-1
751,75,334.08,206.52,55.71,161.07,0.3877,-1,-1,-1
752,4,1716.83,454.07,85.43,213.06,0.6898,-1,-1,-1
752,60,301.40,447.73,74.85,221.76,0.7224,-1,-1,-1
752,63,852.69,952.25,83.00,127.66,0.7692,-1,-1,-1
752,64,1569.19,594.30,103.93,231.47,0.5349,-1,-1,-1
752,67,463.15,565.84,105.11,246.36,0.7858,-1,-1,-1
752,68,1107.53,709.43,73.86,254.83,0.7866,-1,-1,-1
752,69,1179.17,685.35,82.13,244.05,0.7705,-1,-1,-1
752,66,461.86,194.79,61.32,180.98,0.4693,-1,-1,-1
752,72,408.89,204.49,48.99,158.05,0.4695,-1,-1,-1
752,71,267.09,208.07,56.69,164.10,0.4067,-1,-1,-1
752,75,334.32,204.91,55.25,162.16,0.3595,-1,-1,-1
753,4,1716.45,453.20,85.09,214.12,0.6771,-1,-1,-1
753,60,301.28,448.62,76.44,220.39,0.7255,-1,-1,-1
753,63,854.57,952.56,82.90,127.41,0.7730,-1,-1,-1
753,64,1570.41,592.43,104.55,232.18,0.5767,-1,-1,-1
753,67,466.92,566.26,102.19,246.10,0.7557,-1,-1,-1
753,68,1106.01,707.85,72.56,255.62,0.7785,-1,-1,-1
753,69,1175.28,680.67,82.77,248.28,0.7472,-1,-1,-1
753,66,460.78,194.65,61.08,182.09,0.4561,-1,-1,-1
753,72,408.43,205.70,48.40,155.42,0.5112,-1,-1,-1
753,71,268.07,206.22,55.89,165.83,0.3659,-1,-1,-1
753,75,333.31,202.03,56.26,165.11,0.3520,-1,-1,-1
754,4,1715.96,453.75,85.48,212.87,0.6706,-1,-1,-1
754,60,300.97,449.89,77.98,217.67,0.7189,-1,-1,-1
754,63,856.24,952.51,83.31,127.25,0.7783,-1,-1,-1
754,64,1570.09,591.72,104.64,232.90,0.5054,-1,-1,-1
754,67,473.11,566.46,95.83,246.22,0.7266,-1,-1,-1
754,68,1103.93,704.88,72.74,259.66,0.7822,-1,-1,-1
754,69,1172.72,676.91,83.16,250.96,0.7506,-1,-1,-1
754,66,460.77,193.60,60.76,183.65,0.4169,-1,-1,-1
754,72,407.48,205.08,48.18,156.52,0.4999,-1,-1,-1
754,71,268.08,204.68,52.25,169.12,0.3810,-1,-1,-1
754,75,332.60,201.86,56.70,165.44,0.3110,-1,-1,-1
755,4,1716.47,452.68,83.49,213.76,0.6755,-1,-1,-1
755,60,300.98,451.13,78.92,215.97,0.7352,-1,-1,-1
755,63,858.30,952.41,83.11,127.51,0.7789,-1,-1,-1
755,64,1571.44,590.99,103.56,233.91,0.5949,-1,-1,-1
755,67,479.16,567.41,88.03,246.50,0.7216,-1,-1,-1
755,68,1101.59,702.30,72.85,259.66,0.7652,-1,-1,-1
755,69,1170.21,673.27,83.04,255.40,0.7573,-1,-1,-1
755,66,458.06,192.19,62.85,186.73,0.4008,-1,-1,-1
755,72,406.15,207.17,49.97,154.34,0.4300,-1,-1,-1
755,71,268.49,203.54,55.08,169.21,0.3179,-1,-1,-1
755,75,332.19,201.40,56.97,165.67,0.2696,-1,-1,-1
756,4,1716.73,453.44,82.48,214.22,0.6730,-1,-1,-1
756,60,301.02,452.49,80.84,215.01,0.7341,-1,-1,-1
756,63,859.07,952.18,84.48,127.57,0.7797,-1,-1,-1
756,64,1571.15,589.89,103.53,234.98,0.5732,-1,-1,-1
756,67,487.63,567.42,78.85,247.24,0.6988,-1,-1,-1
756,68,1099.85,698.27,72.71,252.66,0.7612,-1,-1,-1
756,69,1168.37,671.58,83.06,257.93,0.7702,-1,-1,-1
756,66,457.37,192.66,62.95,185.06,0.4601,-1,-1,-1
756,72,404.66,207.14,50.79,154.47,0.4654,-1,-1,-1
756,71,269.01,202.38,55.90,169.20,0.3257,-1,-1,-1
756,75,331.83,200.45,56.97,166.16,0.2869,-1,-1,-1
757,4,1717.50,453.42,80.92,213.64,0.6811,-1,-1,-1
757,60,300.98,454.79,81.45,216.54,0.7444,-1,-1,-1
757,63,859.91,953.15,85.56,126.77,0.7813,-1,-1,-1
757,64,1570.68,593.31,103.58,232.35,0.4594,-1,-1,-1
757,67,496.93,567.28,72.08,246.04,0.7099,-1,-1,-1
757,68,1097.63,694.50,74.07,248.56,0.7604,-1,-1,-1
757,69,1167.50,670.59,82.76,258.80,0.7719,-1,-1,-1
757,66,454.46,190.82,65.78,186.63,0.5039,-1,-1,-1
757,72,403.99,205.39,50.90,157.84,0.4464,-1,-1,-1
757,71,270.04,204.96,55.52,166.70,0.2699,-1,-1,-1
757,75,330.82,200.23,54.93,165.34,0.2902,-1,-1,-1
758,4,1717.97,453.05,79.68,213.32,0.7091,-1,-1,-1
758,60,300.70,457.72,81.55,218.82,0.7483,-1,-1,-1
758,63,860.91,953.52,86.26,126.47,0.7724,-1,-1,-1
758,64,1569.72,591.33,105.99,233.34,0.4381,-1,-1,-1
758,67,502.52,566.06,70.02,247.53,0.7178,-1,-1,-1
758,68,1095.19,691.03,76.08,240.32,0.7667,-1,-1,-1
758,69,1165.68,670.42,84.38,258.94,0.7700,-1,-1,-1
758,66,453.87,189.34,65.84,189.44,0.4780,-1,-1,-1
758,72,404.08,205.09,49.88,161.19,0.4706,-1,-1,-1
758,71,271.19,202.12,54.51,169.26,0.3164,-1,-1,-1
758,75,331.73,200.51,55.16,165.34,0.2261,-1,-1,-1
759,4,1718.36,452.92,78.59,213.24,0.6912,-1,-1,-1
759,60,300.73,459.04,81.40,221.95,0.7500,-1,-1,-1
759,63,862.51,954.34,87.15,125.63,0.7556,-1,-1,-1
759,64,1569.52,593.14,106.26,231.11,0.5469,-1,-1,-1
759,67,507.60,565.47,68.26,248.79,0.7153,-1,-1,-1
759,68,1093.48,688.11,76.23,240.18,0.7500,-1,-1,-1
759,69,1162.62,670.16,87.68,259.79,0.7585,-1,-1,-1
759,66,452.78,188.82,66.86,189.38,0.4775,-1,-1,-1
759,72,404.30,205.63,49.40,162.54,0.5147,-1,-1,-1
759,71,272.99,205.28,52.41,165.66,0.2907,-1,-1,-1
759,75,332.16,201.30,54.69,164.03,0.2236,-1,-1,-1
760,4,1718.52,452.97,77.87,212.96,0.6993,-1,-1,-1
760,60,300.93,461.88,81.22,223.50,0.7340,-1,-1,-1
760,63,864.03,954.69,88.82,125.31,0.7562,-1,-1,-1
760,64,1570.70,593.86,104.95,230.26,0.6334,-1,-1,-1
760,67,511.82,565.16,68.77,249.52,0.7246,-1,-1,-1
760,68,1091.58,686.49,76.83,242.85,0.7463,-1,-1,-1
760,69,1160.58,669.14,88.86,259.61,0.7646,-1,-1,-1
760,66,451.27,187.27,68.22,189.27,0.4787,-1,-1,-1
760,72,404.47,206.87,50.57,165.72,0.4920,-1,-1,-1
760,71,274.43,205.26,50.86,165.91,0.3733,-1,-1,-1
760,75,333.42,207.79,53.75,158.15,0.2347,-1,-1,-1
761,4,1717.03,453.12,78.72,212.14,0.7148,-1,-1,-1
761,60,300.88,464.39,81.08,223.19,0.7136,-1,-1,-1
761,63,865.37,954.78,90.27,125.23,0.7727,-1,-1,-1
761,64,1570.26,594.49,105.14,229.56,0.6087,-1,-1,-1
761,67,515.22,565.37,70.14,248.89,0.7487,-1,-1,-1
761,68,1089.51,685.12,76.83,243.42,0.7419,-1,-1,-1
761,69,1158.09,667.87,89.67,260.96,0.7653,-1,-1,-1
761,66,450.05,189.22,69.64,186.56,0.4992,-1,-1,-1
761,72,404.29,207.86,51.55,167.57,0.4128,-1,-1,-1
761,71,275.37,203.32,49.86,167.69,0.2960,-1,-1,-1
761,75,333.61,212.92,52.66,153.61,0.2158,-1,-1,-1
762,4,1717.22,453.67,78.50,210.88,0.7040,-1,-1,-1
762,60,301.13,466.83,80.37,223.05,0.7273,-1,-1,-1
762,63,866.90,955.23,89.66,124.80,0.7772,-1,-1,-1
762,64,1570.78,594.29,104.72,230.23,0.6259,-1,-1,-1
762,67,518.07,566.87,72.50,247.35,0.7712,-1,-1,-1
762,68,1087.97,683.23,75.85,244.92,0.7445,-1,-1,-1
762,69,1156.11,666.84,89.55,261.88,0.7527,-1,-1,-1
762,66,450.64,191.48,69.17,185.86,0.5033,-1,-1,-1
762,72,404.60,208.92,52.76,169.40,0.5095,-1,-1,-1
762,71,276.09,203.87,48.71,166.46,0.3849,-1,-1,-1
762,75,333.16,213.06,53.49,154.05,0.2607,-1,-1,-1
763,4,1718.14,454.44,78.56,211.53,0.7112,-1,-1,-1
763,60,301.14,468.85,78.79,224.04,0.7418,-1,-1,-1
763,63,867.73,955.76,89.53,124.34,0.7777,-1,-1,-1
763,64,1570.48,594.36,104.59,230.16,0.6032,-1,-1,-1
763,67,520.47,567.75,74.18,246.26,0.7638,-1,-1,-1
763,68,1083.08,682.27,78.89,246.64,0.7471,-1,-1,-1
763,69,1154.60,664.75,87.23,261.03,0.7501,-1,-1,-1
763,66,452.67,199.21,65.11,179.95,0.4843,-1,-1,-1
763,72,405.02,209.58,52.48,170.27,0.5250,-1,-1,-1
763,71,276.96,201.17,48.44,168.70,0.4184,-1,-1,-1
763,75,331.78,206.43,55.10,160.93,0.3031,-1,-1,-1
764,4,1718.30,453.99,78.78,211.93,0.7213,-1,-1,-1
764,60,299.97,469.36,77.96,226.64,0.7412,-1,-1,-1
764,63,868.34,956.29,89.14,123.73,0.7730,-1,-1,-1
764,64,1570.58,593.41,104.29,231.05,0.5364,-1,-1,-1
764,67,522.01,568.27,76.01,245.50,0.7563,-1,-1,-1
764,68,1081.36,680.02,77.92,250.78,0.7459,-1,-1,-1
764,69,1152.22,661.02,87.00,261.66,0.7565,-1,-1,-1
764,66,453.80,202.91,62.73,178.88,0.5304,-1,-1,-1
764,72,404.43,208.99,52.83,172.56,0.5257,-1,-1,-1
764,71,277.70,197.27,47.52,172.42,0.3949,-1,-1,-1
764,75,331.63,204.50,55.22,161.76,0.2967,-1,-1,-1
765,4,1718.77,453.48,78.11,213.02,0.7132,-1,-1,-1
765,60,299.37,469.96,76.58,228.92,0.7123,-1,-1,-1
765,63,868.82,956.92,88.47,123.10,0.7693,-1,-1,-1
765,64,1570.85,593.03,104.30,231.20,0.5511,-1,-1,-1
765,67,522.62,568.49,81.67,245.70,0.7480,-1,-1,-1
765,68,1079.16,678.20,77.44,253.15,0.7335,-1,-1,-1
765,69,1149.98,659.84,86.58,259.85,0.7424,-1,-1,-1
765,66,454.45,204.99,61.53,179.29,0.5461,-1,-1,-1
765,72,402.29,209.26,54.59,173.63,0.5030,-1,-1,-1
765,71,278.55,191.42,47.63,178.32,0.3451,-1,-1,-1
765,75,331.74,199.12,55.09,166.91,0.2646,-1,-1,-1
765,74,540.47,107.78,72.69,181.88,0.3543,-1,-1,-1
766,4,1718.71,454.82,77.61,210.75,0.7407,-1,-1,-1
766,60,298.06,470.74,74.85,228.87,0.6357,-1,-1,-1
766,63,869.56,957.03,87.73,122.99,0.7581,-1,-1,-1
766,64,1570.63,591.67,104.37,232.76,0.6027,-1,-1,-1
766,67,524.01,569.42,88.68,245.53,0.7485,-1,-1,-1
766,68,1076.26,677.28,79.65,255.08,0.7214,-1,-1,-1
766,69,1146.84,657.15,88.35,257.56,0.7226,-1,-1,-1
766,66,454.27,204.18,60.67,183.45,0.4860,-1,-1,-1
766,72,400.83,210.62,55.28,172.40,0.4876,-1,-1,-1
766,71,279.00,196.41,48.86,173.20,0.3799,-1,-1,-1
766,75,328.19,195.14,56.00,170.61,0.3611,-1,-1,-1
766,74,541.28,106.20,70.99,183.35,0.2263,-1,-1,-1
767,4,1718.66,455.22,77.60,211.20,0.7278,-1,-1,-1
767,60,296.59,471.96,74.37,228.00,0.5967,-1,-1,-1
767,63,869.45,957.40,87.97,122.62,0.7592,-1,-1,-1
767,64,1578.75,596.01,94.34,229.77,0.5039,-1,-1,-1
767,67,525.25,569.77,89.67,246.35,0.7563,-1,-1,-1
767,68,1074.25,675.53,80.18,255.50,0.7359,-1,-1,-1
767,69,1144.96,653.94,86.87,253.95,0.7163,-1,-1,-1
767,66,454.04,203.65,60.10,185.66,0.4779,-1,-1,-1
767,72,400.48,211.11,55.49,172.51,0.4535,-1,-1,-1
767,71,279.10,197.02,49.99,171.03,0.3815,-1,-1,-1
767,75,328.36,193.60,56.18,171.84,0.3797,-1,-1,-1
767,74,541.89,104.52,69.83,186.67,0.2710,-1,-1,-1
768,4,1719.71,453.69,76.68,212.77,0.7125,-1,-1,-1
768,60,295.09,472.80,74.22,226.98,0.6006,-1,-1,-1
768,63,869.71,957.48,88.00,122.48,0.7704,-1,-1,-1
768,64,1573.44,592.29,101.06,232.64,0.5467,-1,-1,-1
768,67,525.56,569.85,90.39,246.85,0.7619,-1,-1,-1
768,68,1073.44,673.69,79.64,255.73,0.7416,-1,-1,-1
768,69,1142.53,650.81,85.73,249.05,0.7493,-1,-1,-1
768,66,452.82,200.30,61.13,191.50,0.5080,-1,-1,-1
768,72,401.59,209.76,54.12,174.04,0.3988,-1,-1,-1
768,71,279.59,193.93,50.75,173.31,0.3627,-1,-1,-1
768,75,327.03,192.88,56.84,170.01,0.3650,-1,-1,-1
768,74,542.07,108.24,68.23,182.46,0.2511,-1,-1,-1
769,4,1720.02,453.99,76.20,211.16,0.7260,-1,-1,-1
769,60,294.18,473.28,75.02,226.77,0.6544,-1,-1,-1
769,63,869.55,958.10,88.92,121.87,0.7755,-1,-1,-1
769,64,1574.30,593.90,95.57,232.25,0.3886,-1,-1,-1
769,67,525.67,571.47,91.56,245.06,0.7593,-1,-1,-1
769,68,1070.49,670.93,80.04,254.41,0.7823,-1,-1,-1
769,69,1141.03,648.03,82.91,244.98,0.7915,-1,-1,-1
769,66,452.76,196.72,60.88,195.73,0.4047,-1,-1,-1
769,72,402.25,206.45,54.24,177.51,0.3597,-1,-1,-1
769,71,280.25,195.91,49.93,170.46,0.3346,-1,-1,-1
769,75,328.54,193.02,55.80,168.33,0.3346,-1,-1,-1
769,74,541.09,110.40,69.61,181.36,0.2405,-1,-1,-1
770,4,1720.57,454.82,75.90,209.98,0.7265,-1,-1,-1
770,60,293.77,474.29,75.35,225.30,0.6360,-1,-1,-1
770,63,869.86,957.72,89.77,122.33,0.7877,-1,-1,-1
770,64,1577.36,594.87,93.97,231.35,0.4257,-1,-1,-1
770,67,525.74,571.97,92.85,244.78,0.7694,-1,-1,-1
770,68,1066.84,669.37,80.37,251.72,0.7978,-1,-1,-1
770,69,1139.77,646.10,80.48,241.54,0.8173,-1,-1,-1
770,66,452.27,197.52,61.05,194.98,0.3878,-1,-1,-1
770,72,403.34,207.66,52.73,177.70,0.3622,-1,-1,-1
770,71,280.23,198.44,50.01,167.42,0.3310,-1,-1,-1
770,75,327.97,192.77,55.60,167.12,0.3093,-1,-1,-1
770,74,542.17,113.29,68.28,178.47,0.2965,-1,-1,-1
771,4,1721.96,453.37,75.13,212.52,0.7257,-1,-1,-1
771,60,292.81,474.50,74.95,224.57,0.6694,-1,-1,-1
771,63,870.08,957.71,90.11,122.26,0.7910,-1,-1,-1
771,64,1567.79,598.39,103.74,228.53,0.4342,-1,-1,-1
771,67,526.32,572.16,92.57,244.07,0.7605,-1,-1,-1
771,68,1063.86,667.16,81.01,244.70,0.8046,-1,-1,-1
771,69,1138.07,644.27,79.40,241.90,0.8068,-1,-1,-1
771,66,452.25,199.64,60.10,194.17,0.5155,-1,-1,-1
771,72,403.62,207.54,51.98,178.03,0.3458,-1,-1,-1
771,71,280.80,200.34,49.26,164.17,0.3338,-1,-1,-1
771,75,329.85,194.55,58.20,166.63,0.3070,-1,-1,-1
771,74,543.32,113.56,67.14,178.04,0.2775,-1,-1,-1
772,4,1722.61,453.34,74.88,212.24,0.7253,-1,-1,-1
772,60,292.51,475.61,74.39,223.39,0.6665,-1,-1,-1
772,63,870.37,957.96,91.05,122.01,0.7936,-1,-1,-1
772,64,1568.29,590.54,105.90,234.69,0.5402,-1,-1,-1
772,67,528.03,571.62,91.49,243.52,0.7489,-1,-1,-1
772,68,1061.71,664.68,82.06,241.80,0.8000,-1,-1,-1
772,69,1136.37,642.03,79.35,244.60,0.7853,-1,-1,-1
772,66,452.38,201.75,59.81,192.00,0.5194,-1,-1,-1
772,72,403.65,211.21,51.22,174.49,0.4034,-1,-1,-1
772,71,281.39,199.96,48.48,163.08,0.2694,-1,-1,-1
772,75,326.50,193.64,58.48,165.91,0.2936,-1,-1,-1
772,74,543.98,115.36,65.06,174.76,0.2506,-1,-1,-1
773,4,1722.44,452.29,73.96,212.01,0.7319,-1,-1,-1
773,60,292.22,476.41,74.83,222.75,0.6810,-1,-1,-1
773,63,870.82,958.00,90.78,121.94,0.8031,-1,-1,-1
773,64,1570.66,597.35,101.82,228.64,0.4880,-1,-1,-1
773,67,532.60,570.56,88.44,243.61,0.7279,-1,-1,-1
773,68,1060.52,661.46,79.44,239.10,0.8113,-1,-1,-1
773,69,1134.96,640.62,78.58,245.60,0.7657,-1,-1,-1
773,66,451.99,205.16,60.04,188.04,0.4466,-1,-1,-1
773,72,403.56,212.93,50.64,170.57,0.4178,-1,-1,-1
773,71,281.79,198.56,47.80,165.17,0.2835,-1,-1,-1
773,75,324.93,193.10,59.07,166.57,0.2765,-1,-1,-1
773,74,544.58,112.85,65.08,177.72,0.1909,-1,-1,-1
774,4,1723.35,452.13,72.76,212.01,0.7186,-1,-1,-1
774,60,291.41,477.48,76.56,222.13,0.7174,-1,-1,-1
774,63,871.04,957.94,91.16,122.00,0.7985,-1,-1,-1
774,64,1571.93,599.21,100.11,227.22,0.5101,-1,-1,-1
774,67,536.78,569.86,84.62,244.08,0.7209,-1,-1,-1
774,68,1059.03,660.13,76.54,237.55,0.7758,-1,-1,-1
774,69,1132.65,639.53,79.91,245.95,0.7608,-1,-1,-1
774,66,452.13,204.48,59.52,187.74,0.3814,-1,-1,-1
774,72,402.73,213.11,50.36,171.47,0.3985,-1,-1,-1
774,71,282.61,198.14,48.28,165.34,0.2905,-1,-1,-1
774,75,329.72,192.87,59.33,167.88,0.2390,-1,-1,-1
774,74,544.98,110.57,64.70,180.21,0.2316,-1,-1,-1
775,4,1723.51,452.83,72.34,210.43,0.7300,-1,-1,-1
775,60,290.73,478.63,76.96,222.20,0.7412,-1,-1,-1
775,63,871.31,957.92,91.37,122.07,0.8050,-1,-1,-1
775,64,1568.31,597.47,103.16,229.20,0.4846,-1,-1,-1
775,67,541.83,570.11,80.86,243.74,0.7002,-1,-1,-1
775,68,1056.66,658.14,75.14,237.97,0.7550,-1,-1,-1
775,69,1127.91,638.65,83.55,249.01,0.7753,-1,-1,-1
775,66,451.53,203.65,59.48,187.96,0.4347,-1,-1,-1
775,72,401.76,217.46,51.41,168.81,0.4483,-1,-1,-1
775,71,283.02,195.84,47.71,167.94,0.2513,-1,-1,-1
775,75,325.73,192.37,58.25,168.97,0.2146,-1,-1,-1
775,74,545.06,112.16,63.03,178.20,0.2651,-1,-1,-1
776,4,1723.36,452.53,72.20,210.85,0.7378,-1,-1,-1
776,60,289.99,479.92,77.03,222.69,0.7495,-1,-1,-1
776,63,871.45,958.60,91.04,121.40,0.7918,-1,-1,-1
776,64,1569.21,597.89,102.38,228.65,0.5496,-1,-1,-1
776,67,547.36,570.96,75.85,242.95,0.6930,-1,-1,-1
776,68,1054.53,654.93,73.52,239.86,0.7632,-1,-1,-1
776,69,1127.31,636.97,82.14,251.68,0.7786,-1,-1,-1
776,66,450.76,201.91,60.09,189.47,0.3954,-1,-1,-1
776,72,401.44,216.43,50.44,170.77,0.4295,-1,-1,-1
776,71,282.63,195.89,47.26,166.45,0.2711,-1,-1,-1
776,75,330.84,191.73,58.39,170.04,0.1588,-1,-1,-1
776,74,546.03,117.14,61.03,172.57,0.2198,-1,-1,-1
777,4,1723.84,452.41,71.79,210.40,0.7362,-1,-1,-1
777,60,289.37,480.81,76.97,225.37,0.7678,-1,-1,-1
777,63,872.18,959.17,90.46,120.79,0.7871,-1,-1,-1
777,64,1569.24,596.00,103.13,229.95,0.4930,-1,-1,-1
777,67,552.15,571.32,72.25,243.90,0.7096,-1,-1,-1
777,68,1051.90,652.08,74.31,243.64,0.7512,-1,-1,-1
777,69,1125.63,635.43,81.37,253.59,0.7132,-1,-1,-1
777,66,449.44,202.79,60.57,188.50,0.2716,-1,-1,-1
777,72,401.95,217.96,49.82,169.60,0.3459,-1,-1,-1
777,71,283.04,192.08,48.53,170.82,0.2335,-1,-1,-1
777,74,546.41,119.04,61.93,170.46,0.2221,-1,-1,-1
778,4,1723.69,452.51,72.10,210.37,0.7488,-1,-1,-1
778,60,289.56,483.46,76.19,225.06,0.7582,-1,-1,-1
778,63,872.60,959.28,90.59,120.75,0.7885,-1,-1,-1
778,64,1569.38,592.69,104.64,232.21,0.5973,-1,-1,-1
778,67,559.03,571.75,66.74,244.91,0.7167,-1,-1,-1
778,68,1050.54,649.75,74.11,246.49,0.7582,-1,-1,-1
778,69,1125.31,633.86,80.04,253.46,0.7310,-1,-1,-1
778,66,448.45,203.29,61.22,187.55,0.3153,-1,-1,-1
778,72,401.01,217.83,50.17,170.85,0.2925,-1,-1,-1
778,71,282.95,192.76,47.15,170.20,0.2392,-1,-1,-1
778,74,546.17,119.62,62.40,169.93,0.3344,-1,-1,-1
779,4,1722.97,452.22,72.87,210.88,0.7450,-1,-1,-1
779,60,289.29,486.34,75.43,224.57,0.7575,-1,-1,-1
779,63,873.18,959.24,90.39,120.79,0.7902,-1,-1,-1
779,64,1570.85,589.42,104.03,234.96,0.6000,-1,-1,-1
779,67,564.68,571.99,64.41,248.22,0.7199,-1,-1,-1
779,68,1049.05,646.94,73.91,249.62,0.7556,-1,-1,-1
779,69,1120.04,632.03,83.08,254.22,0.7262,-1,-1,-1
779,66,447.98,209.01,60.53,184.33,0.2516,-1,-1,-1
779,72,399.31,221.44,52.02,171.05,0.3516,-1,-1,-1
779,71,283.05,197.66,46.75,166.53,0.2379,-1,-1,-1
779,74,546.64,121.76,61.04,167.03,0.2134,-1,-1,-1
780,4,1723.13,452.15,72.98,211.38,0.7450,-1,-1,-1
780,60,289.42,489.15,74.72,224.98,0.7532,-1,-1,-1
780,63,873.24,959.36,90.19,120.65,0.7825,-1,-1,-1
780,64,1570.47,588.20,104.52,235.77,0.6142,-1,-1,-1
780,67,568.65,572.53,62.77,247.31,0.7030,-1,-1,-1
780,68,1047.46,645.62,74.27,250.86,0.7531,-1,-1,-1
780,69,1117.54,629.66,83.48,255.51,0.7424,-1,-1,-1
780,66,448.32,216.18,57.33,179.47,0.2784,-1,-1,-1
780,72,399.16,224.32,52.16,170.42,0.3894,-1,-1,-1
780,71,283.29,200.11,46.54,165.31,0.2220,-1,-1,-1
780,74,546.60,118.69,60.10,170.01,0.2338,-1,-1,-1
781,4,1723.60,451.74,72.31,211.38,0.7390,-1,-1,-1
781,60,289.29,490.91,74.40,226.28,0.7640,-1,-1,-1
781,63,873.76,959.12,89.40,120.86,0.7804,-1,-1,-1
781,64,1571.57,589.98,103.30,233.69,0.6602,-1,-1,-1
781,67,571.11,571.22,62.71,252.15,0.6855,-1,-1,-1
781,68,1045.03,647.28,76.25,245.39,0.7498,-1,-1,-1
781,69,1113.84,627.31,83.91,255.53,0.7634,-1,-1,-1
781,66,449.49,216.58,55.52,182.22,0.3346,-1,-1,-1
781,72,399.92,224.47,52.12,171.14,0.3666,-1,-1,-1
781,71,283.24,200.08,47.00,165.68,0.2046,-1,-1,-1
781,74,546.36,121.13,60.75,167.46,0.2019,-1,-1,-1
782,4,1722.95,451.34,72.99,211.16,0.7387,-1,-1,-1
782,60,289.61,492.57,74.07,229.54,0.7719,-1,-1,-1
782,63,874.43,958.81,88.40,121.20,0.7724,-1,-1,-1
782,64,1570.67,591.38,103.76,232.40,0.5852,-1,-1,-1
782,67,571.48,572.04,64.92,256.03,0.6345,-1,-1,-1
782,68,1043.99,645.51,74.86,247.51,0.7432,-1,-1,-1
782,69,1111.13,624.99,82.61,249.07,0.7756,-1,-1,-1
782,66,448.03,216.19,56.96,184.93,0.3242,-1,-1,-1
782,72,399.86,226.48,52.88,169.13,0.3824,-1,-1,-1
782,71,283.14,199.46,47.13,166.09,0.2256,-1,-1,-1
782,74,545.44,123.85,61.82,165.12,0.1801,-1,-1,-1
783,4,1722.94,451.94,74.01,210.97,0.7192,-1,-1,-1
783,60,289.88,493.85,73.76,232.83,0.7752,-1,-1,-1
783,63,875.29,958.41,87.27,121.62,0.7677,-1,-1,-1
783,64,1571.42,592.58,103.55,231.29,0.6506,-1,-1,-1
783,67,573.09,572.62,66.35,258.43,0.6387,-1,-1,-1
783,68,1043.34,644.58,73.91,248.19,0.7380,-1,-1,-1
783,69,1109.81,622.42,80.54,243.99,0.7566,-1,-1,-1
783,66,446.24,216.78,58.56,187.71,0.3801,-1,-1,-1
783,72,398.80,224.54,52.47,169.96,0.3815,-1,-1,-1
783,71,282.92,199.42,47.38,166.56,0.2286,-1,-1,-1
783,74,545.81,123.95,61.52,164.62,0.1769,-1,-1,-1
784,4,1722.74,451.90,74.26,211.95,0.7112,-1,-1,-1
784,60,289.90,495.01,74.00,234.12,0.7647,-1,-1,-1
784,63,876.15,958.32,85.87,121.77,0.7523,-1,-1,-1
784,64,1572.48,595.85,101.88,228.10,0.6964,-1,-1,-1
784,67,575.46,573.14,66.54,249.34,0.5582,-1,-1,-1
784,68,1042.85,643.46,71.48,246.08,0.7439,-1,-1,-1
784,69,1107.08,619.31,79.92,239.59,0.7694,-1,-1,-1
784,66,445.74,217.72,61.13,188.70,0.3650,-1,-1,-1
784,72,399.59,227.05,51.44,168.95,0.4665,-1,-1,-1
784,71,283.56,194.58,46.89,169.54,0.2323,-1,-1,-1
784,74,545.98,123.76,61.21,165.32,0.1812,-1,-1,-1
785,4,1722.62,452.00,74.61,211.64,0.7247,-1,-1,-1
785,60,290.31,495.94,73.81,234.08,0.7665,-1,-1,-1
785,63,877.55,957.13,83.86,122.91,0.7630,-1,-1,-1
785,64,1572.05,594.35,102.19,229.73,0.6273,-1,-1,-1
785,67,579.72,573.53,64.63,245.30,0.5794,-1,-1,-1
785,68,1041.79,642.09,71.19,246.03,0.7484,-1,-1,-1
785,69,1104.78,616.24,79.74,239.29,0.7503,-1,-1,-1
785,66,444.91,218.43,62.71,190.09,0.4171,-1,-1,-1
785,72,399.48,227.47,50.93,169.00,0.4634,-1,-1,-1
785,71,283.88,191.24,47.39,172.41,0.2366,-1,-1,-1
785,74,545.21,120.29,62.66,169.02,0.2084,-1,-1,-1
786,4,1722.83,451.45,73.53,211.78,0.7273,-1,-1,-1
786,60,290.15,497.00,74.27,233.29,0.7664,-1,-1,-1
786,63,878.40,956.52,82.03,123.52,0.7567,-1,-1,-1
786,64,1571.44,594.10,102.12,230.20,0.6485,-1,-1,-1
786,67,582.85,575.17,65.10,241.39,0.5835,-1,-1,-1
786,68,1040.39,640.00,70.84,245.06,0.7315,-1,-1,-1
786,69,1102.71,614.93,77.41,238.25,0.7509,-1,-1,-1
786,66,444.63,220.18,62.57,189.76,0.4394,-1,-1,-1
786,72,399.22,229.15,50.75,167.03,0.4733,-1,-1,-1
786,71,283.89,191.70,46.43,171.16,0.2246,-1,-1,-1
786,74,545.29,120.24,62.13,169.25,0.2277,-1,-1,-1
787,4,1723.02,452.34,74.13,211.31,0.7241,-1,-1,-1
787,60,290.05,498.07,75.46,231.84,0.7491,-1,-1,-1
787,63,879.38,955.91,80.12,124.19,0.7692,-1,-1,-1
787,64,1571.45,594.98,102.62,229.43,0.6592,-1,-1,-1
787,67,584.97,577.16,72.13,238.62,0.5935,-1,-1,-1
787,68,1038.24,637.06,70.77,244.36,0.7424,-1,-1,-1
787,69,1101.83,612.19,75.40,241.88,0.7829,-1,-1,-1
787,66,442.95,221.38,64.52,187.38,0.4268,-1,-1,-1
787,72,398.73,231.87,50.69,164.55,0.4858,-1,-1,-1
787,71,283.46,191.06,46.27,173.44,0.3077,-1,-1,-1
787,74,545.65,115.59,61.95,174.15,0.2909,-1,-1,-1
787,76,468.94,71.97,63.87,178.15,0.4261,-1,-1,-1
788,4,1723.03,452.58,73.91,211.59,0.7080,-1,-1,-1
788,60,289.36,499.38,76.98,230.25,0.7403,-1,-1,-1
788,63,879.20,955.56,79.72,124.60,0.7729,-1,-1,-1
788,64,1572.96,594.59,101.99,229.62,0.6772,-1,-1,-1
788,67,587.62,578.97,73.96,238.02,0.5398,-1,-1,-1
788,68,1035.73,634.34,71.06,239.85,0.7377,-1,-1,-1
788,69,1099.94,610.64,75.16,244.60,0.7646,-1,-1,-1
788,66,443.07,222.52,62.97,187.18,0.4997,-1,-1,-1
788,72,397.21,231.12,52.19,165.28,0.4637,-1,-1,-1
788,71,283.29,190.01,46.19,173.60,0.2719,-1,-1,-1
788,74,545.51,113.20,62.54,177.65,0.3171,-1,-1,-1
788,76,469.19,73.04,63.37,179.31,0.4461,-1,-1,-1
789,4,1723.55,452.87,73.67,212.74,0.7222,-1,-1,-1
789,60,288.45,500.71,78.48,228.37,0.7457,-1,-1,-1
789,63,879.00,955.60,79.38,124.51,0.7685,-1,-1,-1
789,64,1571.37,594.52,103.20,229.95,0.6652,-1,-1,-1
789,67,589.67,580.70,75.70,236.41,0.5916,-1,-1,-1
789,68,1032.36,631.33,73.00,235.86,0.7267,-1,-1,-1
789,69,1096.74,608.88,76.75,248.66,0.7914,-1,-1,-1
789,66,443.61,223.12,60.29,186.53,0.4825,-1,-1,-1
789,72,396.39,229.90,54.07,167.22,0.4556,-1,-1,-1
789,71,283.34,185.77,46.42,177.83,0.2313,-1,-1,-1
789,74,545.50,114.62,61.87,177.64,0.3209,-1,-1,-1
789,76,468.80,73.96,64.45,183.77,0.4624,-1,-1,-1
790,4,1723.59,452.36,72.44,212.52,0.7279,-1,-1,-1
790,60,288.49,501.80,78.80,225.61,0.7442,-1,-1,-1
790,63,878.86,954.24,79.56,125.82,0.7736,-1,-1,-1
790,64,1571.22,594.17,103.19,229.93,0.6712,-1,-1,-1
790,67,591.97,582.15,75.62,235.48,0.5954,-1,-1,-1
790,68,1030.44,629.29,73.51,225.09,0.7179,-1,-1,-1
790,69,1094.90,607.35,77.95,250.70,0.7809,-1,-1,-1
790,66,444.14,224.71,59.13,185.38,0.4171,-1,-1,-1
790,72,397.59,231.49,53.94,167.96,0.4159,-1,-1,-1
790,71,283.65,186.90,45.85,177.39,0.2593,-1,-1,-1
790,74,545.96,114.41,61.92,177.58,0.3036,-1,-1,-1
790,76,470.77,73.77,63.13,183.67,0.4613,-1,-1,-1
791,4,1722.95,452.78,73.63,212.90,0.7326,-1,-1,-1
791,60,288.27,502.67,79.07,225.06,0.7398,-1,-1,-1
791,63,880.02,953.94,77.60,126.13,0.7571,-1,-1,-1
791,64,1570.60,593.62,103.03,230.65,0.7025,-1,-1,-1
791,67,594.62,583.30,75.92,234.05,0.6070,-1,-1,-1
791,68,1028.67,626.91,74.32,224.92,0.7301,-1,-1,-1
791,69,1092.78,606.54,80.41,252.74,0.7685,-1,-1,-1
791,66,442.73,223.78,60.61,185.59,0.4587,-1,-1,-1
791,72,396.90,231.85,54.15,168.81,0.4136,-1,-1,-1
791,71,283.63,186.27,46.46,178.03,0.2701,-1,-1,-1
791,74,546.19,112.82,62.02,178.80,0.3360,-1,-1,-1
791,76,471.45,72.92,62.49,182.99,0.4285,-1,-1,-1
792,4,1722.58,452.57,73.73,212.59,0.7484,-1,-1,-1
792,60,288.01,503.68,79.19,224.53,0.7439,-1,-1,-1
792,63,881.30,953.37,74.89,126.66,0.7580,-1,-1,-1
792,64,1569.58,591.07,103.87,233.21,0.6773,-1,-1,-1
792,67,596.28,584.15,76.35,233.08,0.5912,-1,-1,-1
792,68,1026.95,624.14,74.58,231.43,0.7440,-1,-1,-1
792,69,1091.47,606.10,82.41,254.86,0.7663,-1,-1,-1
792,66,442.19,224.93,60.88,185.30,0.4488,-1,-1,-1
792,72,395.67,233.09,55.58,170.09,0.4270,-1,-1,-1
792,71,283.74,183.67,47.14,180.34,0.2993,-1,-1,-1
792,74,547.18,112.77,60.83,179.07,0.3211,-1,-1,-1
792,76,471.32,72.40,62.71,186.36,0.3986,-1,-1,-1
793,4,1722.90,452.50,73.01,212.22,0.7369,-1,-1,-1
793,60,288.14,506.13,79.11,225.34,0.7209,-1,-1,-1
793,63,881.74,952.62,73.40,127.42,0.7587,-1,-1,-1
793,64,1569.60,591.74,103.73,232.33,0.7006,-1,-1,-1
793,67,598.94,585.33,75.08,229.91,0.5969,-1,-1,-1
793,68,1024.94,620.86,75.00,237.79,0.7594,-1,-1,-1
793,69,1090.43,605.46,83.23,255.73,0.7804,-1,-1,-1
793,66,441.92,225.89,60.11,184.63,0.4411,-1,-1,-1
793,72,394.86,235.44,55.36,169.98,0.4424,-1,-1,-1
793,71,284.04,182.46,46.62,181.94,0.4088,-1,-1,-1
793,74,547.39,113.46,60.03,177.72,0.3214,-1,-1,-1
793,76,470.72,72.34,63.84,191.26,0.3894,-1,-1,-1
794,4,1722.54,452.62,74.33,212.58,0.7553,-1,-1,-1
794,60,288.27,508.87,79.21,227.74,0.7037,-1,-1,-1
794,63,882.14,951.25,70.49,128.77,0.7508,-1,-1,-1
794,64,1569.65,590.30,103.68,233.69,0.6838,-1,-1,-1
794,67,601.58,585.11,73.74,235.69,0.5290,-1,-1,-1
794,68,1023.47,618.71,75.67,241.71,0.7601,-1,-1,-1
794,69,1088.94,605.56,85.24,255.60,0.7447,-1,-1,-1
794,66,440.67,226.94,61.15,184.60,0.4774,-1,-1,-1
794,72,395.52,239.05,53.71,167.32,0.4559,-1,-1,-1
794,71,284.10,183.41,46.73,181.18,0.3825,-1,-1,-1
794,74,548.10,114.53,59.57,176.82,0.2521,-1,-1,-1
794,76,469.64,72.99,65.56,192.00,0.4191,-1,-1,-1
795,4,1722.23,452.70,73.94,211.49,0.7574,-1,-1,-1
795,60,288.38,510.76,78.11,230.75,0.7140,-1,-1,-1
795,63,882.67,949.87,67.48,130.04,0.7325,-1,-1,-1
795,64,1569.29,589.74,104.39,234.57,0.6853,-1,-1,-1
795,67,603.98,584.20,72.82,252.74,0.4698,-1,-1,-1
795,68,1021.19,616.15,76.37,244.27,0.7831,-1,-1,-1
795,69,1087.09,604.14,86.61,256.27,0.7677,-1,-1,-1
795,66,439.28,225.59,62.49,186.43,0.4588,-1,-1,-1
795,72,394.91,235.72,55.27,172.89,0.4297,-1,-1,-1
795,71,284.31,182.90,47.03,181.93,0.3837,-1,-1,-1
795,76,470.13,73.47,65.67,192.50,0.4335,-1,-1,-1
796,4,1722.93,452.23,73.44,211.75,0.7578,-1,-1,-1
796,60,288.25,513.11,77.88,233.25,0.7402,-1,-1,-1
796,63,882.68,949.26,65.61,130.71,0.7514,-1,-1,-1
796,64,1570.09,588.55,103.73,236.18,0.6230,-1,-1,-1
796,67,607.02,584.79,72.20,271.90,0.4861,-1,-1,-1
796,68,1019.21,615.48,75.62,245.06,0.8021,-1,-1,-1
796,69,1085.85,602.81,85.31,254.96,0.7898,-1,-1,-1
796,66,440.02,226.87,61.59,186.20,0.4974,-1,-1,-1
796,72,394.47,238.48,53.95,171.79,0.4845,-1,-1,-1
796,71,284.28,184.08,47.48,181.17,0.3458,-1,-1,-1
796,76,469.42,74.77,67.39,189.78,0.3838,-1,-1,-1
796,75,342.26,186.10,48.53,172.07,0.3591,-1,-1,-1
797,4,1723.41,451.61,73.08,213.25,0.7450,-1,-1,-1
797,60,288.00,515.36,76.78,233.33,0.7352,-1,-1,-1
797,63,882.26,948.23,64.81,131.75,0.7461,-1,-1,-1
797,64,1569.62,590.24,102.53,236.04,0.5980,-1,-1,-1
797,67,609.80,584.74,70.68,278.57,0.4508,-1,-1,-1
797,68,1017.30,614.50,74.98,246.84,0.8128,-1,-1,-1
797,69,1085.00,600.69,83.51,255.44,0.8018,-1,-1,-1
797,66,442.87,232.91,55.92,181.92,0.5165,-1,-1,-1
797,72,395.07,240.52,52.80,170.49,0.4827,-1,-1,-1
797,71,284.08,185.43,47.54,177.03,0.3084,-1,-1,-1
797,76,470.18,75.82,67.03,183.51,0.3105,-1,-1,-1
797,75,342.79,186.86,47.56,171.17,0.3615,-1,-1,-1
798,4,1723.37,451.73,72.92,212.80,0.7493,-1,-1,-1
798,60,287.38,516.49,76.79,235.51,0.7570,-1,-1,-1
798,63,882.18,946.84,63.39,133.13,0.7295,-1,-1,-1
798,64,1571.10,590.53,102.31,234.82,0.6813,-1,-1,-1
798,67,611.91,585.48,68.42,275.68,0.4425,-1,-1,-1
798,68,1016.04,613.58,74.82,247.14,0.8079,-1,-1,-1
798,69,1083.46,598.68,83.26,254.97,0.8042,-1,-1,-1
798,66,443.76,234.84,54.55,182.98,0.5096,-1,-1,-1
798,72,395.17,238.77,54.01,173.84,0.4818,-1,-1,-1
798,71,284.17,184.91,47.37,178.09,0.3240,-1,-1,-1
798,76,471.66,76.77,64.83,179.04,0.2668,-1,-1,-1
798,75,342.62,186.86,47.88,171.03,0.3554,-1,-1,-1
799,4,1723.92,451.86,71.89,212.37,0.7431,-1,-1,-1
799,60,286.67,518.98,76.65,234.43,0.7684,-1,-1,-1
799,63,882.21,945.48,61.94,134.43,0.7112,-1,-1,-1
799,64,1570.69,586.87,103.03,237.99,0.6099,-1,-1,-1
799,67,612.60,586.30,67.31,280.77,0.1580,-1,-1,-1
799,68,1014.32,614.97,73.49,245.85,0.7762,-1,-1,-1
799,69,1082.17,595.25,82.42,253.20,0.7762,-1,-1,-1
799,66,443.87,236.88,55.30,183.75,0.5635,-1,-1,-1
799,72,395.01,239.63,54.05,173.79,0.5211,-1,-1,-1
799,71,283.70,185.66,47.99,177.47,0.3131,-1,-1,-1
799,76,473.22,77.69,62.42,173.48,0.2886,-1,-1,-1
799,75,343.22,187.29,47.40,166.81,0.2713,-1,-1,-1
800,4,1723.43,452.05,72.30,211.58,0.7390,-1,-1,-1
800,60,285.40,521.91,76.84,236.23,0.7765,-1,-1,-1
800,63,882.46,944.39,60.95,135.59,0.6971,-1,-1,-1
800,64,1570.95,587.43,103.00,237.62,0.6165,-1,-1,-1
800,68,1012.20,614.91,73.90,245.08,0.7837,-1,-1,-1
800,69,1081.46,591.66,82.33,245.15,0.7349,-1,-1,-1
800,66,442.30,236.19,56.58,186.86,0.5498,-1,-1,-1
800,72,395.11,239.22,54.14,174.46,0.5141,-1,-1,-1
800,71,283.46,186.10,48.13,175.11,0.2995,-1,-1,-1
800,76,473.97,79.31,62.35,173.18,0.3130,-1,-1,-1
800,75,344.01,187.95,47.40,166.44,0.3340,-1,-1,-1
801,4,1722.83,452.38,72.78,212.13,0.7339,-1,-1,-1
801,60,283.90,523.22,77.06,236.70,0.8035,-1,-1,-1
801,63,881.89,943.06,61.03,136.94,0.6649,-1,-1,-1
801,64,1570.49,592.62,102.31,234.65,0.5835,-1,-1,-1
801,68,1009.20,613.28,74.60,244.34,0.7724,-1,-1,-1
801,69,1078.99,588.49,82.29,238.27,0.7592,-1,-1,-1
801,66,442.02,236.83,57.08,188.31,0.5207,-1,-1,-1
801,72,396.34,240.66,52.66,171.85,0.5210,-1,-1,-1
801,71,283.30,185.74,48.44,177.26,0.2863,-1,-1,-1
801,76,475.50,81.13,60.87,175.28,0.3017,-1,-1,-1
801,75,345.19,188.76,47.25,164.54,0.2844,-1,-1,-1
802,4,1722.73,452.03,72.83,211.77,0.7443,-1,-1,-1
802,60,282.66,524.35,76.51,235.64,0.8037,-1,-1,-1
802,63,882.04,941.82,59.76,138.13,0.6456,-1,-1,-1
802,64,1568.75,594.26,103.39,234.00,0.5782,-1,-1,-1
802,68,1008.56,611.69,73.23,245.24,0.7646,-1,-1,-1
802,69,1077.18,585.24,80.57,233.10,0.7485,-1,-1,-1
802,66,442.20,236.87,56.94,189.71,0.5692,-1,-1,-1
802,72,395.83,239.75,54.09,173.21,0.4900,-1,-1,-1
802,71,283.23,186.87,48.86,174.59,0.2525,-1,-1,-1
802,76,476.57,82.74,59.32,170.98,0.2240,-1,-1,-1
802,75,346.19,189.14,46.57,164.33,0.2895,-1,-1,-1
803,4,1722.60,452.57,72.84,211.96,0.7406,-1,-1,-1
803,60,281.64,525.42,76.75,234.99,0.7999,-1,-1,-1
803,63,881.39,942.13,59.09,137.86,0.6701,-1,-1,-1
803,64,1567.95,596.35,103.96,231.48,0.5040,-1,-1,-1
803,68,1006.63,609.25,73.89,246.64,0.7585,-1,-1,-1
803,69,1076.55,582.72,77.85,234.27,0.7597,-1,-1,-1
803,66,442.26,238.25,56.40,189.42,0.5478,-1,-1,-1
803,72,395.74,239.08,53.82,174.12,0.4962,-1,-1,-1
803,71,283.33,187.95,48.68,174.21,0.2562,-1,-1,-1
803,76,475.69,83.83,60.12,179.75,0.3117,-1,-1,-1
803,75,347.02,190.50,45.60,161.56,0.2444,-1,-1,-1
804,4,1722.42,452.57,73.01,212.20,0.7466,-1,-1,-1
804,60,280.81,526.79,75.75,233.44,0.7956,-1,-1,-1
804,63,880.71,941.34,59.63,138.67,0.6738,-1,-1,-1
804,64,1567.23,596.26,104.78,231.43,0.5803,-1,-1,-1
804,68,1004.33,606.27,74.07,245.85,0.7367,-1,-1,-1
804,69,1076.10,579.78,75.57,236.80,0.7574,-1,-1,-1
804,66,442.43,239.29,56.13,189.34,0.5598,-1,-1,-1
804,72,395.77,239.68,53.32,173.31,0.5354,-1,-1,-1
804,71,283.13,187.58,48.78,173.66,0.2703,-1,-1,-1
804,76,475.98,84.32,59.21,183.69,0.4084,-1,-1,-1
804,75,347.67,192.26,44.86,158.24,0.2692,-1,-1,-1
805,4,1721.72,453.00,73.90,212.34,0.7360,-1,-1,-1
805,60,279.26,527.63,76.36,232.70,0.8018,-1,-1,-1
805,63,880.58,939.76,59.98,140.28,0.6636,-1,-1,-1
805,64,1567.14,595.28,105.21,232.18,0.6026,-1,-1,-1
805,68,1002.31,602.90,72.76,241.70,0.7569,-1,-1,-1
805,69,1075.48,577.46,74.19,240.76,0.7711,-1,-1,-1
805,66,442.69,240.34,56.77,188.30,0.6113,-1,-1,-1
805,72,395.49,241.68,52.32,171.56,0.5300,-1,-1,-1
805,71,282.84,181.25,48.95,180.66,0.2591,-1,-1,-1
805,76,475.38,83.80,59.49,185.62,0.3924,-1,-1,-1
805,75,347.49,193.12,44.32,155.94,0.2773,-1,-1,-1
806,4,1721.64,452.71,74.16,212.34,0.7467,-1,-1,-1
806,60,277.91,528.60,77.06,231.80,0.8027,-1,-1,-1
806,63,880.41,938.65,60.34,141.44,0.6660,-1,-1,-1
806,64,1568.90,595.71,103.36,232.14,0.6058,-1,-1,-1
806,68,1000.18,600.04,72.08,238.93,0.7663,-1,-1,-1
806,69,1075.65,575.21,72.44,244.02,0.7756,-1,-1,-1
806,66,443.64,239.84,56.02,188.51,0.4956,-1,-1,-1
806,72,394.77,238.46,53.36,175.85,0.4840,-1,-1,-1
806,71,283.16,177.08,49.54,185.66,0.2643,-1,-1,-1
806,76,474.55,83.71,60.34,187.02,0.4025,-1,-1,-1
806,75,347.82,193.11,44.10,156.85,0.3197,-1,-1,-1
807,4,1721.71,453.73,75.04,212.78,0.7261,-1,-1,-1
807,60,277.22,529.35,77.36,230.51,0.7918,-1,-1,-1
807,63,880.30,937.56,59.84,142.47,0.6362,-1,-1,-1
807,64,1569.38,597.50,102.61,230.32,0.6048,-1,-1,-1
807,68,998.04,597.45,71.78,235.96,0.7667,-1,-1,-1
807,69,1074.81,573.85,72.14,244.98,0.7758,-1,-1,-1
807,66,443.95,239.34,55.59,188.06,0.4908,-1,-1,-1
807,72,393.97,238.46,54.46,178.05,0.4864,-1,-1,-1
807,71,282.90,182.99,49.90,180.04,0.3114,-1,-1,-1
807,76,475.97,83.55,60.05,188.15,0.3514,-1,-1,-1
807,75,348.02,192.99,43.56,155.34,0.2597,-1,-1,-1
808,4,1721.94,453.91,75.19,212.53,0.7252,-1,-1,-1
808,60,276.90,530.32,76.98,229.36,0.7946,-1,-1,-1
808,63,880.19,936.61,59.55,143.39,0.6371,-1,-1,-1
808,64,1570.24,594.25,103.86,231.69,0.6522,-1,-1,-1
808,68,997.21,595.29,70.40,232.52,0.7692,-1,-1,-1
808,69,1072.49,572.95,73.59,245.05,0.7735,-1,-1,-1
808,66,442.83,240.96,57.60,186.60,0.5661,-1,-1,-1
808,72,393.36,243.99,54.46,173.88,0.4969,-1,-1,-1
808,71,282.89,185.43,50.04,175.98,0.3020,-1,-1,-1
808,76,475.43,84.78,61.83,190.59,0.3447,-1,-1,-1
808,75,348.89,202.62,42.23,145.41,0.2167,-1,-1,-1
809,4,1721.81,455.10,75.00,210.73,0.7297,-1,-1,-1
809,60,276.04,531.68,77.34,228.63,0.8008,-1,-1,-1
809,63,880.38,936.67,59.14,143.20,0.6370,-1,-1,-1
809,64,1570.10,594.91,103.82,230.14,0.6825,-1,-1,-1
809,68,996.12,593.55,68.84,233.53,0.7697,-1,-1,-1
809,69,1069.95,572.60,75.27,245.76,0.7827,-1,-1,-1
809,66,440.41,240.84,60.56,186.58,0.5266,-1,-1,-1
809,72,392.10,247.11,54.72,174.21,0.4410,-1,-1,-1
809,71,283.04,186.68,49.80,177.01,0.3138,-1,-1,-1
809,76,473.89,84.32,63.97,192.32,0.2671,-1,-1,-1
809,75,349.05,199.87,42.87,148.75,0.2007,-1,-1,-1
810,4,1722.19,453.26,74.07,212.71,0.7340,-1,-1,-1
810,60,275.58,533.19,77.32,228.76,0.7915,-1,-1,-1
810,63,879.99,936.11,59.73,143.05,0.6510,-1,-1,-1
810,64,1570.07,595.75,104.04,229.22,0.6893,-1,-1,-1
810,68,994.76,592.21,69.11,235.61,0.7627,-1,-1,-1
810,69,1067.23,572.56,76.62,244.72,0.7690,-1,-1,-1
810,66,439.61,243.77,61.57,183.88,0.5847,-1,-1,-1
810,72,388.89,250.24,57.01,174.08,0.4381,-1,-1,-1
810,71,283.46,182.55,49.61,180.20,0.2833,-1,-1,-1
810,76,473.32,84.65,64.18,190.35,0.3249,-1,-1,-1
811,4,1722.39,452.65,73.39,212.19,0.7313,-1,-1,-1
811,60,275.08,535.06,77.86,230.56,0.7991,-1,-1,-1
811,63,879.12,935.56,61.96,143.38,0.6637,-1,-1,-1
811,64,1570.77,598.00,103.29,226.50,0.6999,-1,-1,-1
811,68,992.54,591.47,68.84,236.36,0.7654,-1,-1,-1
811,69,1065.71,571.44,77.04,245.54,0.7718,-1,-1,-1
811,66,439.62,244.42,61.93,183.82,0.5261,-1,-1,-1
811,72,390.10,252.07,56.08,175.00,0.4032,-1,-1,-1
811,71,283.87,179.81,49.53,181.12,0.2836,-1,-1,-1
811,76,473.06,84.40,66.00,193.96,0.3101,-1,-1,-1
812,4,1723.14,452.10,72.94,213.03,0.7280,-1,-1,-1
812,60,274.77,536.68,77.86,232.60,0.7987,-1,-1,-1
812,63,878.66,935.30,62.51,143.60,0.6738,-1,-1,-1
812,64,1571.26,595.41,102.44,228.79,0.6660,-1,-1,-1
812,68,991.47,590.49,67.54,238.03,0.7566,-1,-1,-1
812,69,1063.89,570.58,76.14,245.33,0.7598,-1,-1,-1
812,66,440.61,244.47,60.79,182.76,0.5487,-1,-1,-1
812,72,390.13,254.37,54.39,172.90,0.4489,-1,-1,-1
812,71,283.81,179.46,50.55,180.75,0.2839,-1,-1,-1
812,76,471.80,84.89,68.68,192.44,0.2398,-1,-1,-1
813,4,1723.31,451.99,72.75,213.11,0.7347,-1,-1,-1
813,60,273.92,538.28,78.17,236.12,0.7923,-1,-1,-1
813,63,877.98,935.42,63.48,143.55,0.6733,-1,-1,-1
813,64,1570.88,596.79,103.46,227.49,0.6661,-1,-1,-1
813,68,989.14,590.16,67.75,238.93,0.7701,-1,-1,-1
813,69,1063.11,569.28,74.55,246.87,0.7508,-1,-1,-1
813,66,440.22,242.85,60.93,184.30,0.4710,-1,-1,-1
813,72,389.52,256.08,53.77,173.54,0.4937,-1,-1,-1
813,71,283.62,175.93,50.87,182.10,0.2780,-1,-1,-1
813,76,472.06,87.31,67.11,187.15,0.2978,-1,-1,-1
814,4,1723.65,452.41,72.53,212.49,0.7231,-1,-1,-1
814,60,272.96,539.89,78.70,235.59,0.7850,-1,-1,-1
814,63,877.38,935.16,63.71,143.57,0.6511,-1,-1,-1
814,64,1571.09,597.20,103.27,227.45,0.6815,-1,-1,-1
814,68,986.90,589.34,67.30,236.90,0.7690,-1,-1,-1
814,69,1061.90,567.32,73.82,243.67,0.7253,-1,-1,-1
814,66,439.45,244.65,61.60,182.90,0.5469,-1,-1,-1
814,72,388.92,257.47,52.85,175.99,0.4727,-1,-1,-1
814,71,284.03,176.11,50.94,181.12,0.2726,-1,-1,-1
814,76,472.06,88.89,66.26,185.10,0.3125,-1,-1,-1
815,4,1723.75,452.76,72.39,211.66,0.7360,-1,-1,-1
815,60,272.37,541.98,78.70,235.46,0.7996,-1,-1,-1
815,63,877.23,934.87,63.85,144.14,0.6604,-1,-1,-1
815,64,1571.35,596.45,103.82,227.96,0.6789,-1,-1,-1
815,68,985.54,589.20,67.04,233.16,0.7668,-1,-1,-1
815,69,1061.10,565.50,71.72,235.71,0.7497,-1,-1,-1
815,66,438.46,244.47,62.75,185.47,0.4968,-1,-1,-1
815,72,388.28,259.81,52.34,174.88,0.4831,-1,-1,-1
815,71,284.38,181.76,51.51,176.50,0.3370,-1,-1,-1
815,76,471.98,89.69,64.93,184.69,0.3853,-1,-1,-1
816,4,1724.18,452.30,71.75,212.65,0.7306,-1,-1,-1
816,60,271.45,544.77,79.49,237.55,0.8064,-1,-1,-1
816,63,876.53,934.22,64.14,144.82,0.6881,-1,-1,-1
816,64,1571.82,596.57,103.09,227.92,0.6860,-1,-1,-1
816,68,983.45,588.37,67.97,227.98,0.7578,-1,-1,-1
816,69,1060.12,564.08,69.85,230.86,0.7784,-1,-1,-1
816,66,437.10,247.71,63.50,186.04,0.5220,-1,-1,-1
816,72,386.95,261.53,53.90,174.16,0.4869,-1,-1,-1
816,71,284.65,184.10,52.49,174.12,0.3141,-1,-1,-1
816,76,472.25,89.89,63.12,183.64,0.3827,-1,-1,-1
817,4,1723.74,454.20,72.49,210.22,0.7355,-1,-1,-1
817,60,270.94,547.66,80.04,236.45,0.8117,-1,-1,-1
817,63,875.97,933.92,63.60,144.90,0.6947,-1,-1,-1
817,64,1571.12,597.21,103.69,227.24,0.6832,-1,-1,-1
817,68,981.58,586.78,67.84,223.43,0.7637,-1,-1,-1
817,69,1058.45,561.34,67.81,229.62,0.8024,-1,-1,-1
817,66,437.46,250.71,62.37,184.89,0.5880,-1,-1,-1
817,72,386.31,264.03,54.65,170.58,0.5317,-1,-1,-1
817,71,285.27,184.55,53.26,172.85,0.2871,-1,-1,-1
817,76,472.66,91.33,61.77,184.05,0.4440,-1,-1,-1
818,4,1723.01,452.75,72.89,212.75,0.7291,-1,-1,-1
818,60,271.28,550.11,79.94,238.45,0.8095,-1,-1,-1
818,63,874.77,933.58,64.36,145.54,0.7191,-1,-1,-1
818,64,1569.94,594.55,104.47,230.31,0.6823,-1,-1,-1
818,68,980.60,585.58,67.17,218.30,0.7787,-1,-1,-1
818,69,1055.98,558.77,67.78,229.84,0.7992,-1,-1,-1
818,66,437.72,254.68,61.45,184.12,0.5598,-1,-1,-1
818,72,385.76,266.35,53.39,167.63,0.5093,-1,-1,-1
818,71,285.61,185.04,53.75,172.49,0.3161,-1,-1,-1
818,76,473.57,93.16,59.32,183.64,0.3772,-1,-1,-1
819,4,1723.33,453.43,73.29,212.48,0.7254,-1,-1,-1
819,60,271.84,551.70,79.25,238.92,0.7907,-1,-1,-1
819,63,873.65,934.12,65.81,145.19,0.7204,-1,-1,-1
819,64,1570.50,596.33,103.32,228.52,0.7097,-1,-1,-1
819,68,979.43,583.98,65.34,216.56,0.8196,-1,-1,-1
819,69,1052.09,555.02,70.61,233.34,0.8177,-1,-1,-1
819,66,436.90,255.96,61.28,185.94,0.6077,-1,-1,-1
819,72,384.76,265.57,53.85,167.55,0.5216,-1,-1,-1
819,71,286.20,185.22,55.77,173.02,0.2884,-1,-1,-1
819,76,473.11,94.70,59.03,186.46,0.4015,-1,-1,-1
820,4,1722.96,455.18,73.63,210.35,0.7247,-1,-1,-1
820,60,272.66,552.42,78.35,239.58,0.8012,-1,-1,-1
820,63,873.00,934.56,65.20,145.14,0.7121,-1,-1,-1
820,64,1570.65,596.22,103.58,228.39,0.7059,-1,-1,-1
820,68,977.34,580.52,65.51,217.91,0.8336,-1,-1,-1
820,69,1047.47,553.17,73.98,235.01,0.8185,-1,-1,-1
820,66,436.61,259.44,61.69,184.52,0.6611,-1,-1,-1
820,72,383.69,265.56,54.66,168.39,0.5371,-1,-1,-1
820,71,286.57,186.16,56.90,172.75,0.2756,-1,-1,-1
820,76,473.17,93.85,58.45,190.98,0.5040,-1,-1,-1
820,78,789.36,131.24,64.56,180.14,0.3460,-1,-1,-1
821,4,1723.37,453.38,72.81,212.10,0.7162,-1,-1,-1
821,60,272.81,553.07,78.39,238.82,0.7831,-1,-1,-1
821,63,872.87,934.60,65.16,145.32,0.7218,-1,-1,-1
821,64,1570.59,596.85,103.43,227.81,0.6981,-1,-1,-1
821,68,975.27,577.30,66.21,219.48,0.8350,-1,-1,-1
821,69,1044.28,551.58,77.04,235.83,0.8371,-1,-1,-1
821,66,435.51,260.56,62.84,187.12,0.6443,-1,-1,-1
821,72,382.20,265.26,55.31,169.96,0.5338,-1,-1,-1
821,71,286.91,185.04,57.58,174.67,0.2930,-1,-1,-1
821,76,472.83,90.45,59.14,198.52,0.4887,-1,-1,-1
821,78,789.20,132.62,64.56,179.28,0.3238,-1,-1,-1
822,4,1722.93,453.31,73.41,212.30,0.7219,-1,-1,-1
822,60,272.87,554.29,78.99,238.13,0.7676,-1,-1,-1
822,63,872.40,935.24,65.56,144.77,0.7199,-1,-1,-1
822,64,1571.67,596.40,102.65,228.07,0.7121,-1,-1,-1
822,68,973.25,574.20,67.28,216.16,0.8115,-1,-1,-1
822,69,1041.68,550.31,79.89,236.90,0.8328,-1,-1,-1
822,66,435.77,261.58,62.72,187.23,0.6091,-1,-1,-1
822,72,382.97,264.78,54.00,170.66,0.4873,-1,-1,-1
822,71,287.54,182.76,56.56,178.07,0.2751,-1,-1,-1
822,76,472.74,90.05,58.89,201.49,0.4755,-1,-1,-1
822,78,788.50,133.76,65.31,177.36,0.3746,-1,-1,-1
823,4,1722.61,453.31,73.42,212.45,0.7328,-1,-1,-1
823,60,273.02,555.09,79.26,237.17,0.7801,-1,-1,-1
823,63,871.94,936.03,65.22,143.97,0.7138,-1,-1,-1
823,64,1571.22,595.71,102.99,228.59,0.6896,-1,-1,-1
823,68,971.69,570.28,68.06,222.81,0.8126,-1,-1,-1
823,69,1040.48,549.21,82.02,239.58,0.8220,-1,-1,-1
823,66,436.90,262.13,61.45,187.21,0.6339,-1,-1,-1
823,72,381.64,267.39,55.35,168.59,0.5639,-1,-1,-1
823,71,288.18,183.54,57.09,176.90,0.2552,-1,-1,-1
823,76,471.95,91.01,59.85,201.65,0.4619,-1,-1,-1
823,78,788.37,134.21,65.73,177.27,0.3531,-1,-1,-1
824,4,1722.43,455.34,73.97,210.70,0.7123,-1,-1,-1
824,60,272.76,555.72,80.14,236.57,0.7698,-1,-1,-1
824,63,871.12,936.46,66.01,142.69,0.7265,-1,-1,-1
824,64,1570.81,596.21,103.81,228.33,0.6776,-1,-1,-1
824,68,968.13,568.27,68.95,228.60,0.7732,-1,-1,-1
824,69,1037.37,547.84,86.18,242.38,0.7980,-1,-1,-1
824,66,436.99,262.50,61.07,187.37,0.6669,-1,-1,-1
824,72,382.12,269.93,54.65,167.29,0.5496,-1,-1,-1
824,71,289.44,184.90,55.81,175.49,0.2141,-1,-1,-1
824,76,472.27,92.02,59.23,201.48,0.4805,-1,-1,-1
824,78,788.30,133.52,66.27,178.08,0.3810,-1,-1,-1
825,4,1721.83,454.66,75.02,211.59,0.7154,-1,-1,-1
825,60,272.30,557.19,80.81,234.78,0.7742,-1,-1,-1
825,63,870.35,937.18,65.95,142.25,0.6985,-1,-1,-1
825,64,1571.51,598.42,102.49,225.96,0.6944,-1,-1,-1
825,68,966.26,566.57,68.42,231.51,0.7745,-1,-1,-1
825,69,1035.93,547.67,90.13,244.07,0.7935,-1,-1,-1
825,66,436.58,262.98,61.23,187.46,0.6560,-1,-1,-1
825,72,381.89,271.30,54.35,168.09,0.5607,-1,-1,-1
825,71,290.49,182.10,55.80,177.81,0.3281,-1,-1,-1
825,76,471.88,93.64,59.73,200.50,0.4358,-1,-1,-1
825,78,790.01,133.89,64.83,177.93,0.3888,-1,-1,-1
826,4,1720.69,455.48,76.24,209.88,0.7347,-1,-1,-1
826,60,272.08,559.00,81.30,232.82,0.7890,-1,-1,-1
826,63,868.99,937.70,66.94,142.15,0.7043,-1,-1,-1
826,64,1572.13,597.29,102.28,226.74,0.6841,-1,-1,-1
826,68,964.05,565.06,68.41,233.62,0.7712,-1,-1,-1
826,69,1035.06,547.19,91.84,242.78,0.7725,-1,-1,-1
826,66,435.49,263.94,62.07,186.87,0.6904,-1,-1,-1
826,72,381.88,272.13,53.75,167.61,0.5283,-1,-1,-1
826,71,293.25,179.15,53.82,179.80,0.2603,-1,-1,-1
826,76,471.63,93.27,60.41,200.01,0.4358,-1,-1,-1
826,78,793.60,133.99,60.82,178.83,0.3371,-1,-1,-1
827,4,1720.89,454.74,76.31,210.82,0.7303,-1,-1,-1
827,60,271.79,560.31,81.74,231.55,0.7894,-1,-1,-1
827,63,868.77,938.82,67.32,141.23,0.7118,-1,-1,-1
827,64,1571.61,596.96,103.23,227.15,0.6698,-1,-1,-1
827,68,962.82,563.65,67.79,232.41,0.7662,-1,-1,-1
827,69,1033.72,546.49,92.99,242.13,0.7690,-1,-1,-1
827,66,435.74,264.77,61.51,185.75,0.6709,-1,-1,-1
827,72,380.53,272.37,54.61,168.67,0.5155,-1,-1,-1
827,71,294.93,181.59,55.30,176.59,0.2243,-1,-1,-1
827,76,471.23,95.58,61.08,197.03,0.4095,-1,-1,-1
827,78,791.69,132.58,63.96,179.79,0.3418,-1,-1,-1
828,4,1721.02,453.77,75.19,211.67,0.7416,-1,-1,-1
828,60,271.81,561.73,81.60,231.05,0.7897,-1,-1,-1
828,63,868.37,939.30,67.35,140.77,0.7060,-1,-1,-1
828,64,1572.45,596.22,102.67,228.02,0.6726,-1,-1,-1
828,68,960.28,562.88,68.76,231.40,0.7608,-1,-1,-1
828,69,1033.07,544.88,93.97,243.31,0.7913,-1,-1,-1
828,66,436.16,264.68,60.89,185.29,0.6805,-1,-1,-1
828,72,377.23,272.27,57.26,171.96,0.5264,-1,-1,-1
828,71,296.65,177.08,59.49,181.10,0.1906,-1,-1,-1
828,76,471.36,96.58,60.93,195.34,0.4337,-1,-1,-1
828,78,791.37,132.73,64.92,179.25,0.3351,-1,-1,-1
829,4,1721.59,453.14,74.39,212.28,0.7356,-1,-1,-1
829,60,271.73,562.66,81.66,233.03,0.7947,-1,-1,-1
829,63,869.38,939.51,66.04,140.55,0.7155,-1,-1,-1
829,64,1571.99,596.26,103.17,227.67,0.6824,-1,-1,-1
829,68,958.84,561.56,69.07,232.43,0.7777,-1,-1,-1
829,69,1032.03,543.26,93.11,243.90,0.7742,-1,-1,-1
829,66,436.36,264.76,60.71,185.19,0.6978,-1,-1,-1
829,72,377.40,272.74,57.17,174.59,0.5468,-1,-1,-1
829,71,298.45,177.94,61.26,180.81,0.1524,-1,-1,-1
829,76,471.94,98.49,60.51,195.87,0.4351,-1,-1,-1
829,78,793.01,133.31,64.50,178.73,0.3183,-1,-1,-1
830,4,1721.49,452.77,74.39,212.64,0.7458,-1,-1,-1
830,60,272.31,563.76,80.79,236.82,0.7990,-1,-1,-1
830,63,868.30,940.66,67.23,139.39,0.7040,-1,-1,-1
830,64,1572.21,594.54,102.51,229.36,0.6841,-1,-1,-1
830,68,958.07,561.47,68.26,232.52,0.7996,-1,-1,-1
830,69,1031.95,541.15,92.96,245.25,0.7964,-1,-1,-1
830,66,435.79,265.96,61.15,183.94,0.6679,-1,-1,-1
830,72,373.53,272.81,59.92,176.60,0.5586,-1,-1,-1
830,76,472.62,101.62,60.04,194.32,0.3677,-1,-1,-1
830,78,795.36,133.94,62.36,178.65,0.3170,-1,-1,-1
831,4,1721.60,454.84,75.00,210.86,0.7314,-1,-1,-1
831,60,272.37,565.87,80.41,240.93,0.8093,-1,-1,-1
831,63,868.81,941.31,66.53,138.75,0.7115,-1,-1,-1
831,64,1572.90,593.93,101.50,230.15,0.7001,-1,-1,-1
831,68,956.95,561.84,68.10,232.79,0.8019,-1,-1,-1
831,69,1031.39,538.74,92.30,246.58,0.7988,-1,-1,-1
831,66,435.46,266.75,61.36,183.88,0.6207,-1,-1,-1
831,72,371.88,273.73,60.31,179.49,0.5296,-1,-1,-1
831,76,471.91,103.39,62.59,194.59,0.3572,-1,-1,-1
831,78,798.07,134.28,59.24,179.49,0.3394,-1,-1,-1
832,4,1721.21,453.53,74.91,212.21,0.7499,-1,-1,-1
832,60,272.04,568.55,80.67,242.28,0.8219,-1,-1,-1
832,63,868.98,942.14,66.88,137.87,0.6851,-1,-1,-1
832,64,1573.25,592.77,101.54,231.25,0.6929,-1,-1,-1
832,68,955.30,561.86,68.23,231.85,0.7728,-1,-1,-1
832,69,1030.76,535.94,88.90,245.85,0.7805,-1,-1,-1
832,66,435.60,267.66,62.45,183.89,0.6227,-1,-1,-1
832,72,371.10,273.87,60.88,181.15,0.5159,-1,-1,-1
832,76,472.91,104.93,63.24,171.51,0.2592,-1,-1,-1
832,78,798.41,134.37,60.32,179.41,0.3397,-1,-1,-1
833,4,1720.67,453.09,75.29,212.95,0.7513,-1,-1,-1
833,60,271.13,571.22,81.13,243.64,0.8197,-1,-1,-1
833,63,869.11,943.19,67.20,136.81,0.7041,-1,-1,-1
833,64,1572.75,591.34,101.84,232.70,0.6643,-1,-1,-1
833,68,953.47,560.38,68.51,232.20,0.7714,-1,-1,-1
833,69,1030.30,533.41,86.47,236.53,0.7928,-1,-1,-1
833,66,435.43,267.75,62.90,186.35,0.6191,-1,-1,-1
833,72,369.82,272.68,61.93,183.66,0.4356,-1,-1,-1
833,76,473.90,106.21,63.23,152.42,0.2323,-1,-1,-1
833,78,798.71,134.96,60.45,178.17,0.3584,-1,-1,-1
834,4,1719.68,454.56,77.08,211.04,0.7542,-1,-1,-1
834,60,270.31,573.76,81.12,243.88,0.8161,-1,-1,-1
834,63,868.84,943.91,68.79,136.14,0.7142,-1,-1,-1
834,64,1572.17,590.45,102.99,233.71,0.6828,-1,-1,-1
834,68,951.61,555.70,68.88,237.24,0.7566,-1,-1,-1
834,69,1030.60,529.47,83.68,232.96,0.8008,-1,-1,-1
834,66,435.64,268.11,62.41,189.01,0.5849,-1,-1,-1
834,72,368.20,272.79,62.42,183.56,0.3894,-1,-1,-1
834,76,473.90,106.77,62.13,148.17,0.1746,-1,-1,-1
834,78,799.34,135.23,60.89,178.34,0.3470,-1,-1,-1
835,4,1719.59,453.58,77.72,213.24,0.7453,-1,-1,-1
835,60,270.06,576.09,79.87,244.99,0.8264,-1,-1,-1
835,63,867.90,943.61,71.08,136.41,0.6990,-1,-1,-1
835,64,1571.10,589.15,104.03,234.94,0.6455,-1,-1,-1
835,68,949.41,552.98,69.21,238.28,0.7588,-1,-1,-1
835,69,1030.61,526.37,80.99,231.72,0.7954,-1,-1,-1
835,66,437.25,270.44,61.07,189.27,0.6504,-1,-1,-1
835,72,370.94,277.94,58.94,176.30,0.4340,-1,-1,-1
835,76,474.47,107.90,63.17,144.13,0.1539,-1,-1,-1
835,78,802.59,135.35,57.80,176.96,0.3550,-1,-1,-1
836,4,1718.76,455.44,78.36,211.07,0.7407,-1,-1,-1
836,60,269.39,578.59,79.80,245.10,0.8160,-1,-1,-1
836,63,865.42,943.31,75.65,136.69,0.7306,-1,-1,-1
836,64,1570.68,590.33,104.20,233.99,0.6672,-1,-1,-1
836,68,948.54,550.39,68.23,230.86,0.7773,-1,-1,-1
836,69,1031.60,523.40,77.22,232.68,0.7916,-1,-1,-1
836,66,438.59,272.94,59.00,189.50,0.6299,-1,-1,-1
836,72,371.88,279.45,57.77,174.29,0.4681,-1,-1,-1
836,78,803.85,135.72,57.01,176.37,0.3888,-1,-1,-1
837,4,1719.66,454.45,77.60,212.84,0.7496,-1,-1,-1
837,60,268.60,580.26,79.65,244.70,0.8028,-1,-1,-1
837,63,865.12,943.38,76.72,136.61,0.7275,-1,-1,-1
837,64,1569.45,589.74,106.22,234.82,0.6250,-1,-1,-1
837,68,946.93,547.96,67.97,227.87,0.7744,-1,-1,-1
837,69,1032.41,520.65,73.58,233.51,0.7735,-1,-1,-1
837,66,439.93,276.57,57.10,188.00,0.6277,-1,-1,-1
837,72,371.33,280.10,58.18,173.29,0.4106,-1,-1,-1
837,78,801.45,135.20,61.43,177.66,0.3657,-1,-1,-1
838,4,1718.70,455.58,78.60,209.45,0.7585,-1,-1,-1
838,60,267.91,581.75,79.28,243.18,0.7859,-1,-1,-1
838,63,864.97,943.45,77.18,136.49,0.7208,-1,-1,-1
838,64,1570.58,591.23,105.12,233.00,0.6791,-1,-1,-1
838,68,945.00,545.89,67.34,227.53,0.7841,-1,-1,-1
838,69,1033.16,519.11,71.10,234.26,0.7756,-1,-1,-1
838,66,436.72,274.44,60.77,191.90,0.6384,-1,-1,-1
838,72,360.52,277.96,67.67,176.20,0.4528,-1,-1,-1
838,78,803.60,135.48,59.59,177.30,0.3662,-1,-1,-1
839,4,1719.40,453.58,76.95,211.49,0.7573,-1,-1,-1
839,60,266.64,583.06,79.80,241.29,0.7657,-1,-1,-1
839,63,864.97,942.79,77.75,136.96,0.7165,-1,-1,-1
839,64,1570.45,591.38,105.60,232.60,0.6137,-1,-1,-1
839,68,944.20,543.50,66.74,228.53,0.7773,-1,-1,-1
839,69,1033.91,518.63,69.81,234.63,0.7686,-1,-1,-1
839,66,436.24,276.28,61.09,191.43,0.6192,-1,-1,-1
839,72,366.45,280.18,60.98,173.43,0.4415,-1,-1,-1
839,78,804.36,136.55,60.01,176.49,0.3829,-1,-1,-1
840,4,1719.95,453.03,76.27,211.85,0.7559,-1,-1,-1
840,60,264.48,584.22,80.59,239.88,0.7395,-1,-1,-1
840,63,865.18,943.44,77.87,136.13,0.7148,-1,-1,-1
840,64,1570.01,593.25,106.34,231.00,0.6460,-1,-1,-1
840,68,942.88,541.52,66.54,228.97,0.7689,-1,-1,-1
840,69,1033.80,518.26,69.19,233.87,0.7631,-1,-1,-1
840,66,434.95,275.20,62.48,192.78,0.6562,-1,-1,-1
840,72,357.65,277.19,68.82,176.54,0.5059,-1,-1,-1
840,78,806.00,137.14,58.90,175.58,0.4503,-1,-1,-1
841,4,1719.83,452.46,76.50,212.44,0.7449,-1,-1,-1
841,60,263.13,585.37,81.52,237.90,0.7609,-1,-1,-1
841,63,866.35,943.57,78.46,135.94,0.7294,-1,-1,-1
841,64,1570.81,593.75,105.72,230.83,0.6776,-1,-1,-1
841,68,941.47,539.90,66.50,230.36,0.7721,-1,-1,-1
841,69,1032.64,517.87,68.93,233.36,0.7483,-1,-1,-1
841,66,436.53,278.07,59.32,191.32,0.6530,-1,-1,-1
841,72,355.96,276.19,69.74,178.66,0.5058,-1,-1,-1
841,78,804.53,136.45,62.47,175.48,0.3898,-1,-1,-1
841,76,473.11,107.99,61.76,192.81,0.3444,-1,-1,-1
842,4,1719.54,454.86,77.24,210.26,0.7272,-1,-1,-1
842,60,262.35,585.97,82.29,237.13,0.7748,-1,-1,-1
842,63,866.32,943.51,79.19,136.08,0.7153,-1,-1,-1
842,64,1572.04,594.38,104.75,230.04,0.6518,-1,-1,-1
842,68,939.76,538.91,66.07,231.85,0.7716,-1,-1,-1
842,69,1028.98,516.88,71.32,232.92,0.7373,-1,-1,-1
842,66,437.57,278.72,58.29,190.28,0.6421,-1,-1,-1
842,72,364.40,280.91,60.60,174.55,0.5131,-1,-1,-1
842,78,804.73,136.57,62.53,175.04,0.4144,-1,-1,-1
842,76,472.09,110.37,61.54,199.19,0.2916,-1,-1,-1
843,4,1718.84,455.61,78.53,209.05,0.7326,-1,-1,-1
843,60,261.08,586.81,83.57,236.07,0.7887,-1,-1,-1
843,63,866.67,943.69,80.08,135.79,0.7209,-1,-1,-1
843,64,1571.18,593.48,105.30,231.36,0.6284,-1,-1,-1
843,68,938.44,538.26,65.90,232.11,0.7837,-1,-1,-1
843,69,1025.23,516.43,74.24,233.19,0.7527,-1,-1,-1
843,66,438.02,280.47,58.43,188.46,0.6733,-1,-1,-1
843,72,366.09,282.69,59.48,175.20,0.5540,-1,-1,-1
843,78,805.94,137.09,62.12,174.91,0.3590,-1,-1,-1
843,76,470.02,110.33,63.29,203.04,0.3011,-1,-1,-1
844,4,1719.12,454.17,78.44,211.23,0.7412,-1,-1,-1
844,60,261.04,587.78,83.49,235.41,0.7974,-1,-1,-1
844,63,867.05,943.41,80.06,136.13,0.7208,-1,-1,-1
844,64,1571.38,592.70,104.04,232.02,0.6321,-1,-1,-1
844,68,937.65,536.66,65.56,233.26,0.7891,-1,-1,-1
844,69,1022.40,516.15,75.00,232.09,0.7795,-1,-1,-1
844,66,438.16,281.65,58.50,187.41,0.6716,-1,-1,-1
844,72,361.62,281.29,63.90,180.08,0.5285,-1,-1,-1
844,78,806.11,137.10,62.53,174.56,0.3834,-1,-1,-1
844,76,469.55,111.01,63.43,202.67,0.3061,-1,-1,-1
845,4,1718.26,455.85,78.81,208.85,0.7514,-1,-1,-1
845,60,260.96,588.50,83.61,235.40,0.7995,-1,-1,-1
845,63,866.66,943.49,80.67,136.00,0.7120,-1,-1,-1
845,64,1570.81,592.79,103.84,231.61,0.6418,-1,-1,-1
845,68,936.36,535.85,66.27,233.83,0.7750,-1,-1,-1
845,69,1021.49,516.17,73.52,229.79,0.7743,-1,-1,-1
845,66,438.50,281.37,57.81,188.03,0.6712,-1,-1,-1
845,72,360.91,282.53,64.02,181.42,0.5546,-1,-1,-1
845,78,805.85,137.41,63.29,174.29,0.3504,-1,-1,-1
845,76,468.53,112.52,64.12,203.94,0.1841,-1,-1,-1
846,4,1718.08,455.90,79.08,208.41,0.7434,-1,-1,-1
846,60,260.71,589.60,84.21,236.39,0.7939,-1,-1,-1
846,63,866.47,944.26,81.14,135.12,0.7197,-1,-1,-1
846,64,1570.26,594.51,104.24,229.86,0.6630,-1,-1,-1
846,68,934.72,535.09,66.79,232.83,0.7835,-1,-1,-1
846,69,1020.22,515.43,73.76,229.15,0.7743,-1,-1,-1
846,66,438.65,282.25,57.25,187.06,0.6581,-1,-1,-1
846,72,359.27,283.97,65.40,181.90,0.5688,-1,-1,-1
846,78,805.99,137.40,63.29,174.89,0.3674,-1,-1,-1
846,76,468.33,114.62,65.16,202.06,0.2123,-1,-1,-1
847,4,1717.73,454.62,79.93,210.12,0.7454,-1,-1,-1
847,60,260.59,592.57,84.61,236.38,0.7786,-1,-1,-1
847,63,866.70,944.55,81.88,134.94,0.6938,-1,-1,-1
847,64,1569.93,594.04,104.46,230.05,0.6545,-1,-1,-1
847,68,933.56,534.17,66.91,231.16,0.7623,-1,-1,-1
847,69,1018.89,513.26,73.23,232.38,0.7548,-1,-1,-1
847,66,439.06,281.95,56.39,186.49,0.6359,-1,-1,-1
847,72,358.91,287.25,65.52,180.44,0.5599,-1,-1,-1
847,78,803.57,137.95,67.32,174.66,0.3744,-1,-1,-1
847,76,467.74,117.75,67.92,200.45,0.1677,-1,-1,-1
848,4,1717.65,453.42,79.22,211.19,0.7519,-1,-1,-1
848,60,261.28,595.12,84.04,237.41,0.7984,-1,-1,-1
848,63,866.47,944.63,82.30,134.74,0.7062,-1,-1,-1
848,64,1570.15,593.80,104.60,230.01,0.6401,-1,-1,-1
848,68,932.68,532.71,66.56,230.54,0.7651,-1,-1,-1
848,69,1017.57,511.20,72.03,228.82,0.7525,-1,-1,-1
848,66,437.81,281.09,57.07,187.75,0.6348,-1,-1,-1
848,72,357.87,288.35,65.69,180.47,0.5680,-1,-1,-1
848,78,803.85,138.86,68.21,173.49,0.3565,-1,-1,-1
848,76,468.96,118.03,67.05,192.09,0.2095,-1,-1,-1
849,4,1717.76,453.49,79.45,211.12,0.7520,-1,-1,-1
849,60,261.53,597.22,84.14,240.92,0.7930,-1,-1,-1
849,63,866.40,945.10,82.97,134.16,0.6869,-1,-1,-1
849,64,1571.97,594.41,102.94,229.84,0.6753,-1,-1,-1
849,68,931.87,530.49,65.77,231.01,0.7692,-1,-1,-1
849,69,1015.79,509.35,69.38,224.13,0.7447,-1,-1,-1
849,66,437.20,280.13,56.95,188.85,0.6427,-1,-1,-1
849,72,356.08,292.54,67.27,178.23,0.6082,-1,-1,-1
849,78,805.75,138.04,66.15,174.01,0.3704,-1,-1,-1
849,76,469.27,116.83,67.01,190.88,0.2018,-1,-1,-1
850,4,1718.25,453.30,78.98,212.62,0.7482,-1,-1,-1
850,60,261.69,599.32,84.38,241.40,0.7985,-1,-1,-1
850,63,866.90,945.13,82.93,133.80,0.6974,-1,-1,-1
850,64,1572.49,594.86,102.99,229.43,0.6768,-1,-1,-1
850,68,931.41,527.98,64.32,231.95,0.7859,-1,-1,-1
850,69,1013.79,506.69,68.02,224.08,0.8031,-1,-1,-1
850,66,437.60,277.79,59.33,194.10,0.6309,-1,-1,-1
850,72,353.75,295.98,69.55,176.63,0.5993,-1,-1,-1
850,78,806.93,137.77,65.14,174.26,0.3724,-1,-1,-1
850,76,469.17,119.88,65.11,190.13,0.2560,-1,-1,-1
851,4,1717.76,452.91,78.68,211.50,0.7407,-1,-1,-1
851,60,261.89,600.94,84.59,242.63,0.8083,-1,-1,-1
851,63,867.58,945.14,83.57,133.73,0.7021,-1,-1,-1
851,64,1572.45,593.95,103.15,230.34,0.6590,-1,-1,-1
851,68,929.68,525.81,64.58,234.25,0.7966,-1,-1,-1
851,69,1009.73,504.04,69.28,224.64,0.8157,-1,-1,-1
851,66,437.98,283.02,57.91,191.85,0.6276,-1,-1,-1
851,72,351.81,298.34,70.94,174.82,0.5639,-1,-1,-1
851,78,804.95,138.76,67.90,172.91,0.3804,-1,-1,-1
851,76,469.17,122.70,63.33,190.43,0.3289,-1,-1,-1
852,4,1717.50,455.29,79.40,209.40,0.7367,-1,-1,-1
852,60,263.46,603.27,83.60,243.51,0.8042,-1,-1,-1
852,63,868.39,945.15,83.59,133.80,0.7008,-1,-1,-1
852,64,1571.35,593.79,104.53,230.39,0.6423,-1,-1,-1
852,68,928.61,523.25,63.81,222.47,0.7426,-1,-1,-1
852,69,1007.38,502.01,69.24,225.66,0.8067,-1,-1,-1
852,66,437.76,287.21,56.14,189.47,0.5885,-1,-1,-1
852,72,349.84,298.93,72.50,175.25,0.5338,-1,-1,-1
852,78,807.44,138.03,65.04,173.46,0.3584,-1,-1,-1
852,76,468.01,123.76,63.83,189.39,0.4052,-1,-1,-1
853,4,1718.59,454.00,78.87,210.69,0.7236,-1,-1,-1
853,60,264.43,605.88,83.94,243.92,0.8003,-1,-1,-1
853,63,868.64,945.19,83.44,133.98,0.6998,-1,-1,-1
853,64,1570.87,593.34,104.26,230.95,0.6007,-1,-1,-1
853,68,926.97,520.81,65.15,213.84,0.7779,-1,-1,-1
853,69,1003.55,500.41,71.21,226.73,0.8231,-1,-1,-1
853,66,437.12,290.42,57.56,188.95,0.5942,-1,-1,-1
853,72,347.71,298.46,73.88,176.55,0.4830,-1,-1,-1
853,78,807.40,137.86,64.56,174.52,0.3890,-1,-1,-1
853,76,465.54,123.73,65.89,192.94,0.4543,-1,-1,-1
854,4,1717.56,456.00,79.83,208.46,0.7261,-1,-1,-1
854,60,264.67,607.10,84.58,245.36,0.8175,-1,-1,-1
854,63,868.74,944.97,83.80,133.99,0.7023,-1,-1,-1
854,64,1569.15,593.95,106.05,230.27,0.5999,-1,-1,-1
854,68,926.49,518.22,65.49,217.45,0.7967,-1,-1,-1
854,69,998.67,498.75,75.12,228.66,0.8228,-1,-1,-1
854,66,437.20,289.73,57.59,192.76,0.6084,-1,-1,-1
854,72,347.07,297.50,73.49,177.69,0.4767,-1,-1,-1
854,78,807.50,137.81,64.59,174.60,0.3739,-1,-1,-1
854,76,463.19,122.68,67.90,196.67,0.4866,-1,-1,-1
855,4,1717.29,456.48,80.07,207.81,0.7336,-1,-1,-1
855,60,266.11,608.72,84.05,246.01,0.8214,-1,-1,-1
855,63,869.58,944.63,83.20,134.24,0.7195,-1,-1,-1
855,64,1569.88,593.11,105.33,231.12,0.6227,-1,-1,-1
855,68,925.97,515.56,65.08,219.95,0.7904,-1,-1,-1
855,69,996.84,496.87,76.48,230.78,0.7963,-1,-1,-1
855,66,436.29,290.74,58.42,194.10,0.6364,-1,-1,-1
855,72,344.43,300.01,74.91,175.58,0.4915,-1,-1,-1
855,78,807.15,137.68,65.03,175.85,0.3574,-1,-1,-1
855,76,464.59,123.96,66.28,197.67,0.5021,-1,-1,-1
856,4,1717.30,456.98,80.41,208.75,0.7428,-1,-1,-1
856,60,266.99,610.19,83.97,244.31,0.8048,-1,-1,-1
856,63,871.36,944.49,82.06,134.17,0.7284,-1,-1,-1
856,64,1570.87,592.35,105.01,232.13,0.6383,-1,-1,-1
856,68,925.08,512.61,65.26,222.26,0.8040,-1,-1,-1
856,69,995.20,495.27,78.93,232.78,0.8202,-1,-1,-1
856,66,435.73,292.20,58.39,195.18,0.6013,-1,-1,-1
856,72,343.97,299.81,74.28,176.72,0.4824,-1,-1,-1
856,78,807.14,137.27,64.70,175.55,0.3599,-1,-1,-1
856,76,466.46,125.03,63.95,196.71,0.4602,-1,-1,-1
857,4,1718.04,455.54,79.23,211.55,0.7293,-1,-1,-1
857,60,268.49,611.07,83.17,242.55,0.7872,-1,-1,-1
857,63,872.57,943.91,80.77,134.67,0.7172,-1,-1,-1
857,64,1571.64,592.39,104.70,232.12,0.6289,-1,-1,-1
857,68,922.18,510.89,66.46,224.66,0.7819,-1,-1,-1
857,69,994.64,494.54,80.28,234.26,0.8034,-1,-1,-1
857,66,435.07,293.83,59.10,195.21,0.6069,-1,-1,-1
857,72,347.50,303.34,69.21,171.60,0.5089,-1,-1,-1
857,78,807.61,137.44,63.96,174.74,0.3360,-1,-1,-1
857,76,467.84,127.67,62.45,196.84,0.4170,-1,-1,-1
858,4,1717.14,456.94,80.12,209.46,0.7340,-1,-1,-1
858,60,269.82,611.89,82.80,242.39,0.7962,-1,-1,-1
858,63,873.46,943.59,80.36,135.16,0.7255,-1,-1,-1
858,64,1572.75,594.00,103.34,230.45,0.6804,-1,-1,-1
858,68,920.56,509.74,66.66,224.27,0.7668,-1,-1,-1
858,69,991.59,493.88,83.65,235.12,0.7997,-1,-1,-1
858,66,433.19,294.23,63.47,194.76,0.5712,-1,-1,-1
858,72,346.02,304.23,71.82,172.59,0.5352,-1,-1,-1
858,78,806.49,137.42,65.05,173.73,0.3390,-1,-1,-1
858,76,468.06,129.93,62.46,196.17,0.3979,-1,-1,-1
859,4,1715.78,457.41,81.47,209.63,0.7308,-1,-1,-1
859,60,269.70,611.67,84.18,243.36,0.8008,-1,-1,-1
859,63,874.62,943.78,79.71,135.23,0.7379,-1,-1,-1
859,64,1572.99,593.88,103.51,230.69,0.6460,-1,-1,-1
859,68,918.62,507.28,66.71,226.86,0.7696,-1,-1,-1
859,69,991.36,493.95,84.19,234.69,0.7927,-1,-1,-1
859,66,434.43,298.25,61.13,190.27,0.5971,-1,-1,-1
859,72,345.61,303.93,72.96,173.58,0.5205,-1,-1,-1
859,78,807.17,137.26,64.31,173.81,0.3454,-1,-1,-1
859,76,469.47,132.27,61.90,195.24,0.3143,-1,-1,-1
860,4,1715.62,456.69,81.42,209.91,0.7424,-1,-1,-1
860,60,270.03,612.07,84.70,242.33,0.8106,-1,-1,-1
860,63,875.38,942.76,79.59,136.59,0.7249,-1,-1,-1
860,64,1572.72,593.54,104.19,230.66,0.6052,-1,-1,-1
860,68,916.81,505.47,66.81,228.52,0.7682,-1,-1,-1
860,69,989.10,493.46,86.60,234.96,0.7726,-1,-1,-1
860,66,434.17,300.12,60.08,189.11,0.6099,-1,-1,-1
860,72,345.47,302.02,73.42,176.98,0.5333,-1,-1,-1
860,78,806.49,137.61,64.88,172.89,0.3372,-1,-1,-1
860,76,468.92,132.86,63.04,195.45,0.4127,-1,-1,-1
860,80,1403.41,1017.42,68.76,62.41,0.5021,-1,-1,-1
861,4,1715.13,456.49,82.24,209.73,0.7502,-1,-1,-1
861,60,270.14,613.11,85.67,241.17,0.8141,-1,-1,-1
861,63,876.47,942.91,79.93,136.90,0.7457,-1,-1,-1
861,64,1572.36,597.01,103.34,227.23,0.6541,-1,-1,-1
861,68,915.29,503.27,66.58,231.27,0.7792,-1,-1,-1
861,69,988.15,492.71,87.79,234.77,0.7825,-1,-1,-1
861,66,432.03,300.40,63.08,188.53,0.5885,-1,-1,-1
861,72,347.16,302.46,69.20,178.04,0.5316,-1,-1,-1
861,78,806.23,137.58,64.92,173.11,0.3155,-1,-1,-1
861,76,469.09,132.76,63.55,196.06,0.4183,-1,-1,-1
861,80,1400.65,1015.57,73.78,64.38,0.5852,-1,-1,-1
862,4,1715.64,456.61,82.14,210.26,0.7354,-1,-1,-1
862,60,270.16,613.26,85.52,240.50,0.8133,-1,-1,-1
862,63,877.71,943.55,78.98,136.46,0.7283,-1,-1,-1
862,64,1571.94,597.01,104.32,226.97,0.6380,-1,-1,-1
862,68,914.49,501.91,66.14,233.25,0.7651,-1,-1,-1
862,69,988.05,491.34,86.06,234.49,0.7788,-1,-1,-1
862,66,432.93,300.11,60.88,187.53,0.5818,-1,-1,-1
862,72,347.77,303.20,67.82,180.37,0.4917,-1,-1,-1
862,78,806.92,137.45,63.88,174.08,0.3178,-1,-1,-1
862,76,470.30,133.10,64.04,196.53,0.4270,-1,-1,-1
862,80,1394.48,1012.94,80.10,67.07,0.6171,-1,-1,-1
863,4,1716.10,456.59,81.64,210.33,0.7412,-1,-1,-1
863,60,270.32,613.65,85.74,240.63,0.8160,-1,-1,-1
863,63,879.31,942.77,78.28,136.98,0.7321,-1,-1,-1
863,64,1571.66,595.30,104.79,228.54,0.6396,-1,-1,-1
863,68,913.14,500.81,66.07,233.01,0.7730,-1,-1,-1
863,69,988.44,489.35,85.48,235.00,0.7992,-1,-1,-1
863,66,432.71,301.06,60.61,187.34,0.5948,-1,-1,-1
863,72,346.98,306.68,68.05,180.41,0.5692,-1,-1,-1
863,78,805.84,138.09,64.83,173.08,0.2907,-1,-1,-1
863,76,471.31,134.07,64.89,194.06,0.3790,-1,-1,-1
863,80,1390.50,1009.84,82.89,70.17,0.6324,-1,-1,-1
864,4,1716.20,457.12,82.10,209.98,0.7389,-1,-1,-1
864,60,270.92,614.89,85.67,240.06,0.8133,-1,-1,-1
864,63,880.64,942.55,78.27,137.07,0.7422,-1,-1,-1
864,64,1572.36,594.58,104.53,229.15,0.6338,-1,-1,-1
864,68,912.58,500.14,65.66,232.64,0.7635,-1,-1,-1
864,69,986.53,486.74,85.18,235.96,0.8030,-1,-1,-1
864,66,432.50,302.39,61.54,187.04,0.5664,-1,-1,-1
864,72,346.74,309.22,67.34,179.27,0.5451,-1,-1,-1
864,78,805.92,138.18,64.95,173.17,0.2932,-1,-1,-1
864,76,472.36,136.47,64.57,189.97,0.3038,-1,-1,-1
864,80,1387.13,1005.81,85.56,74.21,0.6629,-1,-1,-1
864,81,1083.80,0.01,57.41,126.59,0.3951,-1,-1,-1
865,4,1716.89,456.82,81.35,208.68,0.7301,-1,-1,-1
865,60,272.39,617.36,84.65,243.11,0.8342,-1,-1,-1
865,63,882.02,942.64,78.52,137.24,0.7300,-1,-1,-1
865,64,1572.01,594.26,104.97,229.57,0.6471,-1,-1,-1
865,68,911.23,498.89,65.49,229.68,0.7620,-1,-1,-1
865,69,985.80,484.46,84.32,235.90,0.7994,-1,-1,-1
865,66,432.23,303.14,62.38,186.91,0.5807,-1,-1,-1
865,72,346.64,311.86,69.06,179.06,0.5938,-1,-1,-1
865,78,806.71,137.61,63.52,173.63,0.2982,-1,-1,-1
865,76,472.43,138.15,64.60,186.88,0.2995,-1,-1,-1
865,80,1384.36,1001.82,88.98,78.14,0.6825,-1,-1,-1
865,81,1084.55,1.11,57.53,127.63,0.3846,-1,-1,-1
866,4,1717.83,456.93,80.44,208.86,0.7195,-1,-1,-1
866,60,273.38,619.51,83.97,246.73,0.8294,-1,-1,-1
866,63,883.28,942.61,79.47,137.37,0.7354,-1,-1,-1
866,64,1572.16,594.31,104.99,229.29,0.6126,-1,-1,-1
866,68,909.66,497.37,66.10,227.42,0.7879,-1,-1,-1
866,69,984.79,481.84,84.03,234.54,0.7924,-1,-1,-1
866,66,432.23,303.99,62.66,186.34,0.5394,-1,-1,-1
866,72,345.33,313.69,70.89,178.17,0.5720,-1,-1,-1
866,78,805.69,137.55,64.48,172.72,0.3059,-1,-1,-1
866,76,472.08,138.63,64.38,185.95,0.3209,-1,-1,-1
866,80,1381.78,998.22,91.63,81.76,0.6804,-1,-1,-1
866,81,1085.54,1.30,57.51,130.99,0.3089,-1,-1,-1
867,4,1718.10,456.95,80.22,209.75,0.7130,-1,-1,-1
867,60,273.92,620.77,84.05,249.85,0.8261,-1,-1,-1
867,63,885.64,941.97,79.03,138.02,0.7371,-1,-1,-1
867,64,1572.40,593.34,104.61,230.30,0.6158,-1,-1,-1
867,68,907.23,496.15,67.73,223.06,0.7791,-1,-1,-1
867,69,984.20,478.75,83.06,230.52,0.7732,-1,-1,-1
867,66,432.39,301.76,60.65,189.55,0.5465,-1,-1,-1
867,72,345.09,317.49,70.20,175.70,0.5582,-1,-1,-1
867,78,805.08,137.43,64.32,172.47,0.3255,-1,-1,-1
867,76,471.96,138.10,63.21,185.75,0.3146,-1,-1,-1
867,80,1380.26,994.26,93.27,85.73,0.6755,-1,-1,-1
867,81,1086.11,0.43,57.34,133.43,0.3158,-1,-1,-1
868,4,1718.31,456.89,79.35,209.16,0.7020,-1,-1,-1
868,60,273.28,622.11,85.31,252.43,0.8356,-1,-1,-1
868,63,888.02,941.57,78.76,138.45,0.7426,-1,-1,-1
868,64,1573.31,592.68,103.05,230.67,0.6526,-1,-1,-1
868,68,904.90,494.71,68.96,219.72,0.7652,-1,-1,-1
868,69,985.71,475.98,79.31,224.41,0.7793,-1,-1,-1
868,66,432.74,300.97,58.84,194.93,0.5583,-1,-1,-1
868,72,344.84,318.33,69.72,175.13,0.5313,-1,-1,-1
868,78,805.29,137.87,64.21,173.01,0.2842,-1,-1,-1
868,76,470.63,138.74,64.38,183.12,0.2258,-1,-1,-1
868,80,1379.11,988.92,94.43,91.07,0.6574,-1,-1,-1
868,81,1087.26,0.11,54.83,135.29,0.3574,-1,-1,-1
869,4,1718.32,457.19,79.79,208.84,0.7088,-1,-1,-1
869,60,273.52,624.66,85.63,250.29,0.8312,-1,-1,-1
869,63,891.57,941.02,77.92,139.00,0.7291,-1,-1,-1
869,64,1573.26,593.76,103.33,229.67,0.6356,-1,-1,-1
869,68,903.17,492.75,70.32,214.86,0.7704,-1,-1,-1
869,69,987.01,473.38,75.91,223.98,0.7588,-1,-1,-1
869,66,432.23,301.83,60.34,198.01,0.4980,-1,-1,-1
869,72,346.11,316.12,68.66,176.95,0.4887,-1,-1,-1
869,78,805.84,137.59,63.85,174.14,0.2824,-1,-1,-1
869,76,469.29,139.24,64.97,178.11,0.2411,-1,-1,-1
869,80,1378.91,984.78,94.10,95.19,0.6839,-1,-1,-1
869,81,1087.76,0.42,53.68,135.09,0.3376,-1,-1,-1
870,4,1718.03,457.79,80.14,206.73,0.7184,-1,-1,-1
870,60,273.94,627.23,85.78,251.24,0.8334,-1,-1,-1
870,63,894.05,940.70,76.91,139.26,0.7350,-1,-1,-1
870,64,1573.95,594.43,102.53,229.30,0.6507,-1,-1,-1
870,68,901.42,490.92,70.44,214.86,0.7288,-1,-1,-1
870,69,988.68,471.99,71.52,223.30,0.7479,-1,-1,-1
870,66,433.86,311.22,57.66,193.33,0.5620,-1,-1,-1
870,72,354.73,318.24,61.49,173.20,0.5095,-1,-1,-1
870,78,806.86,137.22,62.64,174.87,0.2737,-1,-1,-1
870,76,467.42,139.36,66.94,175.73,0.2071,-1,-1,-1
870,80,1378.63,982.32,93.84,97.64,0.7184,-1,-1,-1
870,81,1087.99,0.10,52.43,135.34,0.3204,-1,-1,-1
871,4,1717.66,457.62,80.56,207.88,0.7024,-1,-1,-1
871,60,275.04,630.06,85.69,253.68,0.8329,-1,-1,-1
871,63,896.57,941.40,75.55,138.65,0.7383,-1,-1,-1
871,64,1573.81,594.63,102.23,229.73,0.6152,-1,-1,-1
871,68,899.81,488.71,70.59,215.18,0.7345,-1,-1,-1
871,69,989.24,469.87,68.73,224.64,0.7531,-1,-1,-1
871,66,434.68,314.81,55.87,191.40,0.5787,-1,-1,-1
871,72,355.66,316.81,59.54,175.45,0.4938,-1,-1,-1
871,78,806.51,137.40,62.48,175.43,0.2903,-1,-1,-1
871,76,467.93,142.52,67.35,185.31,0.2088,-1,-1,-1
871,80,1377.40,979.70,94.40,100.32,0.7134,-1,-1,-1
871,81,1088.15,0.05,51.49,134.92,0.3006,-1,-1,-1
872,4,1717.30,457.95,80.83,208.13,0.7101,-1,-1,-1
872,60,276.80,632.70,83.71,254.93,0.8345,-1,-1,-1
872,63,898.13,941.55,76.02,138.53,0.7319,-1,-1,-1
872,64,1572.22,595.55,103.73,228.82,0.6097,-1,-1,-1
872,68,898.26,487.39,70.94,216.43,0.7402,-1,-1,-1
872,69,988.83,468.38,67.47,225.83,0.7477,-1,-1,-1
872,66,434.43,317.38,55.06,191.68,0.5833,-1,-1,-1
872,72,355.90,314.65,58.41,178.35,0.4973,-1,-1,-1
872,78,806.14,137.90,62.88,175.36,0.2937,-1,-1,-1
872,76,464.00,142.18,71.65,195.71,0.2777,-1,-1,-1
872,80,1375.42,976.62,96.13,103.42,0.7117,-1,-1,-1
872,81,1087.63,0.02,51.99,136.88,0.3737,-1,-1,-1
873,4,1717.15,458.12,80.73,207.90,0.7080,-1,-1,-1
873,60,277.10,634.15,83.84,255.43,0.8348,-1,-1,-1
873,63,900.17,941.56,76.19,138.50,0.7335,-1,-1,-1
873,64,1571.38,596.07,104.75,228.11,0.5866,-1,-1,-1
873,68,897.79,486.38,70.72,219.09,0.7343,-1,-1,-1
873,69,989.22,467.64,66.20,225.21,0.7412,-1,-1,-1
873,66,433.78,317.31,56.94,193.39,0.6029,-1,-1,-1
873,72,355.98,314.89,57.99,177.66,0.5168,-1,-1,-1
873,78,805.91,137.95,62.59,174.25,0.2890,-1,-1,-1
873,76,464.87,141.62,70.48,198.24,0.2949,-1,-1,-1
873,80,1373.32,974.54,97.14,105.49,0.7210,-1,-1,-1
873,81,1087.42,1.51,52.81,140.85,0.3505,-1,-1,-1
874,4,1718.09,458.35,79.80,208.04,0.6924,-1,-1,-1
874,60,277.29,635.17,84.97,255.10,0.8304,-1,-1,-1
874,63,900.72,941.01,76.87,138.98,0.7366,-1,-1,-1
874,64,1572.13,596.97,104.45,227.26,0.6298,-1,-1,-1
874,68,897.63,484.13,70.07,221.02,0.7175,-1,-1,-1
874,69,989.58,467.17,65.74,224.96,0.7300,-1,-1,-1
874,66,432.27,315.03,58.72,195.83,0.6155,-1,-1,-1
874,72,355.55,315.26,56.89,177.69,0.5340,-1,-1,-1
874,78,804.74,137.63,63.02,174.06,0.2804,-1,-1,-1
874,76,467.11,143.13,69.48,198.05,0.2872,-1,-1,-1
874,80,1371.31,973.48,97.71,106.54,0.7276,-1,-1,-1
874,81,1087.37,1.20,54.20,141.54,0.3402,-1,-1,-1
875,4,1717.96,458.47,79.55,207.26,0.6881,-1,-1,-1
875,60,279.19,635.87,83.70,253.93,0.8215,-1,-1,-1
875,63,902.28,940.32,76.50,139.69,0.7270,-1,-1,-1
875,64,1572.51,597.28,104.14,226.55,0.6244,-1,-1,-1
875,68,896.28,482.97,69.62,220.99,0.7285,-1,-1,-1
875,69,989.85,466.86,65.31,225.14,0.7283,-1,-1,-1
875,66,431.82,313.45,59.75,197.89,0.5709,-1,-1,-1
875,72,355.18,317.89,57.71,175.67,0.5192,-1,-1,-1
875,78,804.41,137.74,62.82,174.11,0.2884,-1,-1,-1
875,76,468.38,144.96,68.81,198.35,0.2619,-1,-1,-1
875,80,1369.98,971.92,97.43,108.09,0.7072,-1,-1,-1
875,81,1086.91,0.46,55.95,143.56,0.2980,-1,-1,-1
876,4,1718.55,458.07,79.19,207.55,0.6895,-1,-1,-1
876,60,279.89,636.44,84.63,253.75,0.8137,-1,-1,-1
876,63,902.46,940.08,78.08,139.94,0.7458,-1,-1,-1
876,64,1572.95,598.20,102.73,225.58,0.6197,-1,-1,-1
876,68,895.70,482.33,68.83,222.38,0.7299,-1,-1,-1
876,69,989.40,466.95,65.13,225.98,0.7277,-1,-1,-1
876,66,431.84,314.03,59.86,196.78,0.5743,-1,-1,-1
876,72,353.78,319.21,60.65,175.93,0.4857,-1,-1,-1
876,78,804.28,137.29,62.45,173.35,0.2768,-1,-1,-1
876,76,468.43,145.73,68.75,195.29,0.2934,-1,-1,-1
876,80,1367.76,970.62,97.76,109.37,0.7048,-1,-1,-1
876,81,1086.84,0.19,57.13,146.21,0.3061,-1,-1,-1
877,4,1718.56,458.07,79.41,207.59,0.6722,-1,-1,-1
877,60,281.12,637.53,83.04,253.10,0.7987,-1,-1,-1
877,63,903.03,939.45,78.25,140.55,0.7298,-1,-1,-1
877,64,1573.15,597.79,103.04,226.17,0.6011,-1,-1,-1
877,68,895.36,482.16,68.72,223.13,0.7212,-1,-1,-1
877,69,987.72,466.15,66.23,226.90,0.7179,-1,-1,-1
877,66,431.15,314.36,61.09,195.75,0.5503,-1,-1,-1
877,72,353.67,321.06,60.38,177.47,0.5164,-1,-1,-1
877,78,805.66,136.91,60.66,173.99,0.2806,-1,-1,-1
877,76,469.09,148.10,68.47,190.88,0.2864,-1,-1,-1
877,80,1365.56,968.44,98.53,111.56,0.6993,-1,-1,-1
877,81,1086.54,0.06,58.43,148.59,0.3408,-1,-1,-1
878,4,1719.18,457.68,78.41,207.52,0.6348,-1,-1,-1
878,60,282.37,638.88,84.12,251.98,0.7850,-1,-1,-1
878,63,903.87,939.20,79.50,140.79,0.7349,-1,-1,-1
878,64,1573.74,597.32,102.44,226.98,0.5762,-1,-1,-1
878,68,895.08,480.77,67.79,224.06,0.7169,-1,-1,-1
878,69,987.20,465.16,65.87,226.75,0.7103,-1,-1,-1
878,66,430.01,316.28,61.39,194.33,0.5511,-1,-1,-1
878,72,354.88,321.56,58.84,181.13,0.4853,-1,-1,-1
878,78,806.57,136.53,59.59,174.96,0.2770,-1,-1,-1
878,76,469.59,148.69,67.96,190.46,0.1958,-1,-1,-1
878,80,1362.19,966.18,101.19,113.81,0.7178,-1,-1,-1
878,81,1086.01,0.02,59.87,149.71,0.4427,-1,-1,-1
879,4,1719.28,457.23,78.35,207.95,0.6268,-1,-1,-1
879,60,283.17,640.37,85.22,250.56,0.7807,-1,-1,-1
879,63,903.85,938.97,80.45,141.01,0.7361,-1,-1,-1
879,64,1573.84,599.02,101.31,225.60,0.5909,-1,-1,-1
879,68,894.52,480.39,66.90,223.53,0.7189,-1,-1,-1
879,69,985.23,464.43,66.52,226.48,0.6852,-1,-1,-1
879,66,429.18,314.42,61.73,196.58,0.5044,-1,-1,-1
879,72,353.19,323.04,60.49,182.88,0.4128,-1,-1,-1
879,78,807.67,136.32,58.16,175.45,0.2869,-1,-1,-1
879,76,470.87,153.44,67.99,173.96,0.1789,-1,-1,-1
879,80,1361.13,963.65,101.40,116.32,0.7321,-1,-1,-1
879,81,1085.93,0.01,60.47,152.17,0.4383,-1,-1,-1
879,82,1772.22,681.39,66.07,246.06,0.3979,-1,-1,-1
880,4,1719.96,457.28,77.45,207.86,0.6361,-1,-1,-1
880,60,284.36,641.47,84.06,249.57,0.7549,-1,-1,-1
880,63,904.91,938.17,80.10,141.82,0.7403,-1,-1,-1
880,64,1574.24,597.59,101.00,226.46,0.6107,-1,-1,-1
880,68,894.18,478.63,66.79,223.40,0.6963,-1,-1,-1
880,69,984.05,462.74,66.70,225.61,0.6941,-1,-1,-1
880,66,428.34,317.85,62.39,191.96,0.5746,-1,-1,-1
880,72,342.69,323.48,71.54,184.69,0.4249,-1,-1,-1
880,78,807.24,136.54,58.20,176.61,0.2797,-1,-1,-1
880,80,1361.08,960.42,101.09,119.54,0.7308,-1,-1,-1
880,81,1086.05,0.00,61.17,154.14,0.3934,-1,-1,-1
880,82,1769.33,680.40,67.21,257.22,0.4023,-1,-1,-1
881,4,1719.81,457.52,78.12,208.00,0.6278,-1,-1,-1
881,60,285.02,642.43,85.07,248.54,0.7754,-1,-1,-1
881,63,905.07,937.75,80.66,142.23,0.7478,-1,-1,-1
881,64,1573.60,598.55,102.06,225.78,0.5643,-1,-1,-1
881,68,894.16,477.11,66.01,221.63,0.6613,-1,-1,-1
881,69,982.72,460.33,65.77,224.17,0.7034,-1,-1,-1
881,66,428.32,319.90,61.46,189.50,0.5264,-1,-1,-1
881,72,339.45,324.63,73.88,187.12,0.4006,-1,-1,-1
881,78,807.16,136.97,57.83,175.12,0.2911,-1,-1,-1
881,80,1360.14,957.26,100.30,122.75,0.7436,-1,-1,-1
881,81,1087.35,0.01,60.18,155.87,0.3398,-1,-1,-1
881,82,1767.25,680.98,69.93,257.62,0.3957,-1,-1,-1
882,4,1720.40,457.74,76.94,208.11,0.6414,-1,-1,-1
882,60,285.58,643.70,85.83,247.36,0.7641,-1,-1,-1
882,63,905.35,937.27,81.48,142.71,0.7535,-1,-1,-1
882,64,1574.44,597.75,101.06,226.54,0.6030,-1,-1,-1
882,68,893.85,474.75,65.31,224.78,0.6657,-1,-1,-1
882,69,980.99,457.18,65.33,222.44,0.6953,-1,-1,-1
882,66,428.59,321.15,60.79,187.85,0.5302,-1,-1,-1
882,72,338.08,328.06,74.13,185.19,0.3440,-1,-1,-1
882,78,807.50,137.58,57.00,175.30,0.3035,-1,-1,-1
882,80,1358.98,952.86,99.72,127.10,0.7454,-1,-1,-1
882,81,1087.70,0.01,61.75,156.53,0.2642,-1,-1,-1
882,82,1764.15,681.26,71.60,253.15,0.4362,-1,-1,-1
883,4,1721.31,457.84,76.31,207.83,0.6435,-1,-1,-1
883,60,286.13,645.21,86.79,246.15,0.7838,-1,-1,-1
883,63,905.12,937.05,81.74,142.97,0.7434,-1,-1,-1
883,64,1575.04,597.12,99.55,227.13,0.5788,-1,-1,-1
883,68,893.34,471.57,64.16,212.73,0.6735,-1,-1,-1
883,69,979.31,454.71,65.98,219.64,0.7288,-1,-1,-1
883,66,427.38,320.54,61.73,187.98,0.5487,-1,-1,-1
883,72,336.38,331.01,75.46,183.19,0.4039,-1,-1,-1
883,78,806.56,137.03,57.82,174.00,0.2916,-1,-1,-1
883,80,1358.19,949.14,98.64,130.35,0.7890,-1,-1,-1
883,81,1090.29,0.44,63.90,157.88,0.1528,-1,-1,-1
883,82,1762.77,682.87,73.24,246.13,0.4763,-1,-1,-1
884,4,1722.10,457.72,75.24,207.81,0.6224,-1,-1,-1
884,60,286.98,647.77,86.29,244.31,0.7818,-1,-1,-1
884,63,905.86,937.67,81.74,142.29,0.7342,-1,-1,-1
884,64,1575.91,597.85,98.60,226.50,0.5566,-1,-1,-1
884,68,892.34,467.73,62.98,217.18,0.6513,-1,-1,-1
884,69,976.83,452.06,66.86,219.36,0.6875,-1,-1,-1
884,66,427.60,320.04,60.61,190.28,0.5487,-1,-1,-1
884,72,333.72,334.11,77.24,180.45,0.3963,-1,-1,-1
884,78,805.54,136.42,58.67,175.82,0.2873,-1,-1,-1
884,80,1356.82,944.35,97.05,134.63,0.7979,-1,-1,-1
884,81,1091.69,0.91,64.12,158.64,0.1553,-1,-1,-1
884,82,1761.68,683.76,73.22,231.44,0.5456,-1,-1,-1
885,4,1722.21,457.83,75.29,207.26,0.6053,-1,-1,-1
885,60,287.31,649.64,85.94,244.33,0.7681,-1,-1,-1
885,63,906.99,937.38,81.11,142.58,0.7217,-1,-1,-1
885,64,1575.24,599.09,99.11,225.31,0.5470,-1,-1,-1
885,68,891.87,464.97,62.34,219.60,0.6925,-1,-1,-1
885,69,974.63,449.52,68.18,219.46,0.7027,-1,-1,-1
885,66,427.52,319.57,60.64,194.75,0.5350,-1,-1,-1
885,72,335.22,333.18,75.95,181.57,0.3670,-1,-1,-1
885,78,805.42,136.95,58.74,175.60,0.2644,-1,-1,-1
885,80,1356.58,939.89,95.12,139.71,0.8062,-1,-1,-1
885,81,1092.63,0.32,63.69,159.11,0.2335,-1,-1,-1
885,82,1759.56,684.50,75.36,222.55,0.5178,-1,-1,-1
886,4,1721.94,457.58,75.14,207.50,0.6142,-1,-1,-1
886,60,288.23,651.87,85.01,245.67,0.7482,-1,-1,-1
886,63,907.06,936.89,81.50,143.12,0.7281,-1,-1,-1
886,64,1575.33,598.51,100.23,226.08,0.5651,-1,-1,-1
886,68,891.37,461.55,62.34,219.89,0.6868,-1,-1,-1
886,69,971.37,446.63,70.68,221.55,0.7011,-1,-1,-1
886,66,427.42,320.43,59.66,197.28,0.4821,-1,-1,-1
886,72,333.18,335.49,77.86,179.11,0.3752,-1,-1,-1
886,78,805.53,137.70,58.32,174.87,0.2349,-1,-1,-1
886,80,1355.88,935.71,93.53,143.91,0.8075,-1,-1,-1
886,81,1095.11,0.11,62.27,158.35,0.2044,-1,-1,-1
886,82,1757.80,684.71,78.48,223.08,0.4771,-1,-1,-1
887,4,1721.88,457.19,75.12,207.78,0.6175,-1,-1,-1
887,60,288.77,654.03,84.05,246.43,0.7588,-1,-1,-1
887,63,908.12,937.14,81.21,142.89,0.7179,-1,-1,-1
887,64,1575.23,599.42,100.18,225.00,0.5510,-1,-1,-1
887,68,890.77,461.37,62.54,216.00,0.7270,-1,-1,-1
887,69,970.14,444.77,71.69,223.24,0.7183,-1,-1,-1
887,66,426.60,322.72,61.07,198.99,0.4812,-1,-1,-1
887,72,330.44,337.27,79.54,176.98,0.3580,-1,-1,-1
887,78,805.75,137.85,58.28,175.39,0.2460,-1,-1,-1
887,80,1354.17,931.65,94.72,146.72,0.7671,-1,-1,-1
887,81,1097.05,0.89,61.54,157.19,0.2487,-1,-1,-1
887,82,1757.59,684.81,77.01,221.79,0.5121,-1,-1,-1
888,4,1721.20,457.99,75.87,206.95,0.6288,-1,-1,-1
888,60,289.89,655.66,82.72,247.80,0.7446,-1,-1,-1
888,63,908.72,936.98,80.55,143.01,0.7097,-1,-1,-1
888,64,1575.46,599.36,100.62,225.56,0.5524,-1,-1,-1
888,68,890.58,458.29,62.86,219.60,0.7330,-1,-1,-1
888,69,968.94,443.82,73.31,223.07,0.7354,-1,-1,-1
888,66,426.84,325.24,61.09,199.72,0.5072,-1,-1,-1
888,72,329.48,338.47,79.36,175.55,0.4270,-1,-1,-1
888,78,805.17,137.45,58.76,176.45,0.2585,-1,-1,-1
888,80,1353.64,929.57,93.92,149.83,0.7714,-1,-1,-1
888,81,1098.87,1.89,60.77,155.38,0.2758,-1,-1,-1
888,82,1756.28,685.43,77.71,222.27,0.5527,-1,-1,-1
889,4,1720.73,457.22,76.88,207.91,0.6432,-1,-1,-1
889,60,291.48,658.42,80.89,247.44,0.7296,-1,-1,-1
889,63,909.63,937.33,80.44,142.68,0.7265,-1,-1,-1
889,64,1575.60,599.68,99.25,224.89,0.5393,-1,-1,-1
889,68,890.43,456.44,62.74,221.35,0.7350,-1,-1,-1
889,69,967.94,443.24,75.10,224.04,0.7417,-1,-1,-1
889,66,427.10,324.98,60.69,199.97,0.5059,-1,-1,-1
889,72,330.07,340.04,77.90,173.55,0.4198,-1,-1,-1
889,78,805.81,137.45,58.17,175.83,0.2459,-1,-1,-1
889,80,1350.76,926.16,96.49,153.34,0.7714,-1,-1,-1
889,81,1100.93,1.09,59.74,158.90,0.3401,-1,-1,-1
889,82,1756.48,684.17,77.57,226.86,0.5112,-1,-1,-1
890,4,1720.28,456.65,77.86,209.26,0.6655,-1,-1,-1
890,60,291.82,659.85,80.69,249.95,0.7117,-1,-1,-1
890,63,911.20,937.29,78.88,142.74,0.7379,-1,-1,-1
890,64,1575.27,599.85,99.29,224.94,0.5304,-1,-1,-1
890,68,890.05,456.39,62.37,219.62,0.7161,-1,-1,-1
890,69,966.07,442.86,76.65,224.59,0.7268,-1,-1,-1
890,66,424.57,328.09,62.13,201.04,0.5099,-1,-1,-1
890,72,332.10,341.63,74.30,171.54,0.4888,-1,-1,-1
890,78,807.58,137.27,56.69,175.95,0.2406,-1,-1,-1
890,80,1347.49,924.59,98.34,155.24,0.7561,-1,-1,-1
890,81,1101.86,4.19,59.87,156.86,0.3591,-1,-1,-1
890,82,1755.33,683.24,78.32,233.27,0.4963,-1,-1,-1
890,76,466.23,162.79,72.25,198.33,0.3463,-1,-1,-1
891,4,1721.09,456.89,76.42,209.10,0.6456,-1,-1,-1
891,60,293.40,661.96,79.49,251.79,0.7007,-1,-1,-1
891,63,911.19,937.62,78.91,142.41,0.7346,-1,-1,-1
891,64,1575.84,598.11,99.16,226.67,0.5408,-1,-1,-1
891,68,889.41,455.09,62.27,219.18,0.7333,-1,-1,-1
891,69,963.72,442.81,80.23,225.56,0.7229,-1,-1,-1
891,66,423.19,329.46,62.96,201.37,0.5167,-1,-1,-1
891,72,335.97,341.12,69.31,172.88,0.4813,-1,-1,-1
891,78,807.93,137.23,56.45,175.16,0.2353,-1,-1,-1
891,80,1345.65,924.59,99.19,155.39,0.7916,-1,-1,-1
891,81,1102.93,5.22,60.02,156.74,0.3882,-1,-1,-1
891,82,1753.98,683.18,79.35,235.29,0.5379,-1,-1,-1
891,76,468.73,165.01,69.64,196.67,0.3702,-1,-1,-1
892,4,1720.99,456.67,76.70,209.20,0.6454,-1,-1,-1
892,60,294.84,663.99,78.70,253.09,0.7617,-1,-1,-1
892,63,911.46,937.64,78.25,142.36,0.7292,-1,-1,-1
892,64,1574.47,596.84,100.26,227.97,0.5353,-1,-1,-1
892,68,888.30,455.42,62.46,219.64,0.6965,-1,-1,-1
892,69,962.06,442.95,82.78,226.41,0.7299,-1,-1,-1
892,66,421.69,331.26,64.13,200.48,0.5441,-1,-1,-1
892,72,337.67,342.09,66.45,172.20,0.5024,-1,-1,-1
892,78,808.59,139.65,55.61,172.60,0.2265,-1,-1,-1
892,80,1342.41,923.49,102.46,156.54,0.7788,-1,-1,-1
892,81,1104.58,7.06,58.99,156.41,0.4667,-1,-1,-1
892,82,1753.34,682.71,79.70,234.81,0.5392,-1,-1,-1
892,76,468.99,165.54,69.72,197.79,0.4123,-1,-1,-1
893,4,1721.49,456.95,76.35,208.82,0.6377,-1,-1,-1
893,60,296.88,664.79,78.03,254.86,0.7769,-1,-1,-1
893,63,912.51,937.85,77.62,142.18,0.7336,-1,-1,-1
893,64,1574.75,595.79,100.08,228.76,0.5345,-1,-1,-1
893,68,886.27,455.09,62.94,219.39,0.7197,-1,-1,-1
893,69,961.26,441.96,83.80,226.78,0.7440,-1,-1,-1
893,66,421.70,333.31,64.41,198.09,0.5463,-1,-1,-1
893,72,338.72,344.56,66.08,171.31,0.5255,-1,-1,-1
893,78,809.70,137.41,54.39,175.03,0.2393,-1,-1,-1
893,80,1338.89,920.98,105.37,159.08,0.7805,-1,-1,-1
893,81,1104.96,8.28,59.32,156.55,0.3933,-1,-1,-1
893,82,1752.43,682.12,81.15,236.74,0.5605,-1,-1,-1
893,76,475.17,170.29,63.46,192.90,0.4136,-1,-1,-1
894,4,1720.70,457.16,77.16,208.42,0.6375,-1,-1,-1
894,60,297.60,666.62,78.55,254.94,0.7547,-1,-1,-1
894,63,913.22,937.92,76.42,142.10,0.7382,-1,-1,-1
894,64,1573.98,593.79,101.00,231.12,0.5018,-1,-1,-1
894,68,885.73,455.06,62.46,218.83,0.6967,-1,-1,-1
894,69,961.00,441.11,84.58,226.86,0.7480,-1,-1,-1
894,66,420.77,333.62,65.30,198.30,0.5132,-1,-1,-1
894,72,340.19,345.48,65.35,172.51,0.4431,-1,-1,-1
894,78,809.75,136.83,54.32,176.51,0.2629,-1,-1,-1
894,80,1335.48,917.70,106.39,162.32,0.7874,-1,-1,-1
894,81,1105.40,10.89,59.73,156.32,0.2990,-1,-1,-1
894,82,1751.52,680.83,82.66,240.84,0.5685,-1,-1,-1
894,76,472.39,169.70,66.80,192.86,0.4283,-1,-1,-1
895,4,1720.35,456.88,77.28,208.67,0.6305,-1,-1,-1
895,60,298.21,668.07,79.20,253.77,0.7253,-1,-1,-1
895,63,913.48,938.15,76.48,141.83,0.7412,-1,-1,-1
895,64,1573.41,595.34,101.23,229.44,0.5244,-1,-1,-1
895,68,884.06,454.83,62.24,218.78,0.7144,-1,-1,-1
895,69,961.39,440.63,84.68,226.25,0.7438,-1,-1,-1
895,66,420.09,333.75,65.24,198.07,0.5181,-1,-1,-1
895,72,340.24,345.94,64.38,177.17,0.4960,-1,-1,-1
895,78,809.37,136.25,54.77,177.49,0.2574,-1,-1,-1
895,80,1332.39,916.44,106.58,163.58,0.7864,-1,-1,-1
895,81,1106.39,13.33,59.27,154.90,0.3731,-1,-1,-1
895,82,1750.94,681.44,83.05,239.04,0.5805,-1,-1,-1
895,76,474.47,170.73,65.39,192.10,0.4867,-1,-1,-1
896,4,1719.87,457.12,77.49,208.60,0.6306,-1,-1,-1
896,60,298.88,668.62,80.80,252.69,0.7383,-1,-1,-1
896,63,913.61,938.49,75.61,141.49,0.7136,-1,-1,-1
896,64,1573.08,596.94,101.35,227.80,0.5775,-1,-1,-1
896,68,884.31,455.02,60.87,216.78,0.6944,-1,-1,-1
896,69,961.41,438.99,84.78,226.44,0.7393,-1,-1,-1
896,66,420.05,334.03,64.98,197.73,0.5071,-1,-1,-1
896,72,340.08,346.86,64.11,178.36,0.5129,-1,-1,-1
896,78,809.42,136.63,54.56,177.96,0.2489,-1,-1,-1
896,80,1331.71,913.57,103.90,166.42,0.7729,-1,-1,-1
896,81,1107.54,15.48,58.66,152.96,0.4135,-1,-1,-1
896,82,1749.94,681.81,84.11,238.90,0.5837,-1,-1,-1
896,76,474.59,170.55,66.10,191.99,0.4867,-1,-1,-1
897,4,1719.84,457.12,77.52,207.92,0.6416,-1,-1,-1
897,60,298.45,669.23,84.25,253.24,0.7479,-1,-1,-1
897,63,913.48,938.94,75.81,141.10,0.7347,-1,-1,-1
897,64,1573.27,598.10,101.02,226.62,0.5726,-1,-1,-1
897,68,882.87,452.68,61.89,218.63,0.7087,-1,-1,-1
897,69,962.25,436.61,83.34,227.08,0.7405,-1,-1,-1
897,66,419.58,335.23,65.54,195.65,0.4863,-1,-1,-1
897,72,339.90,348.81,64.97,179.92,0.4858,-1,-1,-1
897,78,809.53,137.88,54.22,176.40,0.2523,-1,-1,-1
897,80,1330.67,909.24,101.81,170.80,0.7778,-1,-1,-1
897,81,1108.16,16.40,58.09,153.31,0.3378,-1,-1,-1
897,82,1749.89,680.92,83.13,238.75,0.5729,-1,-1,-1
897,76,471.52,170.71,68.84,192.74,0.4455,-1,-1,-1
898,4,1720.01,457.07,77.16,208.37,0.6436,-1,-1,-1
898,60,297.95,670.23,88.35,252.09,0.7628,-1,-1,-1
898,63,912.37,939.69,75.60,140.27,0.7345,-1,-1,-1
898,64,1573.93,597.41,101.55,226.99,0.5845,-1,-1,-1
898,68,881.50,450.84,62.16,218.59,0.6759,-1,-1,-1
898,69,962.30,434.29,82.05,226.22,0.7273,-1,-1,-1
898,66,418.72,335.10,65.58,194.91,0.5058,-1,-1,-1
898,72,339.86,353.19,63.35,179.69,0.4901,-1,-1,-1
898,78,810.69,138.38,53.22,174.80,0.2446,-1,-1,-1
898,80,1328.87,904.67,100.08,175.35,0.7874,-1,-1,-1
898,81,1108.90,17.14,56.25,152.49,0.3030,-1,-1,-1
898,82,1750.47,680.73,81.73,239.16,0.5421,-1,-1,-1
898,76,469.68,171.68,71.95,191.27,0.4351,-1,-1,-1
899,4,1720.30,457.06,76.07,208.82,0.6370,-1,-1,-1
899,60,298.20,670.44,90.60,252.30,0.7682,-1,-1,-1
899,63,912.39,940.57,74.30,139.34,0.7417,-1,-1,-1
899,64,1574.49,599.47,101.42,224.74,0.5773,-1,-1,-1
899,68,879.93,447.74,62.39,214.17,0.6645,-1,-1,-1
899,69,962.15,431.90,80.91,223.66,0.7276,-1,-1,-1
899,66,418.10,336.04,65.86,193.59,0.5084,-1,-1,-1
899,72,338.90,356.00,64.73,178.52,0.5336,-1,-1,-1
899,78,811.09,137.85,52.84,175.33,0.2762,-1,-1,-1
899,80,1327.74,900.25,97.70,179.75,0.7947,-1,-1,-1
899,81,1109.92,17.24,53.89,152.39,0.3596,-1,-1,-1
899,82,1750.67,680.31,80.53,240.06,0.5102,-1,-1,-1
899,76,468.93,171.17,73.54,192.49,0.4394,-1,-1,-1
900,4,1720.53,456.22,75.97,209.48,0.6200,-1,-1,-1
900,60,298.21,671.31,94.02,252.32,0.7702,-1,-1,-1
900,63,912.76,942.17,72.88,137.53,0.7254,-1,-1,-1
900,64,1574.74,600.45,100.52,223.77,0.5744,-1,-1,-1
900,68,878.30,445.60,61.95,213.73,0.6726,-1,-1,-1
900,69,962.14,428.95,79.58,222.82,0.7234,-1,-1,-1
900,66,417.51,336.21,66.22,195.86,0.5176,-1,-1,-1
900,72,337.66,356.37,65.01,180.27,0.5390,-1,-1,-1
900,78,811.28,137.68,52.58,176.25,0.2636,-1,-1,-1
900,80,1326.68,895.96,97.48,184.09,0.7993,-1,-1,-1
900,81,1110.63,16.02,52.44,154.35,0.3771,-1,-1,-1
900,82,1751.43,680.80,78.77,238.96,0.5391,-1,-1,-1
900,76,468.47,171.53,75.10,191.30,0.4054,-1,-1,-1
901,4,1721.32,456.94,75.72,207.88,0.6041,-1,-1,-1
901,60,298.06,672.71,96.86,250.27,0.7861,-1,-1,-1
901,63,912.98,943.15,72.06,136.24,0.7376,-1,-1,-1
901,64,1575.41,599.39,101.36,225.02,0.5797,-1,-1,-1
901,68,876.70,442.83,62.81,211.64,0.6630,-1,-1,-1
901,69,963.52,425.41,76.72,222.58,0.7155,-1,-1,-1
901,66,415.93,337.71,67.40,196.94,0.5251,-1,-1,-1
901,72,335.75,354.22,68.02,181.26,0.4905,-1,-1,-1
901,78,808.65,137.60,55.24,175.19,0.2471,-1,-1,-1
901,80,1325.06,892.40,97.30,187.64,0.8133,-1,-1,-1
901,81,1110.58,15.58,52.54,156.85,0.3346,-1,-1,-1
901,82,1750.05,682.22,78.44,237.58,0.5596,-1,-1,-1
901,76,468.49,172.75,76.95,189.99,0.3444,-1,-1,-1
902,4,1721.48,456.80,75.43,208.01,0.6083,-1,-1,-1
902,60,297.89,674.65,98.87,249.87,0.8122,-1,-1,-1
902,63,913.60,944.11,69.96,135.11,0.7258,-1,-1,-1
902,64,1576.83,599.18,99.75,224.94,0.5811,-1,-1,-1
902,68,875.20,440.56,63.18,210.81,0.6949,-1,-1,-1
902,69,965.05,422.84,73.70,219.16,0.7300,-1,-1,-1
902,66,417.05,338.18,66.53,200.39,0.5158,-1,-1,-1
902,72,334.36,353.19,70.54,181.41,0.4251,-1,-1,-1
902,78,810.03,137.55,53.84,176.98,0.2546,-1,-1,-1
902,80,1323.24,889.04,96.24,190.98,0.8059,-1,-1,-1
902,81,1110.83,16.79,52.14,158.02,0.3092,-1,-1,-1
902,82,1749.72,682.17,78.37,238.41,0.5493,-1,-1,-1
902,76,469.69,173.73,76.40,185.75,0.3176,-1,-1,-1
903,4,1721.06,457.25,75.61,208.27,0.5954,-1,-1,-1
903,60,298.20,676.47,99.11,252.88,0.8223,-1,-1,-1
903,63,913.34,945.19,69.47,134.55,0.7349,-1,-1,-1
903,64,1577.98,599.00,98.51,225.34,0.5928,-1,-1,-1
903,68,874.46,438.44,63.13,210.59,0.6910,-1,-1,-1
903,69,966.14,420.96,71.10,217.90,0.7163,-1,-1,-1
903,66,415.98,340.26,67.52,201.79,0.5506,-1,-1,-1
903,72,332.68,352.39,72.66,181.91,0.3668,-1,-1,-1
903,78,809.61,137.65,54.10,176.72,0.2578,-1,-1,-1
903,80,1321.12,885.20,96.14,194.85,0.7814,-1,-1,-1
903,81,1111.17,18.12,52.05,159.29,0.3009,-1,-1,-1
903,82,1750.62,681.02,78.56,240.94,0.5651,-1,-1,-1
903,76,470.39,174.28,76.13,183.40,0.3100,-1,-1,-1
904,4,1721.96,457.22,74.84,207.73,0.6274,-1,-1,-1
904,60,298.88,678.62,98.52,253.70,0.8373,-1,-1,-1
904,63,913.72,946.23,68.56,133.72,0.7201,-1,-1,-1
904,64,1577.44,599.35,98.94,224.75,0.5474,-1,-1,-1
904,68,873.68,436.98,63.38,213.13,0.7102,-1,-1,-1
904,69,966.86,420.11,69.42,217.16,0.7098,-1,-1,-1
904,66,418.24,343.10,65.34,202.46,0.4943,-1,-1,-1
904,72,328.03,353.43,76.68,180.39,0.3802,-1,-1,-1
904,78,808.02,137.98,55.75,176.49,0.2711,-1,-1,-1
904,80,1318.66,881.28,95.20,198.77,0.7713,-1,-1,-1
904,81,1111.23,19.68,52.82,158.94,0.3786,-1,-1,-1
904,82,1751.17,681.92,79.64,240.53,0.5868,-1,-1,-1
904,76,470.53,174.01,71.60,188.22,0.3135,-1,-1,-1
905,4,1722.15,456.91,74.73,208.06,0.6410,-1,-1,-1
905,60,300.38,680.40,97.41,257.47,0.8371,-1,-1,-1
905,63,913.40,947.41,68.58,132.61,0.7267,-1,-1,-1
905,64,1577.08,598.81,99.26,225.63,0.5767,-1,-1,-1
905,68,873.80,435.22,62.13,213.28,0.7178,-1,-1,-1
905,69,966.52,418.62,69.64,218.33,0.7308,-1,-1,-1
905,66,418.06,347.45,64.58,200.27,0.4790,-1,-1,-1
905,72,340.67,354.65,62.92,179.47,0.4183,-1,-1,-1
905,78,806.70,138.32,57.23,174.67,0.2629,-1,-1,-1
905,80,1316.62,878.04,94.71,201.13,0.7484,-1,-1,-1
905,81,1111.18,21.23,53.80,159.76,0.3492,-1,-1,-1
905,82,1752.23,682.39,79.09,243.06,0.5758,-1,-1,-1
905,76,470.75,173.98,68.65,193.48,0.2665,-1,-1,-1
906,4,1721.45,456.72,74.85,208.76,0.6351,-1,-1,-1
906,60,302.43,682.30,95.44,260.29,0.8409,-1,-1,-1
906,63,913.01,948.96,68.63,131.04,0.7252,-1,-1,-1
906,64,1577.91,599.02,98.58,225.37,0.5942,-1,-1,-1
906,68,872.99,434.41,61.49,214.23,0.7389,-1,-1,-1
906,69,966.35,417.64,68.95,217.81,0.7331,-1,-1,-1
906,66,415.74,348.81,65.29,201.36,0.5884,-1,-1,-1
906,72,347.20,354.28,55.63,180.61,0.4336,-1,-1,-1
906,78,806.54,137.77,57.45,174.29,0.2311,-1,-1,-1
906,80,1315.16,875.91,92.88,203.22,0.7586,-1,-1,-1
906,81,1110.48,22.49,55.22,159.77,0.3369,-1,-1,-1
906,82,1752.49,682.89,79.35,240.27,0.6094,-1,-1,-1
906,76,470.16,171.31,69.27,199.21,0.3099,-1,-1,-1
907,4,1721.28,457.15,74.90,207.98,0.6204,-1,-1,-1
907,60,304.60,684.77,93.03,257.33,0.8388,-1,-1,-1
907,63,910.05,949.34,71.91,130.69,0.7460,-1,-1,-1
907,64,1579.55,599.29,96.62,224.86,0.5615,-1,-1,-1
907,68,871.83,432.81,62.38,214.73,0.7305,-1,-1,-1
907,69,966.60,417.28,68.89,219.39,0.6830,-1,-1,-1
907,66,413.88,346.45,68.56,205.48,0.5853,-1,-1,-1
907,72,348.21,357.95,53.39,177.37,0.4179,-1,-1,-1
907,78,806.37,137.87,57.68,174.93,0.2478,-1,-1,-1
907,80,1313.11,875.54,93.67,204.14,0.7327,-1,-1,-1
907,81,1109.28,24.76,57.59,160.27,0.3287,-1,-1,-1
907,82,1753.07,683.02,79.60,240.57,0.6236,-1,-1,-1
907,76,468.95,170.28,71.31,202.16,0.3328,-1,-1,-1
908,4,1721.61,457.40,74.48,207.12,0.6245,-1,-1,-1
908,60,306.73,687.33,90.98,257.53,0.8393,-1,-1,-1
908,63,910.44,950.71,71.59,129.34,0.7262,-1,-1,-1
908,64,1578.01,598.54,97.42,225.99,0.6038,-1,-1,-1
908,68,870.94,431.90,62.43,217.51,0.7239,-1,-1,-1
908,69,966.74,417.14,67.68,219.56,0.7232,-1,-1,-1
908,66,412.95,346.70,69.68,206.54,0.5882,-1,-1,-1
908,72,329.81,356.75,71.61,178.19,0.4345,-1,-1,-1
908,78,806.58,137.47,57.77,174.50,0.2565,-1,-1,-1
908,80,1310.19,875.16,94.90,204.75,0.7338,-1,-1,-1
908,81,1108.77,27.43,59.55,160.19,0.2386,-1,-1,-1
908,82,1754.41,683.85,79.02,240.73,0.6295,-1,-1,-1
908,76,468.68,171.48,72.08,205.39,0.3506,-1,-1,-1
909,4,1721.88,457.18,73.61,207.24,0.6057,-1,-1,-1
909,60,307.81,689.65,90.03,259.43,0.8418,-1,-1,-1
909,63,908.93,950.62,72.75,129.43,0.7385,-1,-1,-1
909,64,1578.85,597.72,96.32,226.51,0.5931,-1,-1,-1
909,68,870.47,431.49,62.03,218.78,0.7266,-1,-1,-1
909,69,966.49,416.77,67.19,222.02,0.7148,-1,-1,-1
909,66,414.36,352.74,65.71,200.73,0.5978,-1,-1,-1
909,72,324.64,358.35,75.42,179.06,0.5397,-1,-1,-1
909,78,806.73,137.39,57.61,173.25,0.2479,-1,-1,-1
909,80,1308.28,873.78,93.89,206.23,0.7358,-1,-1,-1
909,81,1109.08,30.10,59.62,160.50,0.2490,-1,-1,-1
909,82,1755.17,684.31,78.86,239.37,0.6273,-1,-1,-1
909,76,468.15,173.03,79.46,207.64,0.2794,-1,-1,-1
910,4,1721.91,456.76,74.04,208.32,0.6291,-1,-1,-1
910,60,308.06,691.81,89.83,261.79,0.8391,-1,-1,-1
910,63,907.94,951.18,74.02,128.85,0.7346,-1,-1,-1
910,64,1576.01,598.17,99.50,226.14,0.5753,-1,-1,-1
910,68,870.20,431.01,62.38,219.27,0.7137,-1,-1,-1
910,69,965.08,416.68,68.06,222.42,0.7153,-1,-1,-1
910,66,413.73,351.78,65.96,201.25,0.6175,-1,-1,-1
910,72,322.27,358.59,77.94,182.36,0.5745,-1,-1,-1
910,78,807.13,137.30,57.42,173.22,0.2970,-1,-1,-1
910,80,1306.99,872.01,92.72,208.02,0.7561,-1,-1,-1
910,81,1109.05,31.93,60.88,159.86,0.2482,-1,-1,-1
910,82,1756.30,683.78,77.68,239.85,0.6105,-1,-1,-1
910,76,468.30,176.27,85.33,200.99,0.3875,-1,-1,-1
911,4,1721.47,457.35,75.65,207.24,0.6297,-1,-1,-1
911,60,308.09,693.75,89.27,262.15,0.8373,-1,-1,-1
911,63,907.82,951.77,74.16,128.27,0.7430,-1,-1,-1
911,64,1575.18,598.91,100.17,225.42,0.5510,-1,-1,-1
911,68,869.75,430.29,62.44,220.26,0.7107,-1,-1,-1
911,69,965.21,415.77,67.28,223.35,0.7068,-1,-1,-1
911,66,414.44,355.38,63.29,197.89,0.6222,-1,-1,-1
911,72,322.65,362.69,77.96,182.03,0.5644,-1,-1,-1
911,78,807.28,137.32,57.36,174.55,0.2772,-1,-1,-1
911,80,1304.99,869.43,91.25,210.59,0.7713,-1,-1,-1
911,81,1108.81,33.55,63.28,160.06,0.1885,-1,-1,-1
911,82,1757.02,683.66,77.06,239.96,0.6088,-1,-1,-1
911,76,469.04,177.56,83.40,200.90,0.3048,-1,-1,-1
912,4,1721.69,456.79,75.55,207.55,0.6291,-1,-1,-1
912,60,308.25,695.40,88.59,263.17,0.8344,-1,-1,-1
912,63,908.79,952.90,73.60,127.14,0.7403,-1,-1,-1
912,64,1574.14,598.10,101.24,226.16,0.5373,-1,-1,-1
912,68,869.51,429.19,62.51,219.11,0.6911,-1,-1,-1
912,69,964.52,414.95,66.73,221.18,0.7012,-1,-1,-1
912,66,413.32,353.73,63.70,200.39,0.6220,-1,-1,-1
912,72,323.68,365.98,76.25,181.53,0.5700,-1,-1,-1
912,78,807.30,137.38,57.45,174.53,0.2922,-1,-1,-1
912,80,1303.13,866.63,90.65,213.38,0.7658,-1,-1,-1
912,81,1109.05,34.27,64.98,162.54,0.2034,-1,-1,-1
912,82,1757.67,683.64,76.72,240.48,0.6182,-1,-1,-1
912,76,468.19,178.93,80.87,198.44,0.2208,-1,-1,-1
913,4,1721.61,456.20,75.66,208.16,0.5950,-1,-1,-1
913,60,308.06,696.45,88.03,262.51,0.8276,-1,-1,-1
913,63,909.09,952.98,73.18,126.98,0.7401,-1,-1,-1
913,64,1575.18,598.39,99.72,225.90,0.5475,-1,-1,-1
913,68,868.75,426.86,62.99,221.24,0.7048,-1,-1,-1
913,69,963.39,412.91,66.69,218.78,0.6852,-1,-1,-1
913,66,412.26,352.71,64.98,201.46,0.6024,-1,-1,-1
913,72,325.45,367.39,75.64,182.70,0.5164,-1,-1,-1
913,78,807.95,137.51,56.92,173.76,0.3027,-1,-1,-1
913,80,1301.75,862.09,89.78,217.91,0.7719,-1,-1,-1
913,81,1110.48,34.22,64.07,162.44,0.2731,-1,-1,-1
913,82,1757.79,682.43,77.03,241.65,0.6180,-1,-1,-1
913,76,468.00,180.19,75.57,193.53,0.2437,-1,-1,-1
914,4,1722.37,456.09,74.69,208.27,0.6204,-1,-1,-1
914,60,307.95,697.23,87.96,261.75,0.8218,-1,-1,-1
914,63,908.45,953.35,74.13,126.66,0.7459,-1,-1,-1
914,64,1574.32,597.87,101.35,226.27,0.4642,-1,-1,-1
914,68,868.13,425.85,62.30,218.58,0.6764,-1,-1,-1
914,69,962.12,410.70,66.57,214.27,0.6973,-1,-1,-1
914,66,412.05,355.07,64.60,198.56,0.5553,-1,-1,-1
914,72,326.36,367.46,75.35,184.66,0.5371,-1,-1,-1
914,78,807.97,137.39,56.87,174.35,0.2720,-1,-1,-1
914,80,1299.24,857.96,90.43,222.06,0.7723,-1,-1,-1
914,81,1111.01,34.54,63.06,161.21,0.2440,-1,-1,-1
914,82,1758.71,681.09,76.46,243.54,0.5932,-1,-1,-1
914,76,467.62,181.24,73.72,194.61,0.2172,-1,-1,-1
914,83,1718.87,92.96,52.43,165.55,0.3682,-1,-1,-1
915,4,1722.40,456.40,73.68,207.64,0.6135,-1,-1,-1
915,60,307.82,698.17,87.60,260.77,0.8161,-1,-1,-1
915,63,907.58,953.76,74.87,126.24,0.7469,-1,-1,-1
915,64,1574.25,598.40,101.06,225.85,0.5304,-1,-1,-1
915,68,867.78,422.73,61.28,209.00,0.6626,-1,-1,-1
915,69,961.05,408.78,65.85,210.82,0.7017,-1,-1,-1
915,66,411.43,355.70,64.93,197.46,0.5396,-1,-1,-1
915,72,328.01,368.73,73.48,185.22,0.5383,-1,-1,-1
915,78,809.15,137.42,55.64,172.67,0.3111,-1,-1,-1
915,80,1298.13,854.00,91.47,225.99,0.7732,-1,-1,-1
915,81,1113.03,34.45,61.63,161.91,0.2611,-1,-1,-1
915,82,1758.54,678.65,76.19,245.50,0.5833,-1,-1,-1
915,76,464.88,181.11,74.05,195.80,0.2498,-1,-1,-1
915,83,1721.12,92.75,49.92,165.40,0.3629,-1,-1,-1
916,4,1722.08,456.16,74.13,207.99,0.6019,-1,-1,-1
916,60,307.44,699.55,87.22,259.15,0.7992,-1,-1,-1
916,63,907.06,953.95,75.37,126.04,0.7433,-1,-1,-1
916,64,1573.77,599.56,100.49,224.35,0.5460,-1,-1,-1
916,68,867.69,420.36,60.56,207.19,0.6696,-1,-1,-1
916,69,959.67,406.79,65.08,207.83,0.7077,-1,-1,-1
916,66,407.98,350.28,68.86,203.13,0.4994,-1,-1,-1
916,72,327.99,370.90,72.12,184.19,0.5289,-1,-1,-1
916,78,807.27,137.80,58.01,175.56,0.3084,-1,-1,-1
916,80,1296.07,850.14,92.54,229.85,0.7697,-1,-1,-1
916,81,1114.56,34.50,59.62,161.92,0.2920,-1,-1,-1
916,82,1757.92,677.01,76.24,250.24,0.5579,-1,-1,-1
916,76,465.65,181.77,71.23,194.69,0.3003,-1,-1,-1
916,83,1724.13,92.39,46.80,165.41,0.4354,-1,-1,-1
917,4,1721.53,456.40,74.07,207.93,0.6346,-1,-1,-1
917,60,306.98,701.62,86.75,256.98,0.8084,-1,-1,-1
917,63,906.64,953.93,75.59,126.05,0.7443,-1,-1,-1
917,64,1573.66,599.71,100.80,224.31,0.4534,-1,-1,-1
917,68,867.36,416.75,59.94,210.48,0.6912,-1,-1,-1
917,69,958.13,404.30,64.56,208.14,0.7379,-1,-1,-1
917,66,409.32,353.73,65.70,199.10,0.5344,-1,-1,-1
917,72,327.79,371.55,72.35,183.96,0.5519,-1,-1,-1
917,78,807.12,137.46,58.10,175.82,0.3113,-1,-1,-1
917,80,1294.49,845.83,93.80,234.18,0.7740,-1,-1,-1
917,81,1116.52,34.31,57.71,163.70,0.3199,-1,-1,-1
917,82,1758.28,675.99,76.27,251.33,0.5489,-1,-1,-1
917,76,463.07,182.83,69.68,195.73,0.4040,-1,-1,-1
917,83,1725.64,93.78,45.03,163.40,0.4413,-1,-1,-1
918,4,1721.63,455.86,73.69,208.89,0.6125,-1,-1,-1
918,60,306.92,702.76,86.24,254.98,0.7995,-1,-1,-1
918,63,906.73,954.50,75.57,125.49,0.7493,-1,-1,-1
918,64,1574.12,600.49,99.99,223.60,0.5702,-1,-1,-1
918,68,866.77,414.75,59.82,211.60,0.7007,-1,-1,-1
918,69,955.16,401.47,65.57,209.61,0.7143,-1,-1,-1
918,66,408.09,351.74,68.63,201.88,0.5581,-1,-1,-1
918,72,327.73,371.89,72.50,183.81,0.5271,-1,-1,-1
918,78,808.02,137.11,57.05,176.00,0.2962,-1,-1,-1
918,80,1291.60,841.98,94.42,238.01,0.7655,-1,-1,-1
918,81,1117.63,34.70,57.22,166.32,0.3414,-1,-1,-1
918,82,1757.14,674.61,77.01,252.69,0.5492,-1,-1,-1
918,76,461.55,181.66,68.81,201.34,0.4236,-1,-1,-1
918,83,1727.00,93.92,43.82,165.35,0.4066,-1,-1,-1
919,4,1721.68,455.57,73.95,210.00,0.6043,-1,-1,-1
919,60,307.05,703.71,86.17,253.06,0.7887,-1,-1,-1
919,63,906.67,954.82,76.09,125.18,0.7415,-1,-1,-1
919,64,1574.34,599.35,99.60,224.50,0.5445,-1,-1,-1
919,68,866.01,413.11,60.86,213.16,0.7216,-1,-1,-1
919,69,953.31,399.04,66.85,211.62,0.7156,-1,-1,-1
919,66,406.91,351.79,70.31,205.23,0.5695,-1,-1,-1
919,72,326.62,373.32,73.65,182.54,0.4922,-1,-1,-1
919,78,807.68,136.74,57.30,175.86,0.2970,-1,-1,-1
919,80,1290.36,838.98,94.94,241.02,0.7653,-1,-1,-1
919,81,1119.22,35.10,58.02,165.91,0.3071,-1,-1,-1
919,82,1758.52,676.05,75.68,251.74,0.5595,-1,-1,-1
919,76,458.69,183.27,70.78,204.00,0.4638,-1,-1,-1
919,83,1727.01,95.17,43.99,165.90,0.3181,-1,-1,-1
920,4,1720.97,455.82,74.81,209.36,0.6082,-1,-1,-1
920,60,306.69,705.32,87.37,253.36,0.7922,-1,-1,-1
920,63,906.43,955.46,76.39,124.50,0.7419,-1,-1,-1
920,64,1575.00,599.71,98.75,224.14,0.5432,-1,-1,-1
920,68,865.95,409.27,60.86,213.89,0.7460,-1,-1,-1
920,69,951.42,396.59,68.08,214.16,0.7448,-1,-1,-1
920,66,407.61,353.54,68.91,205.62,0.5468,-1,-1,-1
920,72,327.34,373.94,73.93,182.34,0.4559,-1,-1,-1
920,78,807.92,137.18,57.20,173.91,0.2898,-1,-1,-1
920,80,1287.91,835.64,95.54,244.33,0.7746,-1,-1,-1
920,81,1119.64,35.69,59.07,167.14,0.3686,-1,-1,-1
920,82,1759.20,677.62,75.68,251.20,0.5527,-1,-1,-1
920,76,458.08,184.69,70.90,205.01,0.3798,-1,-1,-1
920,83,1726.60,95.36,45.06,169.56,0.2349,-1,-1,-1
921,4,1720.95,455.46,74.97,210.27,0.6012,-1,-1,-1
921,60,306.60,706.79,87.36,253.92,0.7886,-1,-1,-1
921,63,906.21,955.29,75.75,124.61,0.7195,-1,-1,-1
921,64,1574.77,600.77,99.51,223.26,0.5395,-1,-1,-1
921,68,865.70,407.62,61.02,216.17,0.7616,-1,-1,-1
921,69,948.68,394.85,71.05,216.04,0.7418,-1,-1,-1
921,66,406.96,355.32,69.05,207.10,0.5529,-1,-1,-1
921,72,327.15,374.20,74.05,181.64,0.4747,-1,-1,-1
921,78,807.32,137.26,57.74,173.95,0.2912,-1,-1,-1
921,80,1287.36,833.40,94.06,246.60,0.7704,-1,-1,-1
921,81,1120.51,37.84,59.18,167.36,0.3983,-1,-1,-1
921,82,1759.39,678.37,75.81,250.61,0.5598,-1,-1,-1
921,76,458.02,185.66,70.20,208.02,0.3454,-1,-1,-1
921,83,1725.77,94.57,47.04,171.91,0.1601,-1,-1,-1
922,4,1720.75,455.38,74.83,209.91,0.6094,-1,-1,-1
922,60,306.60,708.35,87.29,256.49,0.7726,-1,-1,-1
922,63,905.71,955.33,76.25,124.65,0.7304,-1,-1,-1
922,64,1575.43,600.07,98.77,223.78,0.4984,-1,-1,-1
922,68,865.75,406.72,60.54,216.40,0.7642,-1,-1,-1
922,69,946.99,393.38,72.82,217.51,0.7355,-1,-1,-1
922,66,406.01,358.14,68.84,205.66,0.5427,-1,-1,-1
922,72,326.00,374.62,76.01,181.38,0.4927,-1,-1,-1
922,78,807.06,136.54,57.80,176.04,0.3111,-1,-1,-1
922,80,1285.58,831.45,93.58,248.34,0.7847,-1,-1,-1
922,81,1121.36,40.66,59.13,165.43,0.4620,-1,-1,-1
922,82,1759.58,677.74,75.77,251.02,0.5386,-1,-1,-1
922,76,457.08,189.05,71.07,204.47,0.4117,-1,-1,-1
922,83,1727.25,97.49,47.44,170.21,0.1510,-1,-1,-1
923,4,1719.97,455.76,75.46,210.02,0.6225,-1,-1,-1
923,60,306.69,710.12,87.14,257.78,0.7699,-1,-1,-1
923,63,905.92,955.69,76.67,124.33,0.7330,-1,-1,-1
923,64,1574.08,599.02,100.73,225.02,0.5140,-1,-1,-1
923,68,865.73,406.20,59.87,217.30,0.7652,-1,-1,-1
923,69,945.53,392.58,75.26,219.22,0.7378,-1,-1,-1
923,66,405.18,360.31,68.92,205.34,0.5231,-1,-1,-1
923,72,326.57,374.96,74.75,181.21,0.4715,-1,-1,-1
923,78,806.58,137.40,57.94,175.20,0.2888,-1,-1,-1
923,80,1284.68,829.72,93.34,250.07,0.7879,-1,-1,-1
923,81,1122.03,42.04,59.00,167.49,0.4182,-1,-1,-1
923,82,1759.32,677.70,74.66,250.42,0.5799,-1,-1,-1
923,76,455.10,191.52,72.71,201.20,0.4586,-1,-1,-1
923,83,1728.40,98.83,48.11,169.49,0.2331,-1,-1,-1
924,4,1719.33,455.58,76.56,209.90,0.6284,-1,-1,-1
924,60,307.16,711.64,86.39,260.95,0.7529,-1,-1,-1
924,63,906.04,955.83,76.75,124.14,0.7353,-1,-1,-1
924,64,1574.23,598.72,100.20,225.39,0.4692,-1,-1,-1
924,68,865.56,405.83,59.94,215.97,0.7512,-1,-1,-1
924,69,943.90,391.78,77.93,221.18,0.7562,-1,-1,-1
924,66,403.90,361.83,70.66,208.16,0.5484,-1,-1,-1
924,72,327.86,376.19,72.41,180.35,0.5056,-1,-1,-1
924,78,806.37,137.39,58.19,175.37,0.3321,-1,-1,-1
924,80,1282.67,828.71,94.69,249.74,0.7901,-1,-1,-1
924,81,1123.08,44.34,58.76,165.44,0.4018,-1,-1,-1
924,82,1756.84,676.08,75.44,249.28,0.5560,-1,-1,-1
924,76,455.96,193.69,71.77,199.39,0.4403,-1,-1,-1
924,83,1728.62,99.11,49.37,176.37,0.3197,-1,-1,-1
925,4,1718.72,455.36,76.92,210.41,0.6063,-1,-1,-1
925,60,307.82,714.21,85.59,261.41,0.7442,-1,-1,-1
925,63,906.26,955.26,76.05,124.75,0.7232,-1,-1,-1
925,64,1576.23,598.13,97.26,227.73,0.3539,-1,-1,-1
925,68,864.80,405.63,60.46,215.61,0.7586,-1,-1,-1
925,69,942.35,391.58,79.00,221.85,0.7579,-1,-1,-1
925,66,402.21,363.25,71.47,210.77,0.5779,-1,-1,-1
925,72,327.93,377.26,71.12,180.24,0.5638,-1,-1,-1
925,78,806.03,137.22,58.25,175.67,0.2985,-1,-1,-1
925,80,1280.17,828.31,96.48,248.97,0.7774,-1,-1,-1
925,81,1123.10,46.24,58.42,163.85,0.4262,-1,-1,-1
925,82,1756.18,676.31,76.27,248.57,0.5357,-1,-1,-1
925,76,455.45,195.78,72.46,199.15,0.3686,-1,-1,-1
925,83,1729.67,100.54,48.62,177.92,0.2233,-1,-1,-1
926,4,1718.94,455.80,76.78,209.74,0.5818,-1,-1,-1
926,60,308.11,717.10,86.22,261.36,0.7453,-1,-1,-1
926,63,906.77,955.44,76.58,124.58,0.7306,-1,-1,-1
926,64,1577.35,598.22,95.43,228.45,0.3214,-1,-1,-1
926,68,864.28,405.29,60.53,215.47,0.7059,-1,-1,-1
926,69,940.64,391.45,80.63,222.09,0.7609,-1,-1,-1
926,66,400.65,363.83,72.74,212.21,0.5012,-1,-1,-1
926,72,328.66,378.92,69.68,180.17,0.5356,-1,-1,-1
926,78,806.08,136.90,58.22,176.00,0.3228,-1,-1,-1
926,80,1279.23,826.95,94.53,250.90,0.7913,-1,-1,-1
926,81,1123.64,46.75,58.65,164.37,0.4182,-1,-1,-1
926,82,1756.46,676.80,76.88,249.78,0.5894,-1,-1,-1
926,76,454.99,199.06,72.48,200.13,0.4078,-1,-1,-1
926,83,1730.27,101.51,49.04,178.89,0.1897,-1,-1,-1
927,4,1719.02,455.96,76.61,209.45,0.6102,-1,-1,-1
927,60,308.64,720.06,86.00,263.41,0.7486,-1,-1,-1
927,63,907.19,955.15,75.56,124.88,0.7388,-1,-1,-1
927,64,1575.04,597.86,98.79,227.07,0.4290,-1,-1,-1
927,68,863.58,404.71,60.64,214.20,0.7403,-1,-1,-1
927,69,940.08,390.91,81.22,221.08,0.7727,-1,-1,-1
927,66,400.95,364.96,71.94,212.08,0.4950,-1,-1,-1
927,72,329.28,381.96,68.05,180.78,0.5715,-1,-1,-1
927,78,806.22,137.01,57.94,175.55,0.3418,-1,-1,-1
927,80,1276.87,825.19,94.26,252.56,0.8028,-1,-1,-1
927,81,1124.55,47.20,57.89,164.19,0.4173,-1,-1,-1
927,82,1756.85,676.65,77.22,252.27,0.5862,-1,-1,-1
927,76,455.52,201.29,71.66,200.38,0.3874,-1,-1,-1
927,83,1730.90,101.53,48.75,180.32,0.1977,-1,-1,-1
928,4,1718.80,456.23,76.52,209.02,0.6034,-1,-1,-1
928,60,310.81,724.44,84.22,264.10,0.7731,-1,-1,-1
928,63,906.93,954.94,75.93,125.10,0.7213,-1,-1,-1
928,64,1577.60,598.00,95.74,228.23,0.4129,-1,-1,-1
928,68,862.78,403.98,60.90,214.51,0.7359,-1,-1,-1
928,69,940.37,389.89,80.77,221.06,0.7677,-1,-1,-1
928,66,399.56,364.45,73.01,212.53,0.5128,-1,-1,-1
928,72,329.55,383.93,67.74,183.82,0.5215,-1,-1,-1
928,78,805.18,136.96,58.93,175.30,0.3213,-1,-1,-1
928,80,1274.63,822.61,93.09,255.75,0.7778,-1,-1,-1
928,81,1125.41,47.00,57.65,165.95,0.4997,-1,-1,-1
928,82,1756.33,676.02,77.92,252.92,0.5873,-1,-1,-1
928,76,456.08,203.91,69.97,198.96,0.3635,-1,-1,-1
928,83,1731.43,100.56,48.32,181.02,0.2220,-1,-1,-1
929,4,1718.53,456.18,76.59,209.26,0.6077,-1,-1,-1
929,60,312.44,726.84,83.90,265.02,0.7941,-1,-1,-1
929,63,907.23,955.02,76.03,125.00,0.7308,-1,-1,-1
929,64,1579.88,598.47,92.98,227.95,0.3661,-1,-1,-1
929,68,861.31,402.00,62.17,215.94,0.7441,-1,-1,-1
929,69,940.39,388.45,79.83,221.39,0.7689,-1,-1,-1
929,66,398.55,364.67,73.86,212.32,0.5722,-1,-1,-1
929,72,329.60,385.46,69.29,186.37,0.5337,-1,-1,-1
929,78,806.97,136.88,57.10,175.94,0.3260,-1,-1,-1
929,80,1273.24,818.13,91.88,259.78,0.7775,-1,-1,-1
929,81,1126.23,46.74,57.06,164.69,0.5012,-1,-1,-1
929,82,1755.69,676.48,78.92,252.13,0.5928,-1,-1,-1
929,76,454.87,204.84,72.60,199.45,0.3305,-1,-1,-1
929,83,1731.72,101.10,46.80,180.45,0.3089,-1,-1,-1
930,4,1719.11,456.29,76.03,209.17,0.5972,-1,-1,-1
930,60,313.78,728.96,83.49,262.58,0.7748,-1,-1,-1
930,63,906.30,954.63,76.40,125.28,0.7199,-1,-1,-1
930,64,1580.74,598.32,91.62,227.95,0.3744,-1,-1,-1
930,68,860.77,399.77,62.64,214.82,0.7166,-1,-1,-1
930,69,940.33,386.27,79.27,222.42,0.7702,-1,-1,-1
930,66,397.86,365.03,73.45,209.87,0.5125,-1,-1,-1
930,72,329.56,387.17,71.04,187.56,0.4991,-1,-1,-1
930,78,807.34,137.24,56.86,175.25,0.3354,-1,-1,-1
930,80,1271.67,814.33,92.06,264.90,0.7959,-1,-1,-1
930,81,1126.42,46.18,56.70,163.98,0.4965,-1,-1,-1
930,82,1753.15,676.93,82.30,251.63,0.5852,-1,-1,-1
930,76,455.20,204.30,71.87,200.02,0.2848,-1,-1,-1
930,83,1732.72,104.64,47.62,179.74,0.3696,-1,-1,-1
930,85,1618.21,78.21,53.48,159.20,0.3850,-1,-1,-1
931,4,1719.09,456.28,76.19,208.92,0.5655,-1,-1,-1
931,60,315.19,730.85,83.67,259.79,0.7860,-1,-1,-1
931,63,906.67,955.00,77.04,125.02,0.7312,-1,-1,-1
931,64,1577.75,597.81,95.40,226.99,0.5214,-1,-1,-1
931,68,860.30,399.14,62.23,205.78,0.6985,-1,-1,-1
931,69,940.64,384.17,77.84,220.92,0.7591,-1,-1,-1
931,66,396.56,367.11,74.09,206.10,0.4992,-1,-1,-1
931,72,329.08,388.46,71.74,189.02,0.5052,-1,-1,-1
931,78,807.73,137.50,56.55,174.04,0.3164,-1,-1,-1
931,80,1270.62,810.20,91.13,269.56,0.7848,-1,-1,-1
931,81,1126.38,46.54,56.61,164.12,0.4466,-1,-1,-1
931,82,1751.32,675.94,83.64,252.48,0.6228,-1,-1,-1
931,76,455.45,206.12,72.90,198.57,0.1846,-1,-1,-1
931,83,1733.51,106.41,47.85,178.70,0.3081,-1,-1,-1
931,85,1620.08,78.56,51.94,158.44,0.3547,-1,-1,-1
932,4,1719.73,456.07,75.50,209.45,0.5773,-1,-1,-1
932,60,316.94,731.97,83.20,257.28,0.7789,-1,-1,-1
932,63,907.27,954.62,76.77,125.37,0.7311,-1,-1,-1
932,64,1577.07,597.99,96.31,226.36,0.5558,-1,-1,-1
932,68,859.66,396.85,62.29,202.49,0.6496,-1,-1,-1
932,69,941.67,381.60,76.71,218.62,0.7427,-1,-1,-1
932,66,396.65,365.91,73.57,208.33,0.4776,-1,-1,-1
932,72,328.98,389.01,71.35,188.11,0.4633,-1,-1,-1
932,78,808.16,137.10,56.32,174.97,0.3141,-1,-1,-1
932,80,1269.51,805.67,90.79,274.26,0.7908,-1,-1,-1
932,81,1126.07,47.53,57.59,165.42,0.4084,-1,-1,-1
932,82,1749.91,675.61,85.24,252.19,0.6170,-1,-1,-1
932,76,454.71,206.72,75.26,197.25,0.1798,-1,-1,-1
932,83,1734.62,107.53,47.98,177.30,0.3084,-1,-1,-1
932,85,1621.05,79.41,51.05,159.17,0.3490,-1,-1,-1
933,4,1719.94,455.96,75.01,209.76,0.5541,-1,-1,-1
933,60,317.71,733.37,84.22,257.01,0.7948,-1,-1,-1
933,63,907.46,954.57,77.07,125.45,0.7420,-1,-1,-1
933,64,1575.69,596.19,98.24,228.18,0.5280,-1,-1,-1
933,68,858.91,395.12,62.51,199.32,0.6489,-1,-1,-1
933,69,941.49,379.23,76.70,214.93,0.7366,-1,-1,-1
933,66,394.82,366.35,74.76,207.73,0.5203,-1,-1,-1
933,72,329.15,390.03,70.39,187.56,0.4267,-1,-1,-1
933,78,808.91,137.14,55.49,175.17,0.2998,-1,-1,-1
933,80,1269.02,802.24,89.90,275.63,0.7758,-1,-1,-1
933,81,1126.44,49.55,57.45,165.55,0.3778,-1,-1,-1
933,82,1749.16,674.96,84.94,253.61,0.6317,-1,-1,-1
933,83,1735.18,107.13,49.61,176.97,0.3049,-1,-1,-1
933,85,1622.58,80.73,49.96,159.56,0.3198,-1,-1,-1
934,4,1720.10,455.92,74.68,210.04,0.5782,-1,-1,-1
934,60,318.24,734.68,85.47,256.29,0.8049,-1,-1,-1
934,63,907.58,954.13,77.43,125.95,0.7528,-1,-1,-1
934,64,1576.11,596.05,97.97,228.47,0.5555,-1,-1,-1
934,68,858.17,393.26,63.04,200.76,0.6633,-1,-1,-1
934,69,942.31,376.77,75.35,213.92,0.7234,-1,-1,-1
934,66,393.55,367.88,75.14,206.69,0.5506,-1,-1,-1
934,72,329.97,391.47,70.02,186.82,0.3420,-1,-1,-1
934,78,808.41,137.39,55.67,175.62,0.3123,-1,-1,-1
934,80,1268.19,799.21,89.17,274.51,0.7781,-1,-1,-1
934,81,1127.25,52.77,57.22,163.16,0.3722,-1,-1,-1
934,82,1748.74,675.28,85.54,252.52,0.6110,-1,-1,-1
934,83,1736.38,106.75,50.09,174.96,0.3333,-1,-1,-1
934,85,1621.68,82.75,51.79,157.76,0.2791,-1,-1,-1
935,4,1720.37,456.23,74.73,209.56,0.5750,-1,-1,-1
935,60,318.69,736.16,87.92,256.15,0.8270,-1,-1,-1
935,63,907.44,953.73,77.55,126.30,0.7409,-1,-1,-1
935,64,1575.90,595.98,98.48,228.86,0.5815,-1,-1,-1
935,68,858.04,391.12,63.13,201.07,0.6729,-1,-1,-1
935,69,943.79,374.43,72.01,211.52,0.7351,-1,-1,-1
935,66,391.77,369.09,76.94,205.94,0.5367,-1,-1,-1
935,72,339.35,394.40,61.84,183.25,0.3328,-1,-1,-1
935,78,808.29,137.31,55.92,175.66,0.3047,-1,-1,-1
935,80,1267.62,796.21,89.22,273.86,0.7687,-1,-1,-1
935,81,1127.58,55.28,57.43,163.57,0.4230,-1,-1,-1
935,82,1748.66,674.54,86.70,254.50,0.6210,-1,-1,-1
935,83,1736.17,108.70,51.41,172.19,0.3071,-1,-1,-1
935,85,1620.49,84.41,54.15,157.28,0.3244,-1,-1,-1
936,4,1720.95,456.02,73.52,209.03,0.5626,-1,-1,-1
936,60,319.00,737.00,89.79,254.87,0.8217,-1,-1,-1
936,63,907.78,952.41,76.97,127.20,0.7263,-1,-1,-1
936,64,1576.52,596.38,98.23,227.93,0.5664,-1,-1,-1
936,68,858.48,389.08,62.69,205.82,0.6694,-1,-1,-1
936,69,944.26,373.50,69.72,210.46,0.7074,-1,-1,-1
936,66,390.28,368.96,78.37,211.46,0.6004,-1,-1,-1
936,72,341.72,395.11,59.53,181.57,0.3713,-1,-1,-1
936,78,807.13,137.09,57.20,175.42,0.2635,-1,-1,-1
936,80,1266.71,793.07,89.98,277.52,0.7683,-1,-1,-1
936,81,1127.34,57.33,58.84,164.06,0.4376,-1,-1,-1
936,82,1748.89,674.37,86.73,254.14,0.6006,-1,-1,-1
936,83,1736.53,110.66,52.57,169.51,0.2496,-1,-1,-1
936,85,1620.40,85.38,55.36,161.86,0.2625,-1,-1,-1
937,4,1721.35,456.37,73.10,208.98,0.5534,-1,-1,-1
937,60,319.24,738.07,92.41,253.76,0.8362,-1,-1,-1
937,63,907.96,952.43,77.17,127.43,0.7434,-1,-1,-1
937,64,1575.72,596.01,99.50,228.25,0.5386,-1,-1,-1
937,68,858.42,388.18,62.42,208.25,0.6903,-1,-1,-1
937,69,944.71,372.76,67.71,210.69,0.6928,-1,-1,-1
937,66,389.06,369.07,79.29,216.42,0.6123,-1,-1,-1
937,72,343.06,395.14,57.90,181.59,0.3771,-1,-1,-1
937,78,808.06,136.80,56.13,175.70,0.2693,-1,-1,-1
937,80,1265.13,790.64,91.24,279.72,0.7771,-1,-1,-1
937,81,1126.52,58.82,60.23,166.13,0.4212,-1,-1,-1
937,82,1748.79,674.13,86.67,255.04,0.6187,-1,-1,-1
937,83,1737.15,111.28,53.88,171.95,0.2095,-1,-1,-1
937,85,1622.09,89.66,54.37,158.21,0.2057,-1,-1,-1
938,4,1720.62,456.60,73.95,208.91,0.5749,-1,-1,-1
938,60,319.44,738.84,94.48,254.51,0.8321,-1,-1,-1
938,63,909.04,951.71,76.35,128.28,0.7529,-1,-1,-1
938,64,1576.02,596.70,98.82,227.64,0.5618,-1,-1,-1
938,68,858.05,386.50,62.30,209.16,0.6811,-1,-1,-1
938,69,944.61,370.88,65.97,213.14,0.7000,-1,-1,-1
938,66,389.41,370.76,79.03,217.83,0.5653,-1,-1,-1
938,72,343.77,394.57,57.84,181.99,0.3945,-1,-1,-1
938,78,807.30,137.07,56.84,174.94,0.2726,-1,-1,-1
938,80,1263.52,788.08,91.34,283.23,0.7855,-1,-1,-1
938,81,1127.02,60.74,60.42,165.61,0.4439,-1,-1,-1
938,82,1748.03,673.72,87.27,254.97,0.6238,-1,-1,-1
938,83,1737.91,109.70,54.64,175.37,0.2254,-1,-1,-1
938,85,1622.51,91.36,55.25,159.00,0.2215,-1,-1,-1
939,4,1720.86,456.53,73.37,209.72,0.5561,-1,-1,-1
939,60,319.82,739.85,94.77,257.09,0.8307,-1,-1,-1
939,63,911.09,950.80,75.25,129.19,0.7237,-1,-1,-1
939,64,1575.19,595.21,99.06,229.15,0.5186,-1,-1,-1
939,68,858.09,386.22,61.96,210.22,0.6648,-1,-1,-1
939,69,944.72,369.82,65.34,214.11,0.6714,-1,-1,-1
939,66,390.25,376.98,78.55,214.68,0.5984,-1,-1,-1
939,72,344.01,393.92,57.61,182.93,0.3961,-1,-1,-1
939,78,808.04,136.98,56.17,174.46,0.2713,-1,-1,-1
939,80,1262.48,785.90,91.08,285.05,0.7899,-1,-1,-1
939,81,1126.75,61.97,61.47,166.57,0.4561,-1,-1,-1
939,82,1747.22,674.59,86.59,254.40,0.6270,-1,-1,-1
939,85,1621.60,93.07,56.57,161.45,0.2270,-1,-1,-1
940,4,1720.83,456.31,73.39,209.90,0.5598,-1,-1,-1
940,60,320.67,740.91,94.04,260.95,0.8254,-1,-1,-1
940,63,911.95,949.73,74.78,130.30,0.7619,-1,-1,-1
940,64,1574.94,595.42,98.92,228.88,0.5332,-1,-1,-1
940,68,858.64,386.12,61.38,210.77,0.6759,-1,-1,-1
940,69,943.95,369.40,65.55,214.53,0.6936,-1,-1,-1
940,66,390.83,381.69,76.98,211.60,0.5956,-1,-1,-1
940,72,343.26,393.70,57.59,183.44,0.4060,-1,-1,-1
940,78,807.94,136.76,55.98,174.39,0.2873,-1,-1,-1
940,80,1260.96,784.35,90.00,285.78,0.7855,-1,-1,-1
940,81,1126.66,63.65,62.94,167.45,0.4518,-1,-1,-1
940,82,1746.42,674.07,86.55,253.90,0.6361,-1,-1,-1
940,85,1623.87,94.90,54.74,161.54,0.2609,-1,-1,-1
941,4,1719.94,456.47,74.17,209.10,0.5794,-1,-1,-1
941,60,321.65,742.98,93.94,266.65,0.8184,-1,-1,-1
941,63,912.33,948.69,75.18,131.34,0.7510,-1,-1,-1
941,64,1574.75,595.36,98.84,229.35,0.5657,-1,-1,-1
941,68,858.48,385.74,61.66,211.60,0.7097,-1,-1,-1
941,69,942.82,368.56,65.37,215.88,0.7170,-1,-1,-1
941,66,390.11,383.28,76.87,212.40,0.6215,-1,-1,-1
941,72,342.99,394.15,55.98,183.54,0.3773,-1,-1,-1
941,78,807.49,136.84,56.46,175.20,0.2795,-1,-1,-1
941,80,1259.26,783.03,89.59,287.82,0.7844,-1,-1,-1
941,81,1127.82,65.19,62.81,167.52,0.4479,-1,-1,-1
941,82,1746.67,674.07,87.30,254.22,0.6634,-1,-1,-1
941,85,1626.10,96.36,52.58,160.17,0.2742,-1,-1,-1
942,4,1720.06,456.25,74.04,209.87,0.5558,-1,-1,-1
942,60,322.56,746.53,93.42,268.59,0.8173,-1,-1,-1
942,63,913.28,947.57,74.51,132.51,0.7628,-1,-1,-1
942,64,1574.61,594.94,99.01,229.86,0.5416,-1,-1,-1
942,68,858.51,385.00,61.80,212.39,0.7000,-1,-1,-1
942,69,942.05,368.23,65.47,215.81,0.7131,-1,-1,-1
942,66,390.83,385.59,76.29,212.09,0.5921,-1,-1,-1
942,72,342.11,393.93,57.27,185.12,0.3791,-1,-1,-1
942,78,807.17,137.16,56.80,174.49,0.2695,-1,-1,-1
942,80,1257.19,782.66,89.89,287.39,0.7773,-1,-1,-1
942,81,1128.85,66.40,63.15,168.36,0.4671,-1,-1,-1
942,82,1746.45,672.84,88.17,253.87,0.6571,-1,-1,-1
942,85,1628.19,96.52,51.07,159.82,0.2871,-1,-1,-1
943,4,1720.06,456.31,73.80,209.50,0.5679,-1,-1,-1
943,60,323.17,750.04,93.22,267.44,0.8184,-1,-1,-1
943,63,914.19,946.02,74.02,134.01,0.7552,-1,-1,-1
943,64,1574.85,595.40,98.75,229.03,0.5493,-1,-1,-1
943,68,858.23,383.76,62.30,212.33,0.6829,-1,-1,-1
943,69,940.78,366.94,66.37,216.81,0.7132,-1,-1,-1
943,66,392.04,387.30,75.43,211.08,0.5718,-1,-1,-1
943,72,339.98,395.75,57.71,185.80,0.3421,-1,-1,-1
943,78,809.72,136.37,54.85,174.18,0.2706,-1,-1,-1
943,80,1255.82,781.77,89.26,287.11,0.7748,-1,-1,-1
943,81,1129.52,66.80,62.72,167.36,0.4229,-1,-1,-1
943,82,1745.89,671.72,88.13,254.78,0.6662,-1,-1,-1
943,85,1629.69,96.69,50.45,160.40,0.2449,-1,-1,-1
944,4,1720.24,456.41,73.15,210.13,0.5650,-1,-1,-1
944,60,323.67,753.62,92.56,264.43,0.8223,-1,-1,-1
944,63,915.47,944.66,73.90,135.37,0.7344,-1,-1,-1
944,64,1574.95,594.71,98.17,229.68,0.5490,-1,-1,-1
944,68,858.04,382.04,62.22,213.59,0.6917,-1,-1,-1
944,69,939.21,366.02,66.58,216.83,0.6967,-1,-1,-1
944,66,392.13,388.19,75.38,209.89,0.5440,-1,-1,-1
944,72,338.85,400.46,58.02,186.45,0.3285,-1,-1,-1
944,78,807.54,137.02,56.68,174.42,0.2613,-1,-1,-1
944,80,1253.59,779.78,90.08,287.24,0.7731,-1,-1,-1
944,81,1131.15,65.91,61.93,166.28,0.4178,-1,-1,-1
944,82,1745.63,672.83,87.52,254.25,0.6759,-1,-1,-1
944,85,1630.58,97.04,50.73,159.11,0.2268,-1,-1,-1
945,4,1719.85,456.01,73.58,211.03,0.5424,-1,-1,-1
945,60,324.09,756.39,91.66,264.04,0.8237,-1,-1,-1
945,63,916.15,943.82,73.99,136.22,0.7561,-1,-1,-1
945,64,1575.41,595.59,98.10,228.85,0.5612,-1,-1,-1
945,68,857.46,379.66,62.82,212.89,0.6940,-1,-1,-1
945,69,939.97,364.44,64.44,216.71,0.6919,-1,-1,-1
945,66,392.47,388.86,75.41,209.47,0.5449,-1,-1,-1
945,72,338.35,408.57,60.06,184.68,0.3736,-1,-1,-1
945,78,806.73,137.06,57.24,174.99,0.2671,-1,-1,-1
945,80,1252.64,777.39,89.49,288.69,0.7645,-1,-1,-1
945,81,1132.60,66.07,60.63,164.71,0.4168,-1,-1,-1
945,82,1745.16,673.37,87.42,253.48,0.6790,-1,-1,-1
945,85,1628.84,94.35,53.52,163.51,0.2191,-1,-1,-1
946,4,1719.63,456.85,73.95,209.20,0.5699,-1,-1,-1
946,60,324.56,759.39,91.14,264.51,0.8211,-1,-1,-1
946,63,918.08,943.38,72.68,136.57,0.7576,-1,-1,-1
946,64,1576.27,596.82,97.10,226.80,0.5642,-1,-1,-1
946,68,856.96,377.16,64.02,214.05,0.6500,-1,-1,-1
946,69,939.21,362.63,63.29,216.18,0.6461,-1,-1,-1
946,66,391.30,388.87,75.60,209.68,0.5928,-1,-1,-1
946,72,330.72,409.41,66.37,187.33,0.4692,-1,-1,-1
946,78,807.53,136.06,56.18,176.64,0.3119,-1,-1,-1
946,80,1250.65,774.81,89.69,284.70,0.7755,-1,-1,-1
946,81,1134.45,66.32,59.41,164.68,0.4416,-1,-1,-1
946,82,1743.30,673.08,89.11,253.09,0.6623,-1,-1,-1
946,85,1630.75,96.14,52.57,161.52,0.2437,-1,-1,-1
946,76,476.95,215.52,59.10,185.12,0.3409,-1,-1,-1
947,4,1719.79,457.54,73.42,208.93,0.5719,-1,-1,-1
947,60,324.21,760.79,91.30,266.98,0.8233,-1,-1,-1
947,63,918.88,941.89,72.15,138.14,0.7545,-1,-1,-1
947,64,1576.55,597.16,97.61,226.95,0.5836,-1,-1,-1
947,68,856.36,374.64,64.49,212.03,0.6626,-1,-1,-1
947,69,937.97,360.95,62.51,212.12,0.6498,-1,-1,-1
947,66,391.87,388.71,74.60,210.03,0.5913,-1,-1,-1
947,72,329.32,411.51,67.16,187.62,0.4783,-1,-1,-1
947,78,807.69,135.78,56.02,177.02,0.2344,-1,-1,-1
947,80,1249.25,771.82,89.26,281.97,0.7636,-1,-1,-1
947,81,1137.27,67.19,56.53,162.77,0.3952,-1,-1,-1
947,82,1743.45,670.04,89.10,254.36,0.6922,-1,-1,-1
947,85,1632.60,96.84,52.33,160.92,0.2445,-1,-1,-1
947,76,476.89,215.75,59.81,185.00,0.3209,-1,-1,-1
948,4,1719.87,457.32,73.04,209.00,0.5736,-1,-1,-1
948,60,323.71,762.68,90.68,268.75,0.8271,-1,-1,-1
948,63,919.64,940.38,72.31,139.61,0.7534,-1,-1,-1
948,64,1576.21,595.87,98.17,228.17,0.5923,-1,-1,-1
948,68,856.06,371.42,64.37,211.78,0.6633,-1,-1,-1
948,69,937.09,358.11,61.42,209.02,0.6509,-1,-1,-1
948,66,391.74,388.68,74.49,209.93,0.5565,-1,-1,-1
948,72,329.03,412.92,66.22,188.10,0.4738,-1,-1,-1
948,78,807.72,135.20,56.16,177.52,0.2497,-1,-1,-1
948,80,1248.05,768.90,87.26,278.89,0.7740,-1,-1,-1
948,81,1139.01,68.05,57.09,163.06,0.4265,-1,-1,-1
948,82,1740.76,669.59,92.90,255.08,0.6816,-1,-1,-1
948,85,1633.86,97.07,52.37,161.57,0.2922,-1,-1,-1
948,76,477.30,215.65,60.05,184.51,0.3202,-1,-1,-1
949,4,1719.80,456.91,72.85,208.94,0.5777,-1,-1,-1
949,60,323.69,764.21,90.80,268.55,0.8215,-1,-1,-1
949,63,920.78,939.32,72.09,140.72,0.7384,-1,-1,-1
949,64,1576.81,594.94,97.89,229.46,0.5765,-1,-1,-1
949,68,855.50,368.94,64.63,211.64,0.6659,-1,-1,-1
949,69,935.13,355.87,62.27,209.37,0.6396,-1,-1,-1
949,66,391.91,390.11,73.90,208.58,0.5626,-1,-1,-1
949,72,325.28,413.53,68.08,190.18,0.5549,-1,-1,-1
949,78,807.66,135.60,56.09,176.36,0.2817,-1,-1,-1
949,80,1247.56,764.61,85.91,275.35,0.7646,-1,-1,-1
949,81,1140.49,68.80,58.27,165.04,0.3904,-1,-1,-1
949,82,1742.10,670.03,90.23,251.76,0.6772,-1,-1,-1
949,85,1634.17,97.79,53.22,161.20,0.2046,-1,-1,-1
949,76,476.34,216.38,60.88,182.43,0.3140,-1,-1,-1
950,4,1719.88,456.38,73.02,209.89,0.5724,-1,-1,-1
950,60,323.06,765.25,90.35,267.69,0.8230,-1,-1,-1
950,63,922.33,937.67,70.75,142.34,0.7546,-1,-1,-1
950,64,1576.06,594.99,98.52,229.01,0.5690,-1,-1,-1
950,68,855.82,366.78,64.56,206.73,0.6532,-1,-1,-1
950,69,931.83,352.69,64.22,209.28,0.6464,-1,-1,-1
950,66,390.95,390.07,74.31,209.02,0.5825,-1,-1,-1
950,72,325.41,414.26,67.69,190.13,0.5082,-1,-1,-1
950,78,808.41,135.62,55.34,176.65,0.2635,-1,-1,-1
950,80,1246.45,759.84,85.22,268.79,0.7694,-1,-1,-1
950,81,1142.71,68.68,60.21,166.98,0.3585,-1,-1,-1
950,82,1742.42,667.91,89.87,255.50,0.6781,-1,-1,-1
950,85,1634.74,100.44,53.12,159.83,0.1753,-1,-1,-1
950,76,475.40,216.71,61.28,180.94,0.3311,-1,-1,-1
951,4,1719.78,456.16,73.24,210.78,0.5724,-1,-1,-1
951,60,322.44,766.73,90.56,266.12,0.8161,-1,-1,-1
951,63,922.50,936.74,70.96,143.26,0.7622,-1,-1,-1
951,64,1575.89,594.80,99.09,229.31,0.5811,-1,-1,-1
951,68,855.15,365.06,65.28,205.90,0.6683,-1,-1,-1
951,69,930.30,349.79,65.12,210.10,0.6525,-1,-1,-1
951,66,390.77,390.57,74.42,207.50,0.5044,-1,-1,-1
951,72,322.85,414.71,70.89,189.92,0.4985,-1,-1,-1
951,78,809.03,135.82,54.65,176.40,0.2907,-1,-1,-1
951,80,1245.05,754.92,85.01,266.77,0.7678,-1,-1,-1
951,81,1143.98,70.52,61.42,164.54,0.3802,-1,-1,-1
951,82,1742.75,667.56,89.26,255.19,0.6549,-1,-1,-1
951,85,1635.32,104.59,52.76,156.86,0.2073,-1,-1,-1
951,76,475.21,217.93,61.99,179.45,0.3399,-1,-1,-1
952,4,1719.55,456.29,73.27,210.97,0.5726,-1,-1,-1
952,60,322.33,768.30,90.13,264.98,0.8045,-1,-1,-1
952,63,923.51,935.93,70.83,144.10,0.7728,-1,-1,-1
952,64,1575.34,595.66,100.07,228.37,0.5729,-1,-1,-1
952,68,854.43,363.66,66.02,205.78,0.6919,-1,-1,-1
952,69,929.50,347.31,65.46,211.79,0.6930,-1,-1,-1
952,66,391.81,390.81,73.53,206.88,0.5189,-1,-1,-1
952,72,323.43,415.03,70.48,189.53,0.4294,-1,-1,-1
952,78,809.03,135.68,54.57,175.44,0.2666,-1,-1,-1
952,80,1242.69,751.51,86.11,266.89,0.7631,-1,-1,-1
952,81,1146.20,72.96,59.94,163.80,0.3473,-1,-1,-1
952,82,1742.22,667.79,90.47,256.20,0.6676,-1,-1,-1
952,85,1636.18,105.83,53.16,156.30,0.2060,-1,-1,-1
952,76,474.80,219.91,63.04,177.03,0.3207,-1,-1,-1
953,4,1719.31,456.78,73.74,210.00,0.5683,-1,-1,-1
953,60,321.74,769.88,89.67,263.53,0.8138,-1,-1,-1
953,63,924.64,935.24,70.69,144.78,0.7791,-1,-1,-1
953,64,1575.86,594.88,99.79,229.00,0.6081,-1,-1,-1
953,68,853.04,362.28,67.88,206.63,0.6847,-1,-1,-1
953,69,927.61,345.96,66.61,211.69,0.7090,-1,-1,-1
953,66,391.26,393.40,74.62,207.66,0.5562,-1,-1,-1
953,72,321.95,414.44,71.96,190.50,0.4314,-1,-1,-1
953,78,809.25,136.12,54.55,176.28,0.2916,-1,-1,-1
953,80,1241.32,749.89,86.24,265.99,0.7807,-1,-1,-1
953,81,1146.90,74.31,59.41,165.31,0.3897,-1,-1,-1
953,82,1741.93,668.19,90.86,255.77,0.6717,-1,-1,-1
953,85,1636.57,107.38,53.65,155.66,0.2114,-1,-1,-1
953,76,475.90,220.52,62.63,176.24,0.3691,-1,-1,-1
954,4,1719.67,456.64,73.76,209.77,0.5800,-1,-1,-1
954,60,322.30,771.36,88.91,262.12,0.8180,-1,-1,-1
954,63,925.46,934.51,70.27,145.48,0.7647,-1,-1,-1
954,64,1576.25,596.08,98.97,228.25,0.5787,-1,-1,-1
954,68,852.36,360.79,67.91,207.65,0.6716,-1,-1,-1
954,69,925.83,344.96,67.97,211.74,0.7074,-1,-1,-1
954,66,389.51,394.14,76.18,210.12,0.6113,-1,-1,-1
954,72,321.59,414.73,70.27,189.73,0.4585,-1,-1,-1
954,78,808.62,136.34,54.71,175.56,0.3041,-1,-1,-1
954,80,1238.30,748.28,88.11,266.27,0.7781,-1,-1,-1
954,81,1147.58,76.64,59.38,165.73,0.3978,-1,-1,-1
954,82,1741.87,669.13,91.00,255.13,0.6836,-1,-1,-1
954,85,1637.27,109.00,54.35,155.55,0.2136,-1,-1,-1
954,76,476.65,221.42,62.96,175.58,0.3807,-1,-1,-1
955,4,1719.17,456.20,74.48,210.27,0.5747,-1,-1,-1
955,60,322.32,772.97,88.52,260.37,0.8190,-1,-1,-1
955,63,926.33,934.16,69.23,145.84,0.7775,-1,-1,-1
955,64,1576.22,594.43,99.19,229.66,0.5886,-1,-1,-1
955,68,852.28,360.16,67.48,208.50,0.6666,-1,-1,-1
955,69,925.31,343.79,68.86,211.87,0.6881,-1,-1,-1
955,66,389.15,396.33,77.45,212.12,0.5808,-1,-1,-1
955,72,320.37,417.10,70.46,182.27,0.4147,-1,-1,-1
955,78,808.16,136.97,55.03,175.21,0.2799,-1,-1,-1
955,80,1237.06,746.12,87.84,267.79,0.7886,-1,-1,-1
955,81,1148.44,79.02,60.26,164.84,0.3767,-1,-1,-1
955,82,1741.90,668.72,90.79,254.31,0.6737,-1,-1,-1
955,85,1637.65,108.72,55.65,156.03,0.1972,-1,-1,-1
955,76,476.84,222.64,64.40,176.09,0.3835,-1,-1,-1
956,4,1719.64,456.44,74.04,210.21,0.5833,-1,-1,-1
956,60,321.96,773.56,88.71,259.48,0.8289,-1,-1,-1
956,63,926.46,933.55,69.66,146.49,0.7815,-1,-1,-1
956,64,1578.28,594.66,97.36,229.33,0.5545,-1,-1,-1
956,68,851.53,360.12,67.71,209.82,0.6588,-1,-1,-1
956,69,924.05,343.59,70.77,214.20,0.6929,-1,-1,-1
956,66,389.26,399.78,77.38,212.54,0.6056,-1,-1,-1
956,72,320.60,418.45,69.61,180.94,0.4541,-1,-1,-1
956,78,807.66,137.37,55.44,176.04,0.2890,-1,-1,-1
956,80,1235.23,744.05,87.74,268.95,0.7904,-1,-1,-1
956,81,1149.49,80.63,60.86,163.64,0.3009,-1,-1,-1
956,82,1741.68,668.03,91.02,254.17,0.6592,-1,-1,-1
956,85,1638.99,108.85,54.97,156.04,0.2280,-1,-1,-1
956,76,478.24,222.29,64.91,178.79,0.4050,-1,-1,-1
957,4,1719.25,456.27,74.27,210.17,0.5699,-1,-1,-1
957,60,322.02,774.13,88.15,259.41,0.8345,-1,-1,-1
957,63,926.42,933.08,70.48,146.92,0.7782,-1,-1,-1
957,64,1580.99,593.72,94.77,230.22,0.5680,-1,-1,-1
957,68,850.87,360.42,67.50,208.18,0.6745,-1,-1,-1
957,69,921.72,343.44,73.06,214.82,0.6919,-1,-1,-1
957,66,388.43,403.32,77.69,213.17,0.6145,-1,-1,-1
957,72,321.96,419.00,67.53,181.30,0.4293,-1,-1,-1
957,78,807.46,136.91,55.54,175.98,0.2791,-1,-1,-1
957,80,1232.56,742.78,90.25,260.29,0.7515,-1,-1,-1
957,81,1150.16,80.73,60.52,162.30,0.2780,-1,-1,-1
957,82,1739.80,669.14,93.31,251.87,0.6707,-1,-1,-1
957,85,1640.68,109.12,54.70,155.98,0.2612,-1,-1,-1
957,76,477.83,224.43,66.94,177.74,0.4349,-1,-1,-1
958,4,1719.14,456.00,74.47,210.50,0.5799,-1,-1,-1
958,60,322.12,775.08,87.81,261.98,0.8283,-1,-1,-1
958,63,926.90,932.66,70.68,147.33,0.7847,-1,-1,-1
958,64,1580.52,594.96,95.27,228.75,0.5441,-1,-1,-1
958,68,850.17,359.95,67.94,207.87,0.6789,-1,-1,-1
958,69,922.36,343.21,73.16,215.38,0.6937,-1,-1,-1
958,66,387.61,405.01,77.68,215.06,0.5994,-1,-1,-1
958,72,323.21,419.49,66.61,183.05,0.4483,-1,-1,-1
958,78,807.32,136.62,55.49,177.11,0.2891,-1,-1,-1
958,80,1231.02,741.51,90.85,259.69,0.7563,-1,-1,-1
958,81,1150.87,80.52,60.05,162.65,0.3162,-1,-1,-1
958,82,1739.21,668.15,94.32,253.50,0.6617,-1,-1,-1
958,85,1642.50,109.39,53.56,156.80,0.2775,-1,-1,-1
958,76,479.87,227.46,66.17,176.94,0.3704,-1,-1,-1
958,86,424.28,236.50,59.75,193.25,0.4598,-1,-1,-1
959,4,1719.07,456.34,74.49,209.51,0.5786,-1,-1,-1
959,60,321.95,777.10,87.37,262.87,0.7966,-1,-1,-1
959,63,927.31,932.63,70.63,147.38,0.7850,-1,-1,-1
959,64,1581.04,596.11,94.35,228.03,0.5639,-1,-1,-1
959,68,850.14,359.15,67.97,206.01,0.6789,-1,-1,-1
959,69,923.37,342.86,72.11,216.01,0.6845,-1,-1,-1
959,66,386.61,408.21,77.45,214.14,0.6066,-1,-1,-1
959,72,321.91,420.82,67.56,185.72,0.5237,-1,-1,-1
959,78,806.75,136.62,56.17,176.31,0.2548,-1,-1,-1
959,80,1228.29,740.40,92.71,253.14,0.7574,-1,-1,-1
959,81,1151.61,80.61,59.79,164.22,0.3734,-1,-1,-1
959,82,1740.81,668.46,90.95,252.31,0.6471,-1,-1,-1
959,85,1644.07,109.88,52.83,158.27,0.2696,-1,-1,-1
959,76,484.12,231.01,63.26,176.53,0.3643,-1,-1,-1
959,86,423.33,236.92,60.75,193.96,0.4960,-1,-1,-1
960,4,1719.00,455.73,74.77,210.35,0.5896,-1,-1,-1
960,60,321.84,779.44,87.03,262.98,0.8038,-1,-1,-1
960,63,927.54,932.23,71.01,147.79,0.7891,-1,-1,-1
960,64,1580.02,593.42,96.32,230.53,0.5780,-1,-1,-1
960,68,849.89,356.28,67.57,206.87,0.6894,-1,-1,-1
960,69,923.80,341.54,71.65,216.24,0.6971,-1,-1,-1
960,66,389.90,411.90,75.26,211.97,0.5336,-1,-1,-1
960,72,323.10,420.49,65.18,187.75,0.4973,-1,-1,-1
960,78,807.28,136.71,55.53,175.87,0.2660,-1,-1,-1
960,80,1225.31,738.82,93.80,255.95,0.7923,-1,-1,-1
960,81,1152.05,80.80,59.66,165.77,0.4258,-1,-1,-1
960,82,1741.36,668.70,90.95,252.21,0.6832,-1,-1,-1
960,85,1645.66,110.83,52.59,158.63,0.2768,-1,-1,-1
960,76,486.40,232.36,62.43,177.78,0.3804,-1,-1,-1
960,86,422.62,237.15,61.59,195.95,0.5241,-1,-1,-1
961,4,1719.27,455.58,74.84,210.54,0.5976,-1,-1,-1
961,60,322.35,783.44,86.31,261.60,0.8184,-1,-1,-1
961,63,927.99,931.81,70.80,148.17,0.7791,-1,-1,-1
961,64,1577.95,593.47,98.35,230.37,0.5437,-1,-1,-1
961,68,849.13,353.00,66.60,205.85,0.6868,-1,-1,-1
961,69,924.10,340.30,71.71,217.02,0.6919,-1,-1,-1
961,66,390.73,412.97,74.74,211.40,0.5707,-1,-1,-1
961,72,321.52,421.73,65.29,190.48,0.5794,-1,-1,-1
961,78,807.11,136.57,55.67,174.60,0.2374,-1,-1,-1
961,80,1222.15,736.59,95.01,256.03,0.7770,-1,-1,-1
961,81,1153.03,79.55,58.46,167.55,0.4793,-1,-1,-1
961,82,1741.42,669.59,91.08,252.34,0.6776,-1,-1,-1
961,85,1646.28,110.74,53.40,159.44,0.2721,-1,-1,-1
961,76,487.78,230.58,62.13,181.27,0.3736,-1,-1,-1
961,86,422.43,238.63,61.89,196.68,0.4800,-1,-1,-1
962,4,1719.38,455.44,74.24,209.90,0.5948,-1,-1,-1
962,60,322.55,786.28,85.83,260.57,0.8295,-1,-1,-1
962,63,928.21,931.77,71.03,148.20,0.7877,-1,-1,-1
962,64,1576.96,591.17,100.11,232.62,0.5474,-1,-1,-1
962,68,848.44,350.00,66.58,203.86,0.6832,-1,-1,-1
962,69,924.99,338.55,71.45,216.73,0.6872,-1,-1,-1
962,66,391.97,415.02,74.03,209.58,0.5330,-1,-1,-1
962,72,320.11,421.13,65.89,195.23,0.5732,-1,-1,-1
962,78,807.33,137.04,55.37,174.04,0.2347,-1,-1,-1
962,80,1220.47,733.22,94.17,256.00,0.7650,-1,-1,-1
962,81,1153.88,80.91,58.32,167.93,0.4084,-1,-1,-1
962,82,1741.47,666.96,92.02,257.71,0.6720,-1,-1,-1
962,85,1645.83,111.79,54.86,158.86,0.2319,-1,-1,-1
962,76,489.31,231.64,61.46,181.77,0.3574,-1,-1,-1
962,86,421.03,241.59,63.30,196.31,0.4939,-1,-1,-1
963,4,1719.42,455.32,74.23,209.82,0.5758,-1,-1,-1
963,60,323.22,789.33,86.14,262.82,0.8183,-1,-1,-1
963,63,928.62,931.68,70.99,148.35,0.7773,-1,-1,-1
963,64,1575.01,591.45,102.91,232.48,0.5526,-1,-1,-1
963,68,848.53,348.11,65.06,203.10,0.6767,-1,-1,-1
963,69,924.57,336.37,70.96,217.99,0.6826,-1,-1,-1
963,66,392.17,415.76,74.04,209.13,0.5554,-1,-1,-1
963,72,319.79,420.49,65.98,199.57,0.5817,-1,-1,-1
963,78,806.96,137.27,55.56,174.07,0.2271,-1,-1,-1
963,80,1219.15,730.37,92.58,259.27,0.7674,-1,-1,-1
963,81,1154.13,82.55,58.50,167.12,0.2928,-1,-1,-1
963,82,1741.40,667.79,92.00,255.39,0.6636,-1,-1,-1
963,85,1645.36,113.21,56.39,159.31,0.2391,-1,-1,-1
963,76,489.49,232.07,62.39,181.68,0.3811,-1,-1,-1
963,86,420.08,242.23,64.13,196.57,0.4977,-1,-1,-1
964,4,1719.16,455.61,74.11,210.10,0.5691,-1,-1,-1
964,60,324.48,792.19,85.14,266.65,0.8268,-1,-1,-1
964,63,928.44,931.83,71.25,148.17,0.7843,-1,-1,-1
964,64,1575.02,589.57,101.96,234.79,0.5430,-1,-1,-1
964,68,848.03,346.60,63.74,202.48,0.6549,-1,-1,-1
964,69,923.52,334.00,71.23,217.52,0.6622,-1,-1,-1
964,66,392.14,416.78,73.87,208.00,0.5666,-1,-1,-1
964,72,320.61,423.29,64.18,198.53,0.6053,-1,-1,-1
964,78,805.39,136.80,56.73,174.52,0.2032,-1,-1,-1
964,80,1218.45,727.46,90.00,265.74,0.7785,-1,-1,-1
964,81,1152.60,85.33,60.57,166.77,0.3104,-1,-1,-1
964,82,1741.34,665.80,92.16,257.53,0.6716,-1,-1,-1
964,85,1644.73,114.75,58.00,161.37,0.2425,-1,-1,-1
964,76,490.47,231.64,62.07,181.67,0.3879,-1,-1,-1
964,86,420.15,242.84,62.65,199.49,0.4690,-1,-1,-1
965,4,1719.34,455.72,74.23,209.44,0.5920,-1,-1,-1
965,60,325.74,795.03,84.60,271.36,0.8258,-1,-1,-1
965,63,928.52,931.72,71.35,148.14,0.7782,-1,-1,-1
965,64,1575.24,589.40,101.19,234.94,0.5984,-1,-1,-1
965,68,848.81,344.25,61.50,201.16,0.6580,-1,-1,-1
965,69,923.71,331.56,71.38,214.90,0.6826,-1,-1,-1
965,66,392.29,417.45,73.37,206.82,0.5657,-1,-1,-1
965,72,318.96,427.26,66.21,195.73,0.6129,-1,-1,-1
965,78,806.61,136.38,55.53,175.40,0.2516,-1,-1,-1
965,80,1216.93,723.40,89.57,266.27,0.7902,-1,-1,-1
965,81,1152.89,88.13,62.39,165.11,0.3248,-1,-1,-1
965,82,1741.60,668.20,92.48,255.40,0.6871,-1,-1,-1
965,85,1644.77,117.61,59.19,158.31,0.2992,-1,-1,-1
965,76,490.96,231.09,62.86,182.94,0.4312,-1,-1,-1
965,86,419.79,243.76,61.70,199.61,0.4527,-1,-1,-1
966,4,1719.17,455.89,74.11,209.76,0.5744,-1,-1,-1
966,60,327.23,797.80,83.32,275.20,0.8304,-1,-1,-1
966,63,928.21,931.98,71.91,147.97,0.7738,-1,-1,-1
966,64,1574.86,590.36,102.07,233.84,0.6056,-1,-1,-1
966,68,849.08,342.71,60.75,200.38,0.6739,-1,-1,-1
966,69,924.27,330.10,70.71,209.57,0.7017,-1,-1,-1
966,66,389.54,415.61,75.19,208.70,0.5524,-1,-1,-1
966,72,319.16,432.31,65.71,190.95,0.6082,-1,-1,-1
966,78,807.41,136.35,54.72,177.01,0.2159,-1,-1,-1
966,80,1215.96,719.77,89.58,262.22,0.7831,-1,-1,-1
966,81,1152.75,90.58,63.84,165.35,0.3649,-1,-1,-1
966,82,1742.10,669.07,92.50,255.15,0.6888,-1,-1,-1
966,85,1645.65,119.95,59.38,158.23,0.3063,-1,-1,-1
966,76,491.53,230.99,63.16,182.75,0.4289,-1,-1,-1
966,86,419.71,244.16,60.79,199.87,0.4300,-1,-1,-1
967,4,1719.12,455.81,74.10,210.07,0.5819,-1,-1,-1
967,60,328.55,799.45,82.53,274.70,0.7979,-1,-1,-1
967,63,927.98,932.01,72.46,147.98,0.7771,-1,-1,-1
967,64,1573.76,590.29,103.80,233.78,0.5917,-1,-1,-1
967,68,849.68,340.89,60.57,201.64,0.6837,-1,-1,-1
967,69,925.69,328.38,69.38,207.83,0.7081,-1,-1,-1
967,66,391.65,417.94,73.18,205.69,0.5480,-1,-1,-1
967,72,315.93,433.21,69.05,191.48,0.5865,-1,-1,-1
967,78,809.23,136.98,52.82,177.02,0.2005,-1,-1,-1
967,80,1216.26,715.97,87.99,260.93,0.7860,-1,-1,-1
967,81,1152.68,92.18,64.78,165.89,0.2847,-1,-1,-1
967,82,1741.91,669.78,91.93,254.35,0.7121,-1,-1,-1
967,85,1646.59,121.63,59.71,160.05,0.2517,-1,-1,-1
967,76,492.59,231.20,62.73,183.01,0.4406,-1,-1,-1
967,86,418.11,245.24,63.18,198.31,0.3978,-1,-1,-1
968,4,1719.02,455.97,73.85,210.44,0.5836,-1,-1,-1
968,60,329.53,800.46,83.37,275.25,0.7966,-1,-1,-1
968,63,927.64,931.61,72.53,148.35,0.7810,-1,-1,-1
968,64,1574.14,589.59,103.46,234.60,0.6147,-1,-1,-1
968,68,848.68,339.52,61.27,203.52,0.6941,-1,-1,-1
968,69,926.42,325.74,68.97,207.92,0.7234,-1,-1,-1
968,66,393.04,418.78,72.14,203.99,0.5532,-1,-1,-1
968,72,313.46,433.51,71.06,191.69,0.5846,-1,-1,-1
968,78,809.49,136.66,52.73,176.75,0.1861,-1,-1,-1
968,80,1215.04,712.63,88.04,261.73,0.7839,-1,-1,-1
968,81,1152.80,93.24,65.57,169.68,0.3210,-1,-1,-1
968,82,1741.02,669.05,93.32,255.50,0.6957,-1,-1,-1
968,85,1647.39,123.44,59.20,163.24,0.3136,-1,-1,-1
968,76,493.37,231.33,62.17,183.53,0.5040,-1,-1,-1
968,86,416.11,245.56,65.63,197.28,0.3630,-1,-1,-1
969,4,1719.02,456.33,73.61,210.46,0.5891,-1,-1,-1
969,60,330.48,802.02,84.50,274.10,0.7833,-1,-1,-1
969,63,927.62,931.89,71.96,148.08,0.7818,-1,-1,-1
969,64,1574.02,590.31,104.84,233.83,0.6184,-1,-1,-1
969,68,848.75,338.59,60.82,205.19,0.6958,-1,-1,-1
969,69,926.95,324.00,68.50,207.52,0.7281,-1,-1,-1
969,66,393.60,420.51,71.58,202.91,0.5213,-1,-1,-1
969,72,308.41,433.46,76.92,192.13,0.5694,-1,-1,-1
969,78,809.15,137.19,53.00,176.75,0.1917,-1,-1,-1
969,80,1213.42,709.53,89.43,263.63,0.7817,-1,-1,-1
969,81,1152.19,94.56,68.60,170.51,0.2322,-1,-1,-1
969,82,1740.37,668.54,93.26,254.63,0.6977,-1,-1,-1
969,85,1648.13,124.93,58.77,164.49,0.3086,-1,-1,-1
969,76,493.46,232.86,62.67,184.04,0.4677,-1,-1,-1
969,86,415.28,246.78,66.75,197.00,0.2230,-1,-1,-1
970,4,1719.04,455.95,73.68,210.20,0.5880,-1,-1,-1
970,60,331.39,803.69,85.55,272.84,0.7936,-1,-1,-1
970,63,927.27,931.98,71.85,148.06,0.7810,-1,-1,-1
970,64,1574.88,591.24,104.06,233.10,0.6187,-1,-1,-1
970,68,848.62,338.19,60.73,206.06,0.6995,-1,-1,-1
970,69,927.55,323.07,66.78,207.84,0.7032,-1,-1,-1
970,66,390.76,418.38,74.58,208.81,0.5194,-1,-1,-1
970,72,303.53,435.78,82.16,189.85,0.4561,-1,-1,-1
970,78,808.58,137.14,53.51,176.53,0.1985,-1,-1,-1
970,80,1211.96,707.49,90.44,265.91,0.7811,-1,-1,-1
970,81,1154.11,95.67,67.62,171.48,0.1669,-1,-1,-1
970,82,1739.97,668.38,93.62,253.55,0.6942,-1,-1,-1
970,85,1649.10,125.63,57.79,164.82,0.3215,-1,-1,-1
970,76,494.08,234.69,63.43,184.85,0.4765,-1,-1,-1
970,86,414.23,247.23,66.96,198.54,0.2341,-1,-1,-1
971,4,1719.11,456.11,74.26,210.49,0.5860,-1,-1,-1
971,60,330.69,804.17,88.46,271.99,0.7871,-1,-1,-1
971,63,927.05,932.25,71.49,147.78,0.7793,-1,-1,-1
971,64,1575.03,590.69,104.09,233.64,0.5853,-1,-1,-1
971,68,848.58,337.72,60.43,207.43,0.7053,-1,-1,-1
971,69,927.84,322.49,66.07,207.66,0.7117,-1,-1,-1
971,66,391.75,421.67,74.47,212.44,0.5196,-1,-1,-1
971,72,301.67,435.54,84.29,190.25,0.3813,-1,-1,-1
971,78,808.32,137.04,53.65,177.42,0.1920,-1,-1,-1
971,80,1210.42,706.43,90.70,267.90,0.7932,-1,-1,-1
971,81,1155.34,96.84,67.20,171.10,0.1751,-1,-1,-1
971,82,1740.07,669.85,92.60,252.37,0.6852,-1,-1,-1
971,85,1649.82,126.67,57.10,164.60,0.3210,-1,-1,-1
971,76,494.29,236.00,63.88,186.39,0.4628,-1,-1,-1
971,86,414.21,248.41,65.67,196.11,0.2965,-1,-1,-1
972,4,1719.54,455.97,73.69,210.00,0.5870,-1,-1,-1
972,60,330.12,804.93,91.53,270.54,0.7704,-1,-1,-1
972,63,926.97,932.49,70.31,147.54,0.7637,-1,-1,-1
972,64,1575.03,590.42,103.89,233.74,0.5742,-1,-1,-1
972,68,848.45,337.60,60.25,208.21,0.6763,-1,-1,-1
972,69,927.72,321.87,65.71,207.23,0.6948,-1,-1,-1
972,66,388.50,419.85,77.28,215.90,0.5281,-1,-1,-1
972,72,316.80,437.41,69.47,188.33,0.3572,-1,-1,-1
972,78,808.11,136.93,53.75,177.18,0.1776,-1,-1,-1
972,80,1208.15,706.00,91.94,268.66,0.7898,-1,-1,-1
972,81,1158.31,99.00,66.57,169.57,0.1583,-1,-1,-1
972,82,1740.31,669.23,92.48,254.48,0.6968,-1,-1,-1
972,85,1650.91,128.05,56.45,162.74,0.2629,-1,-1,-1
972,76,494.01,238.33,64.57,185.59,0.4040,-1,-1,-1
972,86,415.02,249.99,62.67,164.18,0.2204,-1,-1,-1
973,4,1719.15,455.87,73.97,210.48,0.5752,-1,-1,-1
973,60,329.63,806.33,94.56,268.18,0.7738,-1,-1,-1
973,63,926.43,933.23,70.44,146.79,0.7776,-1,-1,-1
973,64,1574.86,590.87,103.87,233.44,0.6067,-1,-1,-1
973,68,847.60,336.36,61.23,208.24,0.6858,-1,-1,-1
973,69,927.84,321.29,65.08,207.28,0.6986,-1,-1,-1
973,66,387.90,419.67,77.47,218.48,0.5476,-1,-1,-1
973,72,324.16,436.04,61.80,190.81,0.4687,-1,-1,-1
973,78,808.61,137.23,53.57,177.42,0.2067,-1,-1,-1
973,80,1206.81,704.77,90.45,268.84,0.7941,-1,-1,-1
973,82,1740.25,668.65,93.03,254.55,0.6941,-1,-1,-1
973,85,1651.06,128.96,56.51,160.67,0.2211,-1,-1,-1
973,76,494.80,240.24,63.46,184.98,0.4473,-1,-1,-1
973,86,414.02,250.26,64.02,182.39,0.3060,-1,-1,-1
974,4,1719.29,455.51,73.20,210.10,0.5481,-1,-1,-1
974,60,328.98,807.52,97.18,266.93,0.7683,-1,-1,-1
974,63,926.18,933.00,69.64,147.06,0.7694,-1,-1,-1
974,64,1576.21,589.63,102.77,234.46,0.6294,-1,-1,-1
974,68,847.48,335.42,61.25,208.57,0.6666,-1,-1,-1
974,69,927.26,321.25,64.99,207.04,0.7105,-1,-1,-1
974,66,387.58,421.50,76.78,219.04,0.5676,-1,-1,-1
974,72,326.41,436.44,59.51,190.81,0.4757,-1,-1,-1
974,78,808.49,136.67,53.86,177.60,0.1795,-1,-1,-1
974,80,1205.39,703.09,90.91,270.04,0.7965,-1,-1,-1
974,82,1740.24,670.05,92.51,253.54,0.6885,-1,-1,-1
974,85,1651.51,127.69,57.77,157.21,0.2403,-1,-1,-1
974,76,496.01,242.59,62.41,184.87,0.4492,-1,-1,-1
974,86,413.52,250.93,64.70,186.45,0.3226,-1,-1,-1
975,4,1718.94,455.27,73.66,210.67,0.5843,-1,-1,-1
975,60,328.49,808.89,99.03,265.20,0.7802,-1,-1,-1
975,63,925.03,933.50,69.75,146.54,0.7595,-1,-1,-1
975,64,1577.42,589.73,101.92,234.46,0.6047,-1,-1,-1
975,68,847.08,333.61,61.43,208.62,0.6640,-1,-1,-1
975,69,927.03,320.68,64.48,208.49,0.6908,-1,-1,-1
975,66,387.47,423.42,76.79,218.68,0.5703,-1,-1,-1
975,72,326.90,437.31,58.65,191.06,0.4973,-1,-1,-1
975,78,807.71,136.34,54.45,176.89,0.1897,-1,-1,-1
975,80,1203.96,702.12,89.53,270.39,0.7914,-1,-1,-1
975,82,1738.37,669.49,95.25,254.36,0.6918,-1,-1,-1
975,85,1651.98,127.84,58.52,160.76,0.3283,-1,-1,-1
975,76,496.24,244.14,63.02,186.58,0.4647,-1,-1,-1
975,86,411.54,251.46,67.80,189.54,0.4291,-1,-1,-1
976,4,1719.26,456.72,73.44,209.18,0.5698,-1,-1,-1
976,60,328.54,811.02,100.25,264.55,0.7742,-1,-1,-1
976,63,924.42,933.88,68.94,146.14,0.7337,-1,-1,-1
976,64,1578.41,589.00,101.34,235.08,0.6039,-1,-1,-1
976,68,846.55,332.32,61.65,205.93,0.6726,-1,-1,-1
976,69,925.72,320.12,64.91,210.60,0.6926,-1,-1,-1
976,66,387.93,425.75,75.97,218.77,0.5746,-1,-1,-1
976,72,325.90,437.18,59.21,191.28,0.5091,-1,-1,-1
976,78,808.24,137.23,53.97,176.37,0.2180,-1,-1,-1
976,80,1201.69,700.59,89.62,270.52,0.8038,-1,-1,-1
976,82,1737.73,670.77,96.26,252.72,0.7112,-1,-1,-1
976,85,1655.39,128.05,55.78,158.61,0.3450,-1,-1,-1
976,76,496.44,245.58,63.38,188.63,0.4552,-1,-1,-1
976,86,410.97,252.35,68.20,190.54,0.4364,-1,-1,-1
977,4,1719.28,456.64,73.45,209.87,0.5578,-1,-1,-1
977,60,328.56,813.26,101.66,265.29,0.7843,-1,-1,-1
977,63,922.71,933.80,69.71,146.23,0.7405,-1,-1,-1
977,64,1577.72,588.43,102.57,235.90,0.6107,-1,-1,-1
977,68,846.31,330.56,61.54,203.72,0.6665,-1,-1,-1
977,69,923.63,317.92,64.96,213.06,0.6804,-1,-1,-1
977,66,387.34,428.13,75.75,217.49,0.5711,-1,-1,-1
977,72,324.18,436.92,62.13,193.95,0.4865,-1,-1,-1
977,78,807.07,137.87,55.08,176.01,0.2124,-1,-1,-1
977,80,1201.05,698.58,87.55,272.74,0.7905,-1,-1,-1
977,82,1737.21,669.86,96.49,252.65,0.7134,-1,-1,-1
977,85,1657.30,129.19,55.39,158.71,0.4568,-1,-1,-1
977,76,495.74,247.54,64.10,188.37,0.4387,-1,-1,-1
977,86,408.26,254.90,70.16,189.05,0.4148,-1,-1,-1
977,83,1780.03,161.96,56.43,174.73,0.3457,-1,-1,-1
978,4,1719.30,457.24,73.51,209.17,0.5440,-1,-1,-1
978,60,329.12,815.91,100.96,264.08,0.7920,-1,-1,-1
978,63,922.35,934.19,68.81,145.81,0.7364,-1,-1,-1
978,64,1577.56,589.06,102.55,235.23,0.6092,-1,-1,-1
978,68,845.53,328.38,62.25,200.70,0.6665,-1,-1,-1
978,69,923.00,316.90,64.88,212.03,0.6793,-1,-1,-1
978,66,387.66,429.65,74.42,216.74,0.5471,-1,-1,-1
978,72,322.25,438.45,65.25,195.64,0.4360,-1,-1,-1
978,78,807.58,137.14,54.49,176.23,0.2094,-1,-1,-1
978,80,1199.68,696.02,86.36,273.92,0.7882,-1,-1,-1
978,82,1737.04,669.84,95.88,252.70,0.7100,-1,-1,-1
978,85,1658.51,130.77,54.77,159.50,0.4042,-1,-1,-1
978,76,495.71,249.18,64.38,187.49,0.4549,-1,-1,-1
978,86,407.66,258.60,69.97,186.81,0.4140,-1,-1,-1
978,83,1780.46,164.06,56.57,171.92,0.3121,-1,-1,-1
979,4,1718.97,456.85,73.50,209.70,0.5309,-1,-1,-1
979,60,329.98,818.40,100.10,262.05,0.8076,-1,-1,-1
979,63,921.95,934.77,67.95,145.21,0.7400,-1,-1,-1
979,64,1576.20,589.98,103.60,233.99,0.6143,-1,-1,-1
979,68,845.10,325.58,62.46,199.01,0.6504,-1,-1,-1
979,69,922.52,315.95,64.09,209.88,0.6810,-1,-1,-1
979,66,387.87,431.65,74.69,215.52,0.5978,-1,-1,-1
979,72,312.70,439.08,75.86,199.65,0.5161,-1,-1,-1
979,78,807.19,137.27,55.26,175.72,0.2151,-1,-1,-1
979,80,1199.15,692.49,85.82,275.63,0.7898,-1,-1,-1
979,82,1736.88,669.36,96.16,252.81,0.7057,-1,-1,-1
979,85,1660.01,132.26,54.20,159.30,0.3730,-1,-1,-1
979,76,496.24,249.72,63.65,187.18,0.4903,-1,-1,-1
979,86,405.60,260.50,70.75,185.64,0.4546,-1,-1,-1
979,83,1780.98,163.61,56.48,169.90,0.2354,-1,-1,-1
980,4,1719.68,456.80,72.84,209.30,0.5465,-1,-1,-1
980,60,330.10,821.59,99.19,259.00,0.8206,-1,-1,-1
980,63,921.38,935.58,66.86,144.41,0.7514,-1,-1,-1
980,64,1575.11,590.52,105.12,233.70,0.6258,-1,-1,-1
980,68,845.06,324.40,61.20,198.38,0.6299,-1,-1,-1
980,69,922.02,314.79,63.44,208.69,0.6861,-1,-1,-1
980,66,388.09,432.04,74.93,216.22,0.6374,-1,-1,-1
980,72,309.46,438.57,79.05,205.71,0.6045,-1,-1,-1
980,78,806.87,136.81,55.43,174.64,0.2200,-1,-1,-1
980,80,1198.85,688.64,85.97,273.21,0.7734,-1,-1,-1
980,82,1737.20,668.18,96.95,254.24,0.6966,-1,-1,-1
980,85,1661.58,133.52,53.75,160.20,0.4007,-1,-1,-1
980,76,495.48,249.40,65.03,187.99,0.4454,-1,-1,-1
980,86,404.12,258.86,72.93,187.79,0.4437,-1,-1,-1
980,83,1781.74,168.61,57.24,164.15,0.1593,-1,-1,-1
980,81,1176.38,110.90,61.55,164.67,0.3729,-1,-1,-1
981,4,1719.20,456.69,73.91,209.61,0.5475,-1,-1,-1
981,60,330.19,825.48,98.76,255.23,0.8242,-1,-1,-1
981,63,920.71,936.38,66.60,143.67,0.7438,-1,-1,-1
981,64,1575.14,590.31,105.01,234.04,0.6279,-1,-1,-1
981,68,844.62,322.63,60.37,199.31,0.6143,-1,-1,-1
981,69,920.58,313.26,63.50,207.63,0.6630,-1,-1,-1
981,66,387.88,433.18,74.11,215.87,0.5301,-1,-1,-1
981,72,309.02,440.16,79.56,206.66,0.5142,-1,-1,-1
981,78,807.57,136.05,54.84,175.85,0.1931,-1,-1,-1
981,80,1197.93,684.91,85.75,268.24,0.7786,-1,-1,-1
981,82,1738.90,669.12,93.42,253.03,0.6989,-1,-1,-1
981,85,1661.92,135.63,54.59,159.32,0.3921,-1,-1,-1
981,76,495.49,249.21,64.65,187.12,0.4566,-1,-1,-1
981,86,402.93,257.83,74.68,190.69,0.4353,-1,-1,-1
981,81,1178.03,112.34,61.15,163.85,0.3761,-1,-1,-1
982,4,1719.41,457.07,73.77,209.27,0.5407,-1,-1,-1
982,60,330.42,828.77,97.63,251.78,0.8211,-1,-1,-1
982,63,919.23,937.06,67.18,142.95,0.7421,-1,-1,-1
982,64,1575.14,590.07,105.77,233.92,0.6244,-1,-1,-1
982,68,841.89,319.93,63.42,198.49,0.6024,-1,-1,-1
982,69,921.37,311.14,62.11,204.84,0.6536,-1,-1,-1
982,66,390.10,439.35,71.93,209.74,0.5090,-1,-1,-1
982,72,309.94,442.40,79.04,207.39,0.4837,-1,-1,-1
982,78,808.64,134.94,54.27,175.08,0.1881,-1,-1,-1
982,80,1196.80,681.14,85.69,264.99,0.7703,-1,-1,-1
982,82,1737.63,668.52,96.08,254.15,0.7030,-1,-1,-1
982,85,1661.67,138.37,55.73,157.60,0.4020,-1,-1,-1
982,76,495.46,249.28,64.55,185.39,0.4604,-1,-1,-1
982,86,400.45,259.30,76.91,191.51,0.4456,-1,-1,-1
982,81,1179.94,114.20,61.09,163.93,0.3616,-1,-1,-1
983,4,1719.77,456.88,73.76,210.00,0.5340,-1,-1,-1
983,60,330.36,832.19,95.78,248.27,0.8259,-1,-1,-1
983,63,917.57,937.64,67.57,142.35,0.7389,-1,-1,-1
983,64,1575.21,589.21,105.71,234.83,0.6065,-1,-1,-1
983,68,840.48,317.82,64.41,202.77,0.6487,-1,-1,-1
983,69,922.17,309.11,61.21,204.56,0.6712,-1,-1,-1
983,66,389.29,437.06,71.59,212.56,0.5044,-1,-1,-1
983,72,309.46,445.26,77.06,206.64,0.5068,-1,-1,-1
983,78,809.06,133.91,53.96,175.61,0.1950,-1,-1,-1
983,80,1194.88,677.84,86.68,259.24,0.7636,-1,-1,-1
983,82,1739.01,670.15,92.08,251.82,0.6793,-1,-1,-1
983,85,1661.29,139.82,57.37,157.12,0.3752,-1,-1,-1
983,76,494.73,249.41,65.32,184.87,0.4809,-1,-1,-1
983,86,397.54,259.40,79.97,193.03,0.4443,-1,-1,-1
983,81,1180.90,114.80,61.59,165.29,0.3232,-1,-1,-1
984,4,1719.35,457.35,74.56,210.18,0.5409,-1,-1,-1
984,60,329.80,834.63,95.55,245.77,0.8257,-1,-1,-1
984,63,917.37,938.51,67.17,141.48,0.7370,-1,-1,-1
984,64,1575.13,587.00,106.26,236.83,0.6219,-1,-1,-1
984,68,839.30,316.86,66.69,201.97,0.6542,-1,-1,-1
984,69,921.67,308.06,61.56,203.77,0.6785,-1,-1,-1
984,66,391.56,441.89,69.90,207.34,0.5214,-1,-1,-1
984,72,310.09,449.42,74.95,204.34,0.4620,-1,-1,-1
984,78,809.48,134.14,53.75,174.79,0.1851,-1,-1,-1
984,80,1193.58,674.17,87.82,256.47,0.7552,-1,-1,-1
984,82,1739.59,669.48,92.26,252.35,0.6940,-1,-1,-1
984,85,1661.88,141.01,57.68,157.85,0.3627,-1,-1,-1
984,76,494.28,250.32,65.73,184.32,0.5097,-1,-1,-1
984,86,397.61,259.44,81.33,192.79,0.3954,-1,-1,-1
984,81,1182.15,116.98,60.57,163.83,0.3193,-1,-1,-1
984,87,320.64,260.45,58.10,185.22,0.3916,-1,-1,-1
985,4,1719.37,457.98,74.87,209.22,0.5180,-1,-1,-1
985,60,329.32,836.53,95.32,243.86,0.8158,-1,-1,-1
985,63,915.68,939.70,67.49,140.31,0.7294,-1,-1,-1
985,64,1574.97,587.25,107.04,236.64,0.6100,-1,-1,-1
985,68,837.54,316.07,69.16,201.93,0.6291,-1,-1,-1
985,69,920.93,306.03,61.92,204.41,0.6609,-1,-1,-1
985,66,391.26,443.87,70.34,205.72,0.5316,-1,-1,-1
985,72,306.37,454.73,75.46,196.92,0.4344,-1,-1,-1
985,78,810.02,133.85,52.99,174.75,0.1955,-1,-1,-1
985,80,1191.78,670.93,89.16,258.59,0.7661,-1,-1,-1
985,82,1739.88,670.43,90.56,251.30,0.6748,-1,-1,-1
985,85,1663.30,142.00,57.05,159.16,0.3611,-1,-1,-1
985,76,494.03,251.11,66.50,185.19,0.5403,-1,-1,-1
985,86,397.67,260.31,80.34,191.89,0.3297,-1,-1,-1
985,81,1183.19,118.35,60.52,162.64,0.3206,-1,-1,-1
985,87,319.97,262.06,56.38,185.22,0.3794,-1,-1,-1
986,4,1720.10,457.73,74.14,208.99,0.4966,-1,-1,-1
986,60,329.29,837.64,94.79,242.66,0.7984,-1,-1,-1
986,63,915.03,940.41,67.34,139.58,0.7138,-1,-1,-1
986,64,1574.90,585.14,107.45,238.92,0.6145,-1,-1,-1
986,68,837.91,316.19,67.72,204.70,0.6420,-1,-1,-1
986,69,920.25,304.00,62.90,205.58,0.6641,-1,-1,-1
986,66,391.54,444.92,70.08,205.26,0.5417,-1,-1,-1
986,72,303.22,457.82,77.17,193.87,0.4422,-1,-1,-1
986,78,809.55,134.06,53.68,174.14,0.1902,-1,-1,-1
986,80,1190.49,667.96,88.71,257.82,0.7544,-1,-1,-1
986,82,1740.01,670.30,90.66,252.00,0.6857,-1,-1,-1
986,85,1665.24,142.98,55.79,157.24,0.3684,-1,-1,-1
986,76,493.65,252.73,67.29,185.07,0.5201,-1,-1,-1
986,86,396.04,259.25,82.17,194.12,0.3923,-1,-1,-1
986,81,1184.82,119.44,58.67,160.96,0.2587,-1,-1,-1
986,87,320.15,263.62,55.10,185.52,0.3518,-1,-1,-1
987,4,1719.68,457.58,74.67,209.28,0.5071,-1,-1,-1
987,60,329.59,838.97,93.60,241.29,0.7834,-1,-1,-1
987,63,913.01,940.80,68.27,139.20,0.7142,-1,-1,-1
987,64,1574.69,585.38,107.14,239.02,0.6250,-1,-1,-1
987,68,835.78,315.42,70.29,203.77,0.6327,-1,-1,-1
987,69,919.44,302.36,64.58,205.54,0.6760,-1,-1,-1
987,66,391.37,445.40,70.28,205.57,0.5457,-1,-1,-1
987,72,301.60,458.13,78.43,194.40,0.4658,-1,-1,-1
987,78,810.47,134.61,52.80,173.66,0.1895,-1,-1,-1
987,80,1190.55,666.03,88.06,257.74,0.7517,-1,-1,-1
987,82,1740.23,670.47,90.75,251.84,0.6776,-1,-1,-1
987,85,1667.57,144.38,54.78,155.60,0.3985,-1,-1,-1
987,76,493.93,253.80,67.24,187.10,0.5079,-1,-1,-1
987,86,395.48,257.36,80.54,196.23,0.3737,-1,-1,-1
987,81,1186.78,120.31,56.74,160.71,0.2538,-1,-1,-1
987,87,318.70,265.08,54.95,187.06,0.3694,-1,-1,-1
988,4,1720.20,457.70,74.55,209.74,0.5130,-1,-1,-1
988,60,329.21,840.38,93.41,239.96,0.7764,-1,-1,-1
988,63,912.88,941.31,67.34,138.72,0.7181,-1,-1,-1
988,64,1574.99,585.81,106.20,238.51,0.6241,-1,-1,-1
988,68,835.11,314.71,70.95,204.34,0.6249,-1,-1,-1
988,69,919.20,301.06,65.86,207.34,0.6507,-1,-1,-1
988,66,388.73,442.59,72.45,211.68,0.5696,-1,-1,-1
988,72,300.02,459.40,79.10,194.17,0.4696,-1,-1,-1
988,78,811.73,134.51,51.43,173.66,0.2218,-1,-1,-1
988,80,1189.57,664.50,88.27,258.11,0.7255,-1,-1,-1
988,82,1740.12,669.43,91.08,252.42,0.6800,-1,-1,-1
988,85,1670.28,144.64,53.45,154.83,0.4014,-1,-1,-1
988,76,494.04,255.30,67.79,187.60,0.4959,-1,-1,-1
988,86,397.10,256.84,76.90,197.15,0.4426,-1,-1,-1
988,81,1187.53,120.19,56.62,162.44,0.2730,-1,-1,-1
988,87,315.54,269.52,55.72,183.88,0.3979,-1,-1,-1
989,4,1720.45,458.55,75.20,208.89,0.4899,-1,-1,-1
989,60,328.50,841.97,94.02,238.28,0.7704,-1,-1,-1
989,63,911.94,941.67,66.68,138.36,0.7060,-1,-1,-1
989,64,1575.56,585.03,105.19,239.42,0.6464,-1,-1,-1
989,68,834.79,313.61,70.93,204.10,0.6209,-1,-1,-1
989,69,918.95,300.36,67.05,207.87,0.6215,-1,-1,-1
989,66,388.08,442.94,72.51,216.05,0.6146,-1,-1,-1
989,72,299.17,460.24,78.92,193.89,0.4845,-1,-1,-1
989,78,809.95,134.34,53.26,174.14,0.2114,-1,-1,-1
989,80,1187.89,663.89,88.73,248.76,0.7231,-1,-1,-1
989,82,1740.34,669.57,91.21,252.57,0.6841,-1,-1,-1
989,85,1671.95,145.53,52.93,156.43,0.4345,-1,-1,-1
989,76,494.43,256.78,67.06,187.12,0.4879,-1,-1,-1
989,86,398.12,257.69,73.93,199.04,0.4667,-1,-1,-1
989,81,1188.95,122.68,53.69,165.01,0.3302,-1,-1,-1
989,87,314.20,274.02,55.87,178.18,0.3818,-1,-1,-1
990,4,1721.03,457.94,75.50,208.51,0.5166,-1,-1,-1
990,60,327.92,843.61,94.34,236.56,0.7772,-1,-1,-1
990,63,910.36,941.82,66.77,138.17,0.7077,-1,-1,-1
990,64,1574.68,585.02,105.53,239.41,0.6412,-1,-1,-1
990,68,834.77,312.59,71.08,204.61,0.6357,-1,-1,-1
990,69,919.71,300.06,66.84,207.10,0.6090,-1,-1,-1
990,66,387.98,444.32,72.80,217.56,0.6316,-1,-1,-1
990,72,298.57,460.34,78.53,194.43,0.4836,-1,-1,-1
990,78,808.59,135.80,54.67,172.88,0.2086,-1,-1,-1
990,80,1186.84,663.11,87.45,242.06,0.7089,-1,-1,-1
990,82,1740.39,668.89,90.55,252.96,0.6723,-1,-1,-1
990,85,1673.23,145.42,53.22,158.92,0.4369,-1,-1,-1
990,76,496.71,258.89,64.84,186.30,0.4602,-1,-1,-1
990,86,404.15,260.92,65.21,199.34,0.4407,-1,-1,-1
990,81,1190.88,122.32,51.47,167.28,0.3999,-1,-1,-1
990,87,314.56,275.96,55.13,175.55,0.3137,-1,-1,-1
991,4,1720.12,458.02,77.55,208.66,0.5164,-1,-1,-1
991,60,327.60,845.14,94.13,234.99,0.7794,-1,-1,-1
991,63,909.82,942.65,66.66,137.33,0.7295,-1,-1,-1
991,64,1574.47,585.41,107.08,239.12,0.6625,-1,-1,-1
991,68,835.08,311.79,70.26,203.53,0.6162,-1,-1,-1
991,69,920.15,299.37,66.31,210.31,0.5669,-1,-1,-1
991,66,387.08,445.09,73.24,219.74,0.5909,-1,-1,-1
991,72,298.45,459.45,78.14,194.92,0.4324,-1,-1,-1
991,78,809.64,135.07,54.67,173.90,0.2018,-1,-1,-1
991,80,1186.29,661.20,87.39,250.38,0.7374,-1,-1,-1
991,82,1739.62,668.15,90.45,254.07,0.6911,-1,-1,-1
991,85,1673.74,145.73,54.65,160.93,0.4351,-1,-1,-1
991,76,498.19,260.42,62.85,186.73,0.5418,-1,-1,-1
991,86,402.43,262.45,65.25,201.83,0.4701,-1,-1,-1
991,81,1191.54,119.72,55.09,169.91,0.2968,-1,-1,-1
991,87,314.86,275.07,55.98,177.30,0.3034,-1,-1,-1
992,4,1719.41,457.99,78.99,208.51,0.5465,-1,-1,-1
992,60,327.60,846.72,93.41,233.47,0.7838,-1,-1,-1
992,63,909.01,943.13,66.59,136.86,0.7291,-1,-1,-1
992,64,1574.96,585.07,107.11,239.32,0.6795,-1,-1,-1
992,68,835.12,311.02,69.34,199.04,0.6173,-1,-1,-1
992,69,919.78,299.56,66.74,210.97,0.6108,-1,-1,-1
992,66,385.79,447.80,73.72,219.03,0.6126,-1,-1,-1
992,72,298.97,458.01,78.17,196.28,0.4760,-1,-1,-1
992,78,810.20,134.30,54.25,174.44,0.1958,-1,-1,-1
992,80,1184.39,659.69,87.53,255.76,0.7232,-1,-1,-1
992,82,1739.82,668.43,89.60,254.24,0.6791,-1,-1,-1
992,85,1673.21,146.61,57.25,161.68,0.4457,-1,-1,-1
992,76,497.02,261.81,63.87,187.46,0.5677,-1,-1,-1
992,86,400.62,263.18,67.19,205.14,0.5006,-1,-1,-1
992,81,1191.61,119.38,58.15,172.65,0.3272,-1,-1,-1
992,87,313.70,275.78,56.25,177.25,0.2703,-1,-1,-1
993,4,1719.50,457.39,78.64,209.81,0.5240,-1,-1,-1
993,60,327.53,847.91,92.81,232.18,0.7816,-1,-1,-1
993,63,908.39,943.81,67.14,136.15,0.7397,-1,-1,-1
993,64,1574.84,585.25,107.00,238.92,0.6825,-1,-1,-1
993,68,836.23,310.31,67.60,197.97,0.6127,-1,-1,-1
993,69,921.06,298.90,64.92,211.15,0.5868,-1,-1,-1
993,66,384.03,451.27,74.75,218.97,0.6136,-1,-1,-1
993,72,301.22,460.60,76.75,194.52,0.5120,-1,-1,-1
993,78,810.18,134.01,53.77,174.21,0.1707,-1,-1,-1
993,80,1182.71,658.23,88.09,254.41,0.7072,-1,-1,-1
993,82,1740.07,667.77,90.71,255.28,0.6827,-1,-1,-1
993,85,1672.80,147.65,59.43,163.90,0.3875,-1,-1,-1
993,76,497.27,263.07,63.89,186.67,0.5456,-1,-1,-1
993,86,402.96,265.44,64.11,201.83,0.5001,-1,-1,-1
993,81,1192.17,120.17,60.08,173.97,0.3518,-1,-1,-1
993,87,313.01,277.85,57.12,177.12,0.3273,-1,-1,-1
994,4,1718.93,457.87,79.50,209.52,0.5426,-1,-1,-1
994,60,328.31,849.79,90.92,230.27,0.7850,-1,-1,-1
994,63,906.83,944.01,68.99,135.95,0.7345,-1,-1,-1
994,64,1575.45,585.28,106.06,238.94,0.6773,-1,-1,-1
994,68,838.14,307.98,64.52,199.63,0.6286,-1,-1,-1
994,69,922.05,297.62,65.56,210.52,0.5905,-1,-1,-1
994,66,382.05,453.88,75.67,217.80,0.6197,-1,-1,-1
994,72,303.92,462.52,74.13,194.31,0.5319,-1,-1,-1
994,78,810.77,134.12,53.33,173.78,0.1936,-1,-1,-1
994,80,1181.29,656.11,88.01,258.20,0.7173,-1,-1,-1
994,82,1738.26,669.86,95.51,253.98,0.6769,-1,-1,-1
994,85,1671.07,149.55,62.24,162.99,0.3430,-1,-1,-1
994,76,498.83,264.53,62.97,184.99,0.5244,-1,-1,-1
994,86,402.16,265.97,64.80,203.22,0.5159,-1,-1,-1
994,81,1192.86,121.78,60.59,176.19,0.3017,-1,-1,-1
994,87,314.48,279.61,58.19,174.52,0.3576,-1,-1,-1
995,4,1719.19,458.12,79.43,208.99,0.5495,-1,-1,-1
995,60,329.02,852.25,90.49,227.85,0.7778,-1,-1,-1
995,63,906.41,944.61,69.16,135.37,0.7331,-1,-1,-1
995,64,1576.34,586.08,104.62,238.08,0.6632,-1,-1,-1
995,68,839.31,306.17,63.04,197.33,0.5836,-1,-1,-1
995,69,921.93,295.74,66.28,210.52,0.5856,-1,-1,-1
995,66,381.58,455.41,75.29,217.90,0.6158,-1,-1,-1
995,72,305.20,463.42,72.66,196.46,0.5613,-1,-1,-1
995,78,809.26,133.91,54.94,174.15,0.1727,-1,-1,-1
995,80,1178.34,654.25,87.09,254.34,0.7372,-1,-1,-1
995,82,1737.90,670.19,96.56,254.39,0.6797,-1,-1,-1
995,85,1669.91,152.24,64.81,162.05,0.3459,-1,-1,-1
995,76,499.62,265.80,62.61,184.35,0.4951,-1,-1,-1
995,86,402.38,265.90,63.86,206.36,0.5076,-1,-1,-1
995,81,1191.59,122.43,61.43,177.80,0.2481,-1,-1,-1
995,87,313.47,279.83,58.85,177.51,0.3528,-1,-1,-1
996,4,1719.83,458.36,78.55,208.31,0.5566,-1,-1,-1
996,60,329.35,853.70,90.32,226.34,0.7834,-1,-1,-1
996,63,906.51,945.17,68.32,134.80,0.7313,-1,-1,-1
996,64,1576.14,586.03,104.31,238.02,0.6556,-1,-1,-1
996,68,840.12,304.39,62.24,195.86,0.6331,-1,-1,-1
996,69,922.08,293.97,67.93,209.98,0.5693,-1,-1,-1
996,66,380.52,456.37,75.84,217.37,0.6263,-1,-1,-1
996,72,306.93,463.52,70.37,202.12,0.5757,-1,-1,-1
996,78,808.43,133.56,56.14,175.13,0.1925,-1,-1,-1
996,80,1177.18,651.68,86.13,257.12,0.7636,-1,-1,-1
996,82,1739.49,670.08,92.53,253.24,0.6779,-1,-1,-1
996,85,1670.28,153.75,64.66,163.64,0.3360,-1,-1,-1
996,76,499.88,265.94,63.09,184.95,0.4852,-1,-1,-1
996,86,402.74,267.78,62.95,207.88,0.5283,-1,-1,-1
996,81,1192.18,126.58,61.18,176.13,0.2229,-1,-1,-1
996,87,312.28,279.33,58.32,178.55,0.3614,-1,-1,-1
997,4,1720.08,458.14,78.66,208.62,0.5354,-1,-1,-1
997,60,329.15,856.76,91.12,223.21,0.7794,-1,-1,-1
997,63,906.01,945.50,68.59,134.42,0.7348,-1,-1,-1
997,64,1576.29,586.41,103.47,237.47,0.6555,-1,-1,-1
997,68,841.32,302.38,60.67,194.95,0.6105,-1,-1,-1
997,69,922.69,291.38,66.48,210.98,0.5848,-1,-1,-1
997,66,380.65,457.02,76.00,216.94,0.6295,-1,-1,-1
997,72,307.42,464.72,70.19,204.18,0.5936,-1,-1,-1
997,78,808.80,133.69,55.62,174.82,0.2167,-1,-1,-1
997,80,1176.03,648.41,84.79,256.83,0.7588,-1,-1,-1
997,82,1740.71,670.29,89.62,252.22,0.6758,-1,-1,-1
997,85,1670.12,155.87,65.70,162.91,0.3431,-1,-1,-1
997,76,502.33,264.80,61.60,185.60,0.5050,-1,-1,-1
997,86,401.43,267.45,63.57,209.09,0.4740,-1,-1,-1
997,81,1193.05,127.04,62.82,179.15,0.2315,-1,-1,-1
997,87,311.11,278.63,57.87,182.36,0.3517,-1,-1,-1
998,4,1721.22,458.28,77.29,208.92,0.5764,-1,-1,-1
998,60,329.32,860.05,91.14,219.97,0.7687,-1,-1,-1
998,63,905.30,945.66,69.03,134.31,0.7315,-1,-1,-1
998,64,1576.52,586.58,103.80,237.77,0.6735,-1,-1,-1
998,68,842.21,299.30,60.69,195.95,0.5720,-1,-1,-1
998,69,923.02,288.96,66.87,210.66,0.5794,-1,-1,-1
998,66,379.98,457.76,77.50,216.54,0.5851,-1,-1,-1
998,72,307.52,467.79,70.73,203.22,0.5810,-1,-1,-1
998,78,809.22,133.81,55.17,174.83,0.2293,-1,-1,-1
998,80,1175.71,643.42,83.78,256.69,0.7625,-1,-1,-1
998,82,1741.19,670.08,88.33,254.02,0.6839,-1,-1,-1
998,85,1670.06,158.86,66.59,160.34,0.4056,-1,-1,-1
998,76,503.65,264.58,61.03,186.07,0.5315,-1,-1,-1
998,86,400.56,268.73,63.38,207.58,0.3999,-1,-1,-1
998,81,1193.73,130.75,64.73,177.25,0.2681,-1,-1,-1
998,87,311.12,279.08,58.88,182.86,0.3911,-1,-1,-1
999,4,1721.15,458.19,76.93,209.29,0.5487,-1,-1,-1
999,60,329.70,863.82,91.44,216.27,0.7800,-1,-1,-1
999,63,905.19,946.00,68.96,134.00,0.7227,-1,-1,-1
999,64,1577.71,586.74,102.80,237.29,0.6477,-1,-1,-1
999,68,842.91,296.94,60.46,197.05,0.5633,-1,-1,-1
999,69,923.85,286.61,68.53,210.69,0.5774,-1,-1,-1
999,66,379.05,457.82,79.19,216.74,0.5324,-1,-1,-1
999,72,307.81,467.92,70.47,205.26,0.5901,-1,-1,-1
999,78,809.68,133.90,54.90,174.67,0.1903,-1,-1,-1
999,80,1175.45,639.33,82.76,255.17,0.7533,-1,-1,-1
999,82,1741.38,669.50,88.48,254.22,0.6788,-1,-1,-1
999,85,1671.10,161.41,65.87,160.45,0.4189,-1,-1,-1
999,76,503.07,265.56,61.68,185.97,0.5095,-1,-1,-1
999,86,401.13,269.81,62.15,205.91,0.4258,-1,-1,-1
999,81,1195.04,132.53,65.21,179.82,0.2261,-1,-1,-1
999,87,310.23,278.02,59.79,186.50,0.2926,-1,-1,-1
1000,4,1721.39,457.82,75.95,209.64,0.5490,-1,-1,-1
1000,60,330.32,867.26,91.34,212.80,0.7948,-1,-1,-1
1000,63,905.33,946.25,68.51,133.77,0.7306,-1,-1,-1
1000,64,1577.24,586.38,102.48,237.70,0.6524,-1,-1,-1
1000,68,843.06,295.19,60.62,199.50,0.5312,-1,-1,-1
1000,69,925.29,284.69,66.56,207.41,0.5484,-1,-1,-1
1000,66,377.61,458.10,82.25,216.79,0.5374,-1,-1,-1
1000,72,307.26,470.26,71.20,204.21,0.6243,-1,-1,-1
1000,78,810.09,133.47,54.69,175.26,0.1769,-1,-1,-1
1000,80,1174.19,636.84,83.92,253.45,0.7513,-1,-1,-1
1000,82,1741.90,671.30,88.63,252.68,0.6617,-1,-1,-1
1000,85,1672.62,163.06,64.11,161.41,0.3706,-1,-1,-1
1000,76,503.53,265.21,61.84,185.90,0.4706,-1,-1,-1
1000,86,400.50,269.77,64.78,207.20,0.3394,-1,-1,-1
1000,81,1197.58,132.96,65.37,183.39,0.2379,-1,-1,-1
1000,87,309.74,279.33,59.69,186.60,0.3016,-1,-1,-1
1001,4,1720.86,458.42,75.58,209.23,0.5610,-1,-1,-1
1001,60,332.09,870.12,90.90,209.89,0.7963,-1,-1,-1
1001,63,905.09,946.62,68.92,133.38,0.7319,-1,-1,-1
1001,64,1575.31,586.30,104.44,237.76,0.6562,-1,-1,-1
1001,68,843.48,294.30,60.30,200.58,0.5509,-1,-1,-1
1001,69,926.24,283.06,65.79,203.73,0.5573,-1,-1,-1
1001,66,377.04,458.18,81.58,216.64,0.5254,-1,-1,-1
1001,72,306.82,471.84,72.10,202.73,0.5708,-1,-1,-1
1001,78,811.37,133.64,53.48,174.75,0.1559,-1,-1,-1
1001,80,1174.44,634.66,84.14,253.87,0.7634,-1,-1,-1
1001,82,1741.88,669.18,86.89,254.88,0.6402,-1,-1,-1
1001,85,1673.81,164.22,62.43,161.22,0.3791,-1,-1,-1
1001,76,503.45,266.81,61.86,186.26,0.4799,-1,-1,-1
1001,86,399.52,269.85,67.06,206.39,0.3867,-1,-1,-1
1001,81,1199.67,136.74,64.73,176.67,0.2695,-1,-1,-1
1001,87,308.63,280.16,60.38,186.41,0.3205,-1,-1,-1
1002,4,1721.01,458.28,74.41,210.04,0.5526,-1,-1,-1
1002,60,333.87,873.41,90.77,206.67,0.7895,-1,-1,-1
1002,63,904.24,946.84,69.46,133.20,0.7411,-1,-1,-1
1002,64,1573.76,586.66,106.35,237.55,0.6611,-1,-1,-1
1002,68,843.38,293.90,60.12,202.38,0.5453,-1,-1,-1
1002,69,927.20,281.90,63.59,203.46,0.5636,-1,-1,-1
1002,66,378.21,458.54,80.98,216.27,0.5520,-1,-1,-1
1002,72,305.43,475.50,73.64,199.54,0.5338,-1,-1,-1
1002,78,811.40,133.85,53.11,174.51,0.1561,-1,-1,-1
1002,80,1174.92,632.75,84.02,255.64,0.7692,-1,-1,-1
1002,82,1742.77,670.74,84.23,253.60,0.6520,-1,-1,-1
1002,85,1674.67,164.59,61.40,160.88,0.3234,-1,-1,-1
1002,76,502.69,268.09,62.72,187.64,0.5036,-1,-1,-1
1002,86,398.16,264.63,69.04,210.19,0.2993,-1,-1,-1
1002,81,1200.72,132.78,66.02,182.38,0.1953,-1,-1,-1
1002,87,306.95,280.63,62.32,188.05,0.3102,-1,-1,-1
1003,4,1720.81,459.32,73.56,209.46,0.5564,-1,-1,-1
1003,60,335.91,875.92,89.59,204.14,0.7922,-1,-1,-1
1003,63,904.82,947.46,68.81,132.56,0.7487,-1,-1,-1
1003,64,1573.87,587.72,106.68,236.40,0.6746,-1,-1,-1
1003,68,843.22,293.46,60.47,202.89,0.5556,-1,-1,-1
1003,69,927.16,279.99,64.38,202.88,0.5799,-1,-1,-1
1003,66,378.68,459.37,79.74,215.83,0.5888,-1,-1,-1
1003,72,303.62,474.56,75.72,200.34,0.5403,-1,-1,-1
1003,78,811.07,134.47,53.57,174.17,0.1725,-1,-1,-1
1003,80,1174.22,629.90,84.23,258.66,0.7760,-1,-1,-1
1003,82,1743.77,672.70,84.53,252.51,0.6624,-1,-1,-1
1003,85,1676.18,164.19,59.84,161.41,0.3410,-1,-1,-1
1003,76,501.50,269.75,64.26,190.20,0.5757,-1,-1,-1
1003,86,397.57,263.83,70.61,211.80,0.3290,-1,-1,-1
1003,81,1202.29,122.71,66.05,192.88,0.2256,-1,-1,-1
1003,87,306.81,281.47,63.28,187.93,0.3867,-1,-1,-1
1004,4,1719.91,458.68,74.23,210.35,0.5258,-1,-1,-1
1004,60,338.01,878.02,89.27,201.97,0.7991,-1,-1,-1
1004,63,904.48,947.66,68.91,132.32,0.7350,-1,-1,-1
1004,64,1574.04,587.85,106.65,236.41,0.6677,-1,-1,-1
1004,68,844.32,293.44,58.34,204.71,0.5930,-1,-1,-1
1004,69,927.02,279.92,63.58,202.34,0.6020,-1,-1,-1
1004,66,379.20,458.71,79.69,218.38,0.6273,-1,-1,-1
1004,72,302.08,474.16,76.05,199.67,0.4456,-1,-1,-1
1004,78,811.69,134.34,52.89,174.21,0.1615,-1,-1,-1
1004,80,1172.77,629.28,85.02,258.37,0.7750,-1,-1,-1
1004,82,1744.26,673.07,85.69,253.46,0.6366,-1,-1,-1
1004,85,1678.37,164.37,58.39,161.85,0.3158,-1,-1,-1
1004,76,501.54,271.76,64.19,190.59,0.5788,-1,-1,-1
1004,81,1204.27,102.72,67.16,211.45,0.2210,-1,-1,-1
1004,87,306.32,283.44,63.60,185.12,0.4080,-1,-1,-1
1005,4,1720.04,458.19,73.60,211.64,0.5428,-1,-1,-1
1005,60,340.34,879.24,88.90,200.71,0.8005,-1,-1,-1
1005,63,904.17,947.80,69.15,132.16,0.7349,-1,-1,-1
1005,64,1574.52,587.78,106.46,236.78,0.6471,-1,-1,-1
1005,68,844.62,293.27,57.57,205.04,0.6137,-1,-1,-1
1005,69,927.70,279.10,63.17,202.47,0.6230,-1,-1,-1
1005,66,379.63,459.44,79.42,221.21,0.5909,-1,-1,-1
1005,72,313.57,480.59,65.35,191.81,0.4013,-1,-1,-1
1005,78,810.74,134.58,53.78,174.23,0.1988,-1,-1,-1
1005,80,1171.25,627.98,85.41,259.63,0.7777,-1,-1,-1
1005,82,1744.55,673.71,86.97,253.60,0.6360,-1,-1,-1
1005,85,1678.78,165.17,58.81,159.71,0.3720,-1,-1,-1
1005,76,500.68,274.27,64.54,188.56,0.6125,-1,-1,-1
1005,81,1206.40,93.65,67.71,222.12,0.2686,-1,-1,-1
1005,87,305.69,285.37,63.91,184.55,0.4616,-1,-1,-1
1005,88,599.34,548.03,77.60,243.15,0.4574,-1,-1,-1
1006,4,1719.62,457.97,73.79,211.16,0.5259,-1,-1,-1
1006,60,342.05,881.22,89.45,198.90,0.8022,-1,-1,-1
1006,63,904.52,948.81,68.68,131.24,0.7277,-1,-1,-1
1006,64,1574.53,588.48,106.49,236.09,0.6676,-1,-1,-1
1006,68,844.29,292.30,58.56,203.96,0.6554,-1,-1,-1
1006,69,928.72,278.79,62.19,202.13,0.5945,-1,-1,-1
1006,66,380.84,460.54,78.76,222.12,0.5390,-1,-1,-1
1006,72,319.05,483.13,60.32,188.14,0.4028,-1,-1,-1
1006,78,810.67,135.44,53.87,173.27,0.1702,-1,-1,-1
1006,80,1169.41,627.34,86.87,260.91,0.7661,-1,-1,-1
1006,82,1745.37,671.96,87.73,254.28,0.5949,-1,-1,-1
1006,85,1679.92,165.76,59.20,158.42,0.3658,-1,-1,-1
1006,76,501.74,276.79,62.96,187.30,0.5683,-1,-1,-1
1006,81,1208.69,90.69,66.74,224.46,0.2703,-1,-1,-1
1006,87,306.94,288.18,62.93,184.73,0.4342,-1,-1,-1
1006,88,598.41,547.67,78.81,244.22,0.4764,-1,-1,-1
1007,4,1719.22,458.29,75.12,210.96,0.5485,-1,-1,-1
1007,60,343.56,882.88,90.57,197.19,0.8143,-1,-1,-1
1007,63,904.76,948.92,68.10,131.13,0.7239,-1,-1,-1
1007,64,1575.16,589.60,105.38,234.82,0.6643,-1,-1,-1
1007,68,844.29,291.16,59.06,202.39,0.6928,-1,-1,-1
1007,69,930.59,275.87,59.53,204.98,0.6564,-1,-1,-1
1007,66,383.56,464.83,79.29,224.73,0.5605,-1,-1,-1
1007,72,320.16,483.02,59.81,187.98,0.4475,-1,-1,-1
1007,78,811.78,135.87,52.71,173.49,0.2060,-1,-1,-1
1007,80,1167.55,627.44,87.93,259.60,0.7632,-1,-1,-1
1007,82,1746.22,671.00,88.55,256.65,0.6233,-1,-1,-1
1007,85,1682.80,166.14,57.44,157.89,0.3582,-1,-1,-1
1007,76,502.14,279.31,62.58,187.66,0.5994,-1,-1,-1
1007,81,1210.99,88.41,65.55,226.14,0.2516,-1,-1,-1
1007,87,306.63,290.70,63.18,185.62,0.4827,-1,-1,-1
1007,88,597.95,547.92,79.23,243.78,0.4767,-1,-1,-1
1008,4,1718.98,458.37,75.35,211.24,0.5497,-1,-1,-1
1008,60,344.83,883.96,91.73,196.07,0.8084,-1,-1,-1
1008,63,904.70,949.25,68.05,130.77,0.7353,-1,-1,-1
1008,64,1575.31,589.06,105.52,235.73,0.6717,-1,-1,-1
1008,68,844.65,289.01,59.13,202.10,0.6845,-1,-1,-1
1008,69,931.48,274.07,58.10,207.19,0.6626,-1,-1,-1
1008,66,382.74,464.50,79.34,224.16,0.5741,-1,-1,-1
1008,72,319.53,483.80,61.24,188.78,0.4973,-1,-1,-1
1008,78,810.97,135.47,53.24,173.83,0.1851,-1,-1,-1
1008,80,1165.59,626.42,87.62,259.63,0.7600,-1,-1,-1
1008,82,1746.35,672.26,88.42,255.91,0.5953,-1,-1,-1
1008,85,1685.17,166.23,56.09,157.46,0.3612,-1,-1,-1
1008,76,501.05,280.77,63.31,188.92,0.5668,-1,-1,-1
1008,81,1211.44,87.88,68.13,228.16,0.2538,-1,-1,-1
1008,87,305.82,292.09,63.76,186.51,0.4919,-1,-1,-1
1008,88,597.24,548.17,79.83,244.00,0.5265,-1,-1,-1
1009,4,1719.43,458.17,76.46,212.01,0.5566,-1,-1,-1
1009,60,345.50,886.16,94.87,193.86,0.8106,-1,-1,-1
1009,63,904.77,949.73,67.88,130.27,0.7388,-1,-1,-1
1009,64,1575.37,589.32,105.83,235.62,0.6870,-1,-1,-1
1009,68,844.73,287.80,59.61,198.06,0.6418,-1,-1,-1
1009,69,930.03,276.07,59.69,205.26,0.6106,-1,-1,-1
1009,66,381.74,465.65,81.31,224.61,0.5713,-1,-1,-1
1009,72,318.85,484.42,62.47,189.42,0.4912,-1,-1,-1
1009,78,810.16,135.14,53.74,173.80,0.1801,-1,-1,-1
1009,80,1161.66,624.86,87.39,260.04,0.7598,-1,-1,-1
1009,82,1745.56,672.03,89.89,253.78,0.5841,-1,-1,-1
1009,85,1686.91,167.16,55.12,158.27,0.3430,-1,-1,-1
1009,76,501.31,280.55,62.23,190.51,0.5671,-1,-1,-1
1009,81,1213.83,89.14,71.21,229.21,0.2196,-1,-1,-1
1009,87,305.28,293.95,63.19,183.65,0.4538,-1,-1,-1
1009,88,594.27,548.09,82.78,244.36,0.5675,-1,-1,-1
1010,4,1718.93,457.85,78.01,212.27,0.5378,-1,-1,-1
1010,60,346.42,888.05,96.05,191.98,0.8095,-1,-1,-1
1010,63,904.46,949.76,68.50,130.24,0.7316,-1,-1,-1
1010,64,1575.48,589.16,105.70,235.17,0.6752,-1,-1,-1
1010,68,844.50,285.67,60.17,197.64,0.6318,-1,-1,-1
1010,69,929.80,276.15,60.50,206.07,0.6284,-1,-1,-1
1010,66,381.17,467.03,82.06,226.25,0.5126,-1,-1,-1
1010,72,317.71,484.49,63.78,191.42,0.4846,-1,-1,-1
1010,78,810.72,135.37,52.94,172.87,0.1599,-1,-1,-1
1010,80,1158.53,623.28,88.82,259.16,0.7590,-1,-1,-1
1010,82,1743.95,671.29,92.69,251.62,0.5448,-1,-1,-1
1010,85,1688.45,167.47,54.86,158.68,0.3130,-1,-1,-1
1010,76,501.48,282.48,61.01,189.89,0.5170,-1,-1,-1
1010,87,305.28,294.62,61.96,182.59,0.4089,-1,-1,-1
1010,88,592.52,549.47,84.66,242.98,0.5751,-1,-1,-1
1011,4,1718.19,457.12,78.89,213.03,0.5520,-1,-1,-1
1011,60,348.02,890.30,96.70,189.65,0.8000,-1,-1,-1
1011,63,904.22,949.74,68.47,130.24,0.7364,-1,-1,-1
1011,64,1575.15,589.94,105.38,234.74,0.6662,-1,-1,-1
1011,68,845.08,283.09,60.67,195.45,0.5813,-1,-1,-1
1011,69,929.04,276.06,61.73,205.50,0.6176,-1,-1,-1
1011,66,380.34,467.85,82.73,227.92,0.4543,-1,-1,-1
1011,72,316.68,484.93,64.45,194.48,0.4341,-1,-1,-1
1011,80,1156.54,621.44,89.76,259.86,0.7501,-1,-1,-1
1011,82,1739.75,671.82,97.44,251.27,0.4296,-1,-1,-1
1011,85,1689.13,168.90,55.01,158.51,0.3303,-1,-1,-1
1011,76,501.46,282.86,60.04,190.59,0.4517,-1,-1,-1
1011,87,306.08,295.78,59.86,183.44,0.3645,-1,-1,-1
1011,88,591.77,549.21,85.72,243.27,0.5547,-1,-1,-1
1012,4,1718.01,456.52,79.01,213.18,0.5417,-1,-1,-1
1012,60,348.65,892.93,99.14,187.05,0.8092,-1,-1,-1
1012,63,903.88,949.57,69.26,130.41,0.7304,-1,-1,-1
1012,64,1574.52,588.86,105.92,235.83,0.6592,-1,-1,-1
1012,68,845.03,281.45,60.04,194.37,0.5904,-1,-1,-1
1012,69,930.19,274.23,61.20,205.74,0.5721,-1,-1,-1
1012,66,380.26,469.43,81.61,227.56,0.4316,-1,-1,-1
1012,72,315.94,486.11,65.49,199.41,0.4081,-1,-1,-1
1012,80,1154.57,618.90,89.99,260.75,0.7542,-1,-1,-1
1012,82,1737.06,674.62,99.80,251.08,0.4108,-1,-1,-1
1012,85,1689.20,170.38,56.06,157.79,0.3012,-1,-1,-1
1012,76,500.02,283.91,60.96,189.03,0.4220,-1,-1,-1
1012,87,305.88,296.67,58.63,183.61,0.3176,-1,-1,-1
1012,88,590.30,550.03,87.21,242.82,0.5625,-1,-1,-1
1013,4,1717.43,456.26,79.85,213.06,0.5711,-1,-1,-1
1013,60,349.74,895.61,100.52,184.36,0.8033,-1,-1,-1
1013,63,903.84,949.37,69.03,130.61,0.7071,-1,-1,-1
1013,64,1574.78,589.41,106.02,235.29,0.6641,-1,-1,-1
1013,68,845.39,279.83,59.39,195.95,0.6106,-1,-1,-1
1013,69,930.16,272.32,61.38,206.23,0.5834,-1,-1,-1
1013,66,380.32,471.10,81.26,227.06,0.4630,-1,-1,-1
1013,72,314.68,487.18,66.01,204.63,0.3972,-1,-1,-1
1013,80,1154.19,616.60,88.92,259.20,0.7498,-1,-1,-1
1013,82,1733.73,673.72,104.11,253.54,0.3506,-1,-1,-1
1013,85,1690.51,171.53,56.00,157.55,0.2707,-1,-1,-1
1013,76,497.96,284.34,62.02,188.39,0.4206,-1,-1,-1
1013,87,302.03,297.66,61.63,186.69,0.3835,-1,-1,-1
1013,88,589.22,550.59,88.39,242.69,0.6108,-1,-1,-1
1013,86,384.52,277.24,74.50,203.03,0.3613,-1,-1,-1
1014,4,1717.30,456.23,80.60,212.83,0.5493,-1,-1,-1
1014,60,350.34,897.67,101.66,182.32,0.8028,-1,-1,-1
1014,63,904.30,948.97,69.08,131.03,0.7121,-1,-1,-1
1014,64,1573.39,588.08,106.68,236.32,0.6495,-1,-1,-1
1014,68,843.92,278.49,60.30,197.12,0.5994,-1,-1,-1
1014,69,929.92,270.92,60.88,201.32,0.5356,-1,-1,-1
1014,66,381.00,473.03,78.26,226.68,0.4523,-1,-1,-1
1014,72,300.57,488.78,78.28,206.91,0.4489,-1,-1,-1
1014,80,1153.10,613.57,88.44,260.03,0.7436,-1,-1,-1
1014,82,1725.52,671.33,111.51,255.78,0.4741,-1,-1,-1
1014,85,1692.29,172.97,55.19,157.63,0.2752,-1,-1,-1
1014,76,495.91,285.28,63.94,188.01,0.4457,-1,-1,-1
1014,87,301.22,298.76,61.63,186.18,0.3515,-1,-1,-1
1014,88,588.23,551.06,88.50,242.62,0.5935,-1,-1,-1
1014,86,383.47,276.43,76.09,201.57,0.2679,-1,-1,-1
1015,4,1717.19,456.03,81.45,212.84,0.5461,-1,-1,-1
1015,60,351.38,900.54,101.53,179.46,0.7933,-1,-1,-1
1015,63,903.85,949.21,69.35,130.81,0.7080,-1,-1,-1
1015,64,1573.48,588.93,107.01,235.93,0.6603,-1,-1,-1
1015,68,842.66,275.40,61.73,201.48,0.5934,-1,-1,-1
1015,69,929.83,270.15,59.40,200.79,0.5471,-1,-1,-1
1015,66,380.67,474.10,79.65,226.48,0.5073,-1,-1,-1
1015,72,295.30,491.53,81.37,207.42,0.4842,-1,-1,-1
1015,80,1153.78,611.41,84.94,256.38,0.7574,-1,-1,-1
1015,82,1721.21,671.08,115.76,257.36,0.4072,-1,-1,-1
1015,85,1693.94,174.96,53.64,155.60,0.2919,-1,-1,-1
1015,76,496.39,286.28,63.04,188.03,0.4469,-1,-1,-1
1015,87,299.77,299.86,62.71,185.34,0.3010,-1,-1,-1
1015,88,588.18,551.76,87.12,241.65,0.5562,-1,-1,-1
1015,86,381.98,279.78,84.30,195.68,0.2232,-1,-1,-1
1016,4,1716.97,456.11,81.88,212.27,0.5174,-1,-1,-1
1016,60,352.08,903.46,102.33,176.45,0.8084,-1,-1,-1
1016,63,903.91,948.86,68.55,131.19,0.7218,-1,-1,-1
1016,64,1573.34,588.21,107.00,236.75,0.6536,-1,-1,-1
1016,68,842.64,275.86,61.89,199.73,0.5850,-1,-1,-1
1016,69,929.77,268.87,58.45,198.46,0.5462,-1,-1,-1
1016,66,379.75,476.92,78.82,225.21,0.5179,-1,-1,-1
1016,72,293.50,494.94,81.40,206.20,0.4955,-1,-1,-1
1016,80,1153.40,607.92,83.53,251.21,0.7732,-1,-1,-1
1016,82,1717.74,669.17,118.63,259.52,0.3893,-1,-1,-1
1016,85,1695.33,176.67,53.19,155.78,0.3252,-1,-1,-1
1016,76,495.89,286.54,62.88,188.15,0.4504,-1,-1,-1
1016,87,297.86,299.71,64.49,188.53,0.3597,-1,-1,-1
1016,88,587.12,551.35,87.14,242.30,0.5567,-1,-1,-1
1016,86,381.46,283.01,82.59,192.02,0.1713,-1,-1,-1
1017,4,1716.98,456.61,81.82,212.75,0.4720,-1,-1,-1
1017,60,353.15,907.04,102.21,172.21,0.8148,-1,-1,-1
1017,63,903.82,948.72,68.36,131.26,0.7080,-1,-1,-1
1017,64,1573.49,588.32,106.05,236.94,0.6683,-1,-1,-1
1017,68,843.56,275.97,61.68,199.83,0.5929,-1,-1,-1
1017,69,929.53,266.34,58.78,197.32,0.5281,-1,-1,-1
1017,66,379.25,478.88,78.27,223.64,0.4744,-1,-1,-1
1017,72,291.72,502.11,82.00,201.62,0.4684,-1,-1,-1
1017,80,1152.36,604.29,82.98,247.23,0.7648,-1,-1,-1
1017,82,1720.40,673.83,112.19,255.20,0.4348,-1,-1,-1
1017,85,1695.36,178.01,55.16,158.51,0.3133,-1,-1,-1
1017,76,494.41,287.19,64.17,188.60,0.4705,-1,-1,-1
1017,87,296.78,299.44,65.74,190.32,0.3539,-1,-1,-1
1017,88,587.06,551.74,84.88,240.16,0.5827,-1,-1,-1
1017,86,381.57,282.38,77.96,176.36,0.1707,-1,-1,-1
1018,4,1716.41,457.35,82.94,210.76,0.4674,-1,-1,-1
1018,60,353.89,910.85,102.91,167.98,0.8027,-1,-1,-1
1018,63,904.06,948.56,67.88,131.39,0.7165,-1,-1,-1
1018,64,1573.59,590.26,104.97,234.95,0.6461,-1,-1,-1
1018,68,843.42,275.68,62.08,200.76,0.5860,-1,-1,-1
1018,69,929.82,262.95,60.02,199.17,0.5210,-1,-1,-1
1018,66,379.61,480.01,76.90,220.84,0.5369,-1,-1,-1
1018,72,289.94,506.33,83.34,199.93,0.4968,-1,-1,-1
1018,80,1152.40,601.15,81.29,246.93,0.7484,-1,-1,-1
1018,82,1721.75,678.44,105.53,248.86,0.4467,-1,-1,-1
1018,85,1698.65,178.27,54.41,159.18,0.3377,-1,-1,-1
1018,76,493.75,288.31,64.32,190.19,0.4829,-1,-1,-1
1018,87,296.51,299.50,65.28,190.14,0.3595,-1,-1,-1
1018,88,586.55,551.72,84.12,239.43,0.5338,-1,-1,-1
1018,86,381.39,282.06,80.83,189.33,0.1696,-1,-1,-1
1019,4,1716.25,457.42,83.20,210.00,0.4861,-1,-1,-1
1019,60,354.30,914.27,102.98,164.23,0.8014,-1,-1,-1
1019,63,903.39,948.34,67.75,131.64,0.7164,-1,-1,-1
1019,64,1573.60,590.49,104.33,235.16,0.6631,-1,-1,-1
1019,68,843.26,273.58,61.93,202.62,0.5804,-1,-1,-1
1019,69,927.57,260.72,63.72,200.12,0.5771,-1,-1,-1
1019,66,379.68,481.90,76.59,217.44,0.5524,-1,-1,-1
1019,72,288.67,508.52,83.64,199.08,0.5360,-1,-1,-1
1019,80,1152.19,598.80,81.01,247.02,0.7363,-1,-1,-1
1019,82,1721.32,677.63,100.49,247.53,0.4614,-1,-1,-1
1019,85,1700.85,177.63,54.23,160.52,0.3693,-1,-1,-1
1019,76,493.19,288.98,65.06,193.68,0.4635,-1,-1,-1
1019,87,294.99,299.36,65.03,190.86,0.3833,-1,-1,-1
1019,88,586.64,551.17,83.94,241.04,0.4853,-1,-1,-1
1020,4,1717.44,455.55,81.87,206.38,0.4870,-1,-1,-1
1020,60,354.88,917.12,102.94,161.60,0.8049,-1,-1,-1
1020,63,903.36,947.66,67.75,132.26,0.7094,-1,-1,-1
1020,64,1574.56,589.77,103.73,236.06,0.6436,-1,-1,-1
1020,68,843.41,274.63,62.06,200.63,0.5932,-1,-1,-1
1020,69,925.38,259.72,65.87,199.14,0.5331,-1,-1,-1
1020,66,379.53,483.01,77.06,215.47,0.5435,-1,-1,-1
1020,72,287.26,509.15,83.77,198.06,0.4303,-1,-1,-1
1020,80,1150.54,596.20,82.60,248.90,0.7270,-1,-1,-1
1020,82,1720.33,673.98,97.63,250.89,0.4644,-1,-1,-1
1020,85,1702.81,177.65,53.34,161.28,0.4364,-1,-1,-1
1020,76,493.53,291.32,65.07,193.08,0.4685,-1,-1,-1
1020,87,294.17,299.01,64.78,190.95,0.4009,-1,-1,-1
1020,88,585.24,551.43,84.81,240.44,0.5320,-1,-1,-1
1021,4,1718.22,454.85,81.31,203.72,0.5034,-1,-1,-1
1021,60,356.12,918.66,101.82,159.96,0.8074,-1,-1,-1
1021,63,902.54,946.21,68.46,133.67,0.7015,-1,-1,-1
1021,64,1574.80,589.54,103.43,236.97,0.6523,-1,-1,-1
1021,68,843.56,274.28,61.98,200.12,0.6060,-1,-1,-1
1021,69,925.90,258.19,65.93,196.97,0.5380,-1,-1,-1
1021,66,378.84,484.53,78.31,215.42,0.5565,-1,-1,-1
1021,72,284.58,508.08,87.09,198.74,0.5316,-1,-1,-1
1021,80,1148.44,593.67,83.52,250.51,0.7213,-1,-1,-1
1021,82,1716.96,672.95,93.96,250.53,0.5399,-1,-1,-1
1021,85,1703.70,178.26,53.88,161.52,0.4311,-1,-1,-1
1021,76,492.51,293.89,66.07,190.95,0.4918,-1,-1,-1
1021,87,292.71,299.55,65.92,192.77,0.4330,-1,-1,-1
1021,88,584.09,550.81,85.88,240.32,0.5163,-1,-1,-1
1022,4,1718.56,454.61,80.73,199.80,0.5124,-1,-1,-1
1022,60,357.94,920.46,100.05,158.29,0.8165,-1,-1,-1
1022,63,902.67,946.28,67.77,133.46,0.7122,-1,-1,-1
1022,64,1576.13,589.25,101.98,237.35,0.6493,-1,-1,-1
1022,68,843.59,273.28,61.87,199.40,0.6093,-1,-1,-1
1022,69,925.45,257.87,66.72,196.97,0.5721,-1,-1,-1
1022,66,378.28,485.53,79.92,222.51,0.5685,-1,-1,-1
1022,72,299.31,509.22,72.42,196.23,0.4167,-1,-1,-1
1022,80,1147.45,592.63,85.03,251.86,0.7301,-1,-1,-1
1022,82,1714.92,672.18,92.47,248.37,0.5986,-1,-1,-1
1022,85,1703.30,178.33,56.20,162.80,0.4388,-1,-1,-1
1022,76,492.32,295.98,66.20,189.15,0.4946,-1,-1,-1
1022,87,292.19,299.72,65.60,193.51,0.4441,-1,-1,-1
1022,88,583.48,550.11,85.56,240.60,0.5285,-1,-1,-1
1022,86,376.43,294.95,74.02,194.28,0.3464,-1,-1,-1
1023,4,1718.97,454.91,80.75,195.20,0.5301,-1,-1,-1
1023,60,358.62,922.71,99.34,156.08,0.8094,-1,-1,-1
1023,63,902.66,945.97,67.19,133.75,0.7106,-1,-1,-1
1023,64,1575.17,588.24,103.08,238.65,0.5947,-1,-1,-1
1023,68,843.42,273.22,61.76,196.16,0.5968,-1,-1,-1
1023,69,926.32,257.21,65.70,198.60,0.5375,-1,-1,-1
1023,66,378.17,486.16,80.58,227.40,0.5622,-1,-1,-1
1023,72,290.78,506.33,80.29,199.68,0.4443,-1,-1,-1
1023,80,1147.34,590.89,84.89,254.01,0.7125,-1,-1,-1
1023,82,1713.06,673.89,92.47,246.31,0.6402,-1,-1,-1
1023,85,1702.82,178.83,57.87,164.92,0.4238,-1,-1,-1
1023,76,491.62,297.79,66.85,191.02,0.5010,-1,-1,-1
1023,87,290.46,300.62,66.39,192.58,0.4698,-1,-1,-1
1023,88,583.13,550.13,84.45,239.86,0.4689,-1,-1,-1
1023,86,375.98,297.38,71.11,196.26,0.3456,-1,-1,-1
1024,4,1719.17,454.69,79.80,191.99,0.5641,-1,-1,-1
1024,60,359.19,924.84,99.11,154.12,0.8090,-1,-1,-1
1024,63,903.05,946.21,66.96,133.66,0.7226,-1,-1,-1
1024,64,1574.87,587.81,103.19,239.07,0.5995,-1,-1,-1
1024,68,842.97,271.93,62.00,193.68,0.6218,-1,-1,-1
1024,69,927.25,256.84,64.55,201.15,0.5887,-1,-1,-1
1024,66,378.23,487.39,80.54,228.80,0.5553,-1,-1,-1
1024,72,287.58,505.80,82.67,200.07,0.4657,-1,-1,-1
1024,80,1146.06,589.36,86.05,254.59,0.6897,-1,-1,-1
1024,82,1711.69,675.30,91.93,244.60,0.5928,-1,-1,-1
1024,85,1702.26,180.05,59.56,166.39,0.3542,-1,-1,-1
1024,76,491.59,298.75,66.55,193.67,0.5346,-1,-1,-1
1024,87,289.18,301.80,66.55,192.34,0.4817,-1,-1,-1
1024,88,584.04,549.76,82.17,239.79,0.4874,-1,-1,-1
1024,86,375.21,298.54,70.07,185.61,0.2281,-1,-1,-1
1025,4,1718.92,454.40,80.49,191.79,0.5434,-1,-1,-1
1025,60,360.28,926.48,98.48,152.91,0.8112,-1,-1,-1
1025,63,902.99,946.02,66.12,133.74,0.7138,-1,-1,-1
1025,64,1574.63,587.55,102.62,239.42,0.5712,-1,-1,-1
1025,68,842.83,269.02,61.98,195.17,0.6656,-1,-1,-1
1025,69,929.56,256.93,61.94,203.30,0.5799,-1,-1,-1
1025,66,377.96,488.45,79.32,231.45,0.5157,-1,-1,-1
1025,72,286.59,506.60,82.62,198.99,0.4786,-1,-1,-1
1025,80,1144.14,588.17,88.03,254.36,0.6880,-1,-1,-1
1025,82,1710.86,677.26,89.04,242.71,0.6031,-1,-1,-1
1025,85,1700.48,181.55,61.70,171.22,0.3617,-1,-1,-1
1025,76,492.15,300.21,66.32,194.68,0.5061,-1,-1,-1
1025,87,288.20,302.87,66.88,193.30,0.4816,-1,-1,-1
1025,88,584.22,547.56,79.79,241.79,0.4618,-1,-1,-1
1025,86,371.84,301.60,71.55,164.74,0.2160,-1,-1,-1
1026,4,1718.93,454.18,80.52,190.50,0.5661,-1,-1,-1
1026,60,361.76,928.23,97.41,150.95,0.8076,-1,-1,-1
1026,63,902.32,945.77,66.36,134.01,0.7177,-1,-1,-1
1026,64,1575.73,588.56,101.80,238.57,0.6184,-1,-1,-1
1026,68,843.49,267.32,61.48,191.53,0.6342,-1,-1,-1
1026,69,931.73,256.50,60.11,203.82,0.5994,-1,-1,-1
1026,66,377.76,491.01,77.74,232.16,0.5375,-1,-1,-1
1026,72,287.83,505.18,80.96,199.66,0.4842,-1,-1,-1
1026,80,1143.23,587.85,87.59,251.50,0.6912,-1,-1,-1
1026,82,1710.17,681.57,85.55,239.67,0.6231,-1,-1,-1
1026,85,1699.00,183.94,64.46,174.68,0.3746,-1,-1,-1
1026,76,492.52,300.68,66.75,195.53,0.5992,-1,-1,-1
1026,87,288.34,304.15,66.77,194.08,0.4597,-1,-1,-1
1026,88,584.85,546.80,77.45,242.03,0.4323,-1,-1,-1
1026,86,371.36,301.09,70.25,182.78,0.4349,-1,-1,-1
1027,4,1719.04,454.55,81.20,189.74,0.5369,-1,-1,-1
1027,60,363.65,930.06,96.97,148.82,0.8122,-1,-1,-1
1027,63,902.34,945.77,64.97,133.85,0.7179,-1,-1,-1
1027,64,1575.39,589.19,102.54,238.14,0.6723,-1,-1,-1
1027,68,844.78,265.50,59.95,189.04,0.6329,-1,-1,-1
1027,69,933.52,256.18,58.45,205.04,0.5791,-1,-1,-1
1027,66,376.90,493.50,75.09,232.59,0.5655,-1,-1,-1
1027,72,290.20,505.46,77.86,199.48,0.5615,-1,-1,-1
1027,80,1142.22,587.71,86.80,252.15,0.7251,-1,-1,-1
1027,82,1706.54,675.84,84.30,242.10,0.5731,-1,-1,-1
1027,85,1698.47,187.05,66.26,175.21,0.3425,-1,-1,-1
1027,76,493.06,302.11,66.33,194.56,0.6042,-1,-1,-1
1027,87,289.16,306.14,65.92,193.48,0.4444,-1,-1,-1
1027,88,584.83,546.78,73.65,242.44,0.4391,-1,-1,-1
1027,86,370.27,302.26,70.15,189.66,0.5207,-1,-1,-1
1028,4,1718.06,456.66,82.20,197.39,0.5748,-1,-1,-1
1028,60,365.10,931.99,96.23,147.09,0.8205,-1,-1,-1
1028,63,902.29,945.67,64.43,134.20,0.7132,-1,-1,-1
1028,64,1575.06,589.29,102.37,238.16,0.6740,-1,-1,-1
1028,68,845.84,263.13,59.38,188.27,0.6024,-1,-1,-1
1028,69,935.29,255.92,58.03,200.57,0.5854,-1,-1,-1
1028,66,375.69,496.42,76.16,231.18,0.5981,-1,-1,-1
1028,72,294.17,508.61,73.05,197.45,0.5644,-1,-1,-1
1028,80,1141.31,586.72,85.50,249.90,0.7228,-1,-1,-1
1028,82,1705.33,664.23,82.54,251.12,0.5204,-1,-1,-1
1028,85,1698.60,190.40,66.34,173.13,0.3504,-1,-1,-1
1028,76,494.91,303.54,64.34,193.01,0.5131,-1,-1,-1
1028,87,289.30,308.09,64.34,192.94,0.4422,-1,-1,-1
1028,88,585.48,546.26,71.26,243.33,0.4757,-1,-1,-1
1028,86,369.90,305.55,70.18,190.67,0.5329,-1,-1,-1
1029,4,1717.90,458.31,83.32,199.81,0.5821,-1,-1,-1
1029,60,367.21,933.18,95.31,145.57,0.8127,-1,-1,-1
1029,63,901.83,945.41,63.80,134.53,0.6991,-1,-1,-1
1029,64,1574.49,589.56,102.82,237.89,0.6888,-1,-1,-1
1029,68,847.12,261.71,58.69,189.07,0.5971,-1,-1,-1
1029,69,936.31,255.37,58.31,201.50,0.6222,-1,-1,-1
1029,66,374.99,499.26,76.93,229.11,0.6166,-1,-1,-1
1029,72,294.83,511.57,71.34,197.25,0.5981,-1,-1,-1
1029,80,1140.93,585.83,82.89,249.18,0.7394,-1,-1,-1
1029,82,1703.01,647.52,82.75,266.32,0.4038,-1,-1,-1
1029,85,1699.15,192.71,66.29,170.65,0.3553,-1,-1,-1
1029,76,494.26,304.59,64.59,191.85,0.5337,-1,-1,-1
1029,87,289.90,310.54,62.90,192.75,0.3668,-1,-1,-1
1029,88,586.13,545.60,66.65,244.31,0.4998,-1,-1,-1
1029,86,370.04,307.32,68.62,192.61,0.5067,-1,-1,-1
1030,4,1717.84,458.17,83.00,201.20,0.5786,-1,-1,-1
1030,60,368.22,935.65,95.21,142.93,0.8001,-1,-1,-1
1030,63,901.49,945.10,62.53,134.89,0.7173,-1,-1,-1
1030,64,1574.15,588.77,102.08,239.09,0.6454,-1,-1,-1
1030,68,848.03,260.78,57.52,191.35,0.5864,-1,-1,-1
1030,69,936.75,254.45,58.80,200.65,0.5627,-1,-1,-1
1030,66,373.79,500.85,73.49,227.70,0.6114,-1,-1,-1
1030,72,294.90,512.26,71.14,200.73,0.6495,-1,-1,-1
1030,80,1140.42,584.15,80.33,249.26,0.7752,-1,-1,-1
1030,82,1701.67,641.15,83.06,271.70,0.4532,-1,-1,-1
1030,85,1700.06,195.62,65.45,165.01,0.3167,-1,-1,-1
1030,76,493.65,303.78,65.09,192.82,0.5338,-1,-1,-1
1030,87,291.16,311.94,62.36,190.56,0.4060,-1,-1,-1
1030,88,586.11,544.79,65.65,245.33,0.4708,-1,-1,-1
1030,86,368.85,308.62,68.79,194.11,0.5652,-1,-1,-1
1031,4,1717.80,458.47,83.05,204.02,0.6012,-1,-1,-1
1031,60,370.67,937.42,93.42,140.94,0.7950,-1,-1,-1
1031,63,900.44,944.64,61.92,135.35,0.7212,-1,-1,-1
1031,64,1573.33,590.00,102.92,237.72,0.6565,-1,-1,-1
1031,68,848.40,259.34,57.32,193.16,0.5696,-1,-1,-1
1031,69,938.14,251.69,57.91,198.26,0.5686,-1,-1,-1
1031,66,373.26,501.12,77.15,228.78,0.6369,-1,-1,-1
1031,72,294.62,513.69,70.91,207.92,0.6803,-1,-1,-1
1031,80,1139.79,579.65,78.78,248.57,0.7785,-1,-1,-1
1031,82,1689.41,637.84,93.12,276.51,0.5302,-1,-1,-1
1031,85,1700.96,197.94,64.51,163.90,0.3373,-1,-1,-1
1031,76,493.16,303.09,65.22,190.87,0.5711,-1,-1,-1
1031,87,292.38,314.02,62.45,190.52,0.4002,-1,-1,-1
1031,88,585.74,544.35,63.98,246.39,0.4729,-1,-1,-1
1031,86,367.69,309.89,69.26,194.16,0.5661,-1,-1,-1
1032,4,1717.89,458.60,82.99,206.63,0.5970,-1,-1,-1
1032,60,372.68,940.57,91.66,137.79,0.7708,-1,-1,-1
1032,63,899.74,944.18,61.15,135.82,0.7001,-1,-1,-1
1032,64,1573.44,590.25,102.02,237.59,0.6397,-1,-1,-1
1032,68,848.59,256.82,57.78,194.00,0.5792,-1,-1,-1
1032,69,939.36,249.32,57.00,195.35,0.6191,-1,-1,-1
1032,66,373.53,501.43,77.59,229.60,0.6621,-1,-1,-1
1032,72,294.71,515.75,70.95,211.62,0.6870,-1,-1,-1
1032,80,1139.24,575.87,77.55,246.43,0.7699,-1,-1,-1
1032,82,1682.51,638.88,96.69,277.06,0.4868,-1,-1,-1
1032,85,1701.48,200.10,63.55,164.37,0.3728,-1,-1,-1
1032,76,493.63,304.52,63.93,188.44,0.4874,-1,-1,-1
1032,87,292.85,315.98,64.02,190.24,0.4092,-1,-1,-1
1032,88,585.89,543.78,62.24,247.05,0.4717,-1,-1,-1
1032,86,366.69,311.01,69.48,193.92,0.5058,-1,-1,-1
1033,4,1718.21,458.52,82.37,207.05,0.5883,-1,-1,-1
1033,60,373.51,943.58,91.60,134.27,0.7609,-1,-1,-1
1033,63,898.97,944.01,60.11,136.02,0.6958,-1,-1,-1
1033,64,1574.27,591.31,99.91,236.92,0.6248,-1,-1,-1
1033,68,848.31,255.62,58.58,194.90,0.5525,-1,-1,-1
1033,69,940.14,247.49,57.87,194.63,0.6346,-1,-1,-1
1033,66,373.03,502.06,77.61,229.12,0.6440,-1,-1,-1
1033,72,294.38,517.77,71.13,213.34,0.6678,-1,-1,-1
1033,80,1138.97,572.73,76.51,243.28,0.7705,-1,-1,-1
1033,82,1677.24,637.69,99.75,279.34,0.5392,-1,-1,-1
1033,85,1701.60,200.96,63.23,162.96,0.2968,-1,-1,-1
1033,76,492.75,305.98,64.41,189.53,0.4650,-1,-1,-1
1033,87,293.12,317.51,64.87,190.51,0.3546,-1,-1,-1
1033,88,585.53,542.54,61.16,241.10,0.4308,-1,-1,-1
1033,86,365.63,311.90,69.89,193.29,0.5324,-1,-1,-1
1034,4,1717.62,458.03,82.46,206.73,0.5856,-1,-1,-1
1034,60,375.89,946.98,89.29,131.46,0.7544,-1,-1,-1
1034,63,897.64,943.74,60.49,136.27,0.7087,-1,-1,-1
1034,64,1573.94,594.00,100.46,233.56,0.5892,-1,-1,-1
1034,68,848.14,255.50,59.44,194.47,0.5583,-1,-1,-1
1034,69,940.38,245.00,57.80,194.97,0.6023,-1,-1,-1
1034,66,372.55,503.35,75.16,227.71,0.6246,-1,-1,-1
1034,72,294.08,520.39,72.36,213.37,0.6706,-1,-1,-1
1034,80,1139.48,569.45,75.02,242.57,0.7687,-1,-1,-1
1034,82,1674.74,636.86,100.33,280.42,0.5382,-1,-1,-1
1034,85,1702.20,201.77,63.46,159.41,0.2692,-1,-1,-1
1034,76,490.54,307.71,65.71,191.59,0.4864,-1,-1,-1
1034,87,294.06,319.12,65.48,190.04,0.3832,-1,-1,-1
1034,88,585.17,541.65,59.35,246.20,0.4499,-1,-1,-1
1034,86,365.35,312.68,69.42,193.88,0.5748,-1,-1,-1
1035,4,1718.15,458.42,80.94,204.58,0.5955,-1,-1,-1
1035,60,377.71,950.25,88.73,128.79,0.7441,-1,-1,-1
1035,63,896.85,942.98,59.82,136.90,0.7048,-1,-1,-1
1035,64,1573.14,594.24,100.40,233.00,0.6063,-1,-1,-1
1035,68,848.58,254.83,59.08,194.40,0.5653,-1,-1,-1
1035,69,940.26,243.00,58.49,196.61,0.6449,-1,-1,-1
1035,66,371.88,504.24,76.53,225.39,0.6206,-1,-1,-1
1035,72,292.05,522.90,77.36,212.44,0.6425,-1,-1,-1
1035,80,1138.59,567.71,75.32,241.63,0.7607,-1,-1,-1
1035,82,1674.62,635.03,95.22,280.77,0.6020,-1,-1,-1
1035,85,1703.77,202.18,62.33,155.56,0.2781,-1,-1,-1
1035,76,489.25,310.65,66.95,192.61,0.4530,-1,-1,-1
1035,87,294.56,320.55,65.55,188.62,0.4264,-1,-1,-1
1035,88,585.22,540.63,58.90,248.92,0.4078,-1,-1,-1
1035,86,365.56,312.88,68.91,195.05,0.5548,-1,-1,-1
1036,4,1718.61,459.93,80.46,203.09,0.5844,-1,-1,-1
1036,60,379.94,953.50,88.56,126.23,0.7314,-1,-1,-1
1036,63,895.77,941.87,59.60,138.11,0.7198,-1,-1,-1
1036,64,1573.38,595.11,99.64,232.32,0.6051,-1,-1,-1
1036,68,849.43,254.10,58.19,195.15,0.5759,-1,-1,-1
1036,69,940.17,241.17,58.03,197.19,0.6589,-1,-1,-1
1036,66,371.35,504.65,77.11,224.62,0.6307,-1,-1,-1
1036,72,291.89,525.38,77.95,210.48,0.5829,-1,-1,-1
1036,80,1137.82,565.84,75.09,244.91,0.7364,-1,-1,-1
1036,82,1674.80,633.37,91.02,281.86,0.6304,-1,-1,-1
1036,85,1704.49,203.38,62.94,156.27,0.2966,-1,-1,-1
1036,76,488.84,310.01,68.08,194.87,0.4476,-1,-1,-1
1036,87,293.86,320.73,67.11,190.69,0.4071,-1,-1,-1
1036,88,585.07,541.17,59.07,249.31,0.4092,-1,-1,-1
1036,86,364.77,314.37,68.90,187.71,0.3817,-1,-1,-1
1036,81,1275.70,180.57,58.90,140.72,0.3398,-1,-1,-1
1037,4,1718.74,460.12,79.91,202.94,0.6304,-1,-1,-1
1037,60,383.01,956.29,87.86,123.66,0.7572,-1,-1,-1
1037,63,895.45,940.77,58.30,139.22,0.7297,-1,-1,-1
1037,64,1573.06,595.39,98.93,231.80,0.6299,-1,-1,-1
1037,68,849.58,252.83,58.51,195.95,0.5732,-1,-1,-1
1037,69,940.35,240.44,57.91,197.73,0.6868,-1,-1,-1
1037,66,370.97,505.42,78.70,223.06,0.6693,-1,-1,-1
1037,72,288.75,527.60,81.05,208.37,0.5516,-1,-1,-1
1037,80,1136.80,563.84,75.34,247.67,0.7501,-1,-1,-1
1037,82,1673.99,631.24,88.55,281.45,0.6189,-1,-1,-1
1037,85,1706.58,203.70,61.69,159.28,0.4038,-1,-1,-1
1037,76,488.62,310.90,70.01,195.63,0.4498,-1,-1,-1
1037,87,293.18,321.47,67.73,189.13,0.4186,-1,-1,-1
1037,88,586.27,540.13,57.20,251.11,0.4469,-1,-1,-1
1037,86,363.38,318.20,71.15,166.90,0.3061,-1,-1,-1
1037,81,1275.94,180.50,58.88,142.12,0.3301,-1,-1,-1
1038,4,1718.97,460.42,79.46,202.06,0.6306,-1,-1,-1
1038,60,384.97,958.85,89.36,121.24,0.7812,-1,-1,-1
1038,63,894.07,939.25,57.77,140.79,0.7230,-1,-1,-1
1038,64,1573.34,595.35,98.11,231.77,0.6315,-1,-1,-1
1038,68,849.63,251.85,59.29,196.47,0.5633,-1,-1,-1
1038,69,940.38,239.66,57.49,198.59,0.6838,-1,-1,-1
1038,66,370.95,505.82,78.73,223.05,0.6653,-1,-1,-1
1038,72,294.65,530.70,72.73,205.21,0.4903,-1,-1,-1
1038,80,1134.93,562.75,77.85,251.59,0.7537,-1,-1,-1
1038,82,1670.32,630.54,91.65,280.83,0.6215,-1,-1,-1
1038,85,1709.01,204.40,59.97,161.28,0.3250,-1,-1,-1
1038,76,488.54,313.03,70.36,195.98,0.4427,-1,-1,-1
1038,87,294.20,322.09,64.57,188.06,0.3781,-1,-1,-1
1038,88,586.67,539.59,57.06,251.77,0.4572,-1,-1,-1
1038,86,362.29,319.61,73.66,160.29,0.3110,-1,-1,-1
1038,81,1277.04,183.61,59.12,138.94,0.2082,-1,-1,-1
1039,4,1718.89,460.19,79.19,203.33,0.6351,-1,-1,-1
1039,60,388.38,959.87,87.93,120.15,0.7463,-1,-1,-1
1039,63,893.00,939.12,58.26,140.84,0.7282,-1,-1,-1
1039,64,1572.90,594.27,98.29,232.58,0.6041,-1,-1,-1
1039,68,850.16,251.21,59.09,195.79,0.5373,-1,-1,-1
1039,69,940.31,238.66,57.09,199.18,0.6589,-1,-1,-1
1039,66,370.78,506.38,77.86,223.05,0.6574,-1,-1,-1
1039,72,299.22,532.39,65.32,203.14,0.5360,-1,-1,-1
1039,80,1131.27,561.95,80.93,253.47,0.7656,-1,-1,-1
1039,82,1664.94,630.90,94.72,279.81,0.6260,-1,-1,-1
1039,85,1711.40,205.89,58.43,161.50,0.3330,-1,-1,-1
1039,76,488.05,314.46,68.84,197.02,0.4416,-1,-1,-1
1039,87,294.01,322.26,64.37,188.26,0.3923,-1,-1,-1
1039,88,587.15,539.14,56.45,252.41,0.4542,-1,-1,-1
1039,86,360.94,319.47,76.03,157.23,0.3402,-1,-1,-1
1039,81,1280.38,191.85,53.76,129.75,0.1638,-1,-1,-1
1040,4,1719.12,459.94,78.67,204.43,0.6537,-1,-1,-1
1040,60,391.45,961.62,87.53,118.42,0.7245,-1,-1,-1
1040,63,891.60,938.61,58.90,141.38,0.7288,-1,-1,-1
1040,64,1572.70,595.35,98.49,231.21,0.6023,-1,-1,-1
1040,68,850.90,249.33,59.45,193.82,0.5329,-1,-1,-1
1040,69,939.79,238.08,57.45,199.32,0.6254,-1,-1,-1
1040,66,371.02,507.85,78.89,224.69,0.6860,-1,-1,-1
1040,72,301.05,535.25,61.17,200.62,0.4553,-1,-1,-1
1040,80,1127.83,561.73,82.13,254.42,0.7765,-1,-1,-1
1040,82,1661.33,632.16,95.80,280.06,0.6279,-1,-1,-1
1040,85,1713.05,207.01,57.66,158.87,0.3708,-1,-1,-1
1040,76,487.69,318.50,67.12,195.67,0.4483,-1,-1,-1
1040,87,292.26,323.52,69.82,188.03,0.3836,-1,-1,-1
1040,88,587.76,538.68,55.77,252.36,0.4953,-1,-1,-1
1040,86,360.26,320.56,77.30,155.17,0.3176,-1,-1,-1
1041,4,1719.18,459.66,78.88,205.45,0.6579,-1,-1,-1
1041,60,394.66,963.79,88.66,116.26,0.7475,-1,-1,-1
1041,63,889.61,938.33,57.83,141.68,0.7129,-1,-1,-1
1041,64,1572.77,594.31,99.12,231.74,0.6037,-1,-1,-1
1041,68,850.50,247.42,61.02,191.49,0.5401,-1,-1,-1
1041,69,939.75,237.34,57.71,200.08,0.6494,-1,-1,-1
1041,66,371.31,509.93,78.80,226.40,0.6519,-1,-1,-1
1041,72,302.35,535.55,58.87,199.62,0.4483,-1,-1,-1
1041,80,1126.06,560.66,83.65,253.57,0.7934,-1,-1,-1
1041,82,1660.19,634.37,93.68,277.52,0.5460,-1,-1,-1
1041,85,1713.89,208.84,57.98,155.59,0.3557,-1,-1,-1
1041,76,486.77,322.40,66.14,192.87,0.4597,-1,-1,-1
1041,87,291.93,324.57,72.39,186.44,0.4100,-1,-1,-1
1041,88,588.21,538.63,55.64,253.65,0.4989,-1,-1,-1
1041,86,360.59,321.06,76.86,155.05,0.2571,-1,-1,-1
1042,4,1719.43,460.22,77.74,205.53,0.6193,-1,-1,-1
1042,60,396.83,964.95,91.61,114.99,0.7534,-1,-1,-1
1042,63,887.72,937.76,57.70,142.22,0.7265,-1,-1,-1
1042,64,1572.67,592.92,99.65,232.29,0.5835,-1,-1,-1
1042,68,850.72,244.89,62.43,188.86,0.5132,-1,-1,-1
1042,69,940.23,237.23,57.59,200.03,0.6358,-1,-1,-1
1042,66,371.38,510.46,79.44,229.40,0.6635,-1,-1,-1
1042,72,301.33,536.52,58.29,196.58,0.3848,-1,-1,-1
1042,80,1125.08,559.54,83.58,251.15,0.7839,-1,-1,-1
1042,82,1658.41,636.46,93.33,274.60,0.5478,-1,-1,-1
1042,85,1715.37,210.72,57.00,154.24,0.2807,-1,-1,-1
1042,76,486.88,324.93,64.53,190.68,0.4328,-1,-1,-1
1042,87,291.53,325.44,73.34,187.18,0.3872,-1,-1,-1
1042,88,588.19,538.66,56.07,252.80,0.4912,-1,-1,-1
1042,86,360.54,322.45,76.19,155.16,0.2779,-1,-1,-1
1043,4,1719.66,459.13,77.55,207.20,0.6047,-1,-1,-1
1043,60,397.75,966.28,94.26,113.69,0.7560,-1,-1,-1
1043,63,886.02,937.46,58.44,142.51,0.7181,-1,-1,-1
1043,64,1571.82,592.97,101.24,231.94,0.5410,-1,-1,-1
1043,68,850.46,242.19,63.72,189.75,0.5035,-1,-1,-1
1043,69,940.92,236.97,56.72,199.60,0.6311,-1,-1,-1
1043,66,371.51,511.41,80.06,231.44,0.6772,-1,-1,-1
1043,72,301.50,536.43,58.35,196.43,0.3839,-1,-1,-1
1043,80,1123.55,558.78,83.68,248.70,0.7816,-1,-1,-1
1043,82,1659.66,639.22,90.46,272.64,0.4604,-1,-1,-1
1043,85,1717.45,212.91,55.59,155.06,0.2815,-1,-1,-1
1043,76,484.81,325.27,65.08,190.18,0.4366,-1,-1,-1
1043,87,291.55,326.00,72.35,192.34,0.3638,-1,-1,-1
1043,88,588.54,538.24,55.54,252.87,0.5031,-1,-1,-1
1043,86,359.13,323.89,75.75,153.35,0.3142,-1,-1,-1
1044,4,1719.53,459.12,77.14,207.58,0.6035,-1,-1,-1
1044,60,398.90,968.22,96.37,111.82,0.7458,-1,-1,-1
1044,63,884.34,937.37,58.79,142.63,0.7015,-1,-1,-1
1044,64,1571.31,590.76,103.17,233.26,0.4589,-1,-1,-1
1044,68,851.04,240.27,64.13,189.64,0.4883,-1,-1,-1
1044,69,941.33,236.33,56.04,199.28,0.6268,-1,-1,-1
1044,66,372.27,513.99,78.87,233.23,0.6526,-1,-1,-1
1044,72,286.53,534.67,75.52,199.56,0.3488,-1,-1,-1
1044,80,1122.40,557.34,82.39,248.18,0.7760,-1,-1,-1
1044,82,1657.21,641.17,93.21,273.52,0.5197,-1,-1,-1
1044,85,1717.54,213.68,56.92,161.16,0.2916,-1,-1,-1
1044,76,484.78,325.05,65.26,191.14,0.4429,-1,-1,-1
1044,87,290.69,325.84,71.01,199.14,0.4066,-1,-1,-1
1044,88,588.54,538.57,56.14,252.39,0.4965,-1,-1,-1
1044,86,355.23,323.43,82.25,186.67,0.3861,-1,-1,-1
1045,4,1719.54,460.56,76.86,206.96,0.6023,-1,-1,-1
1045,60,399.56,969.32,100.09,110.73,0.7483,-1,-1,-1
1045,63,883.69,937.15,59.78,142.88,0.7091,-1,-1,-1
1045,64,1570.85,591.93,103.80,231.81,0.4723,-1,-1,-1
1045,68,851.54,238.69,64.06,191.39,0.5560,-1,-1,-1
1045,69,941.40,235.13,55.71,199.61,0.6043,-1,-1,-1
1045,66,372.80,516.82,79.18,233.19,0.6506,-1,-1,-1
1045,72,294.00,537.24,67.65,199.00,0.4011,-1,-1,-1
1045,80,1120.26,554.91,82.70,249.46,0.7756,-1,-1,-1
1045,82,1652.38,642.30,95.97,272.36,0.5482,-1,-1,-1
1045,85,1718.34,214.70,57.09,163.85,0.3110,-1,-1,-1
1045,76,483.70,325.31,65.47,191.17,0.4030,-1,-1,-1
1045,87,290.16,325.99,69.91,201.25,0.4343,-1,-1,-1
1045,88,588.71,538.24,55.53,252.82,0.4984,-1,-1,-1
1045,86,354.03,323.98,82.42,200.23,0.5331,-1,-1,-1
1046,4,1718.86,460.95,77.22,206.65,0.6025,-1,-1,-1
1046,60,400.30,971.08,102.54,109.00,0.7449,-1,-1,-1
1046,63,882.25,936.27,59.47,143.77,0.6693,-1,-1,-1
1046,64,1573.78,592.71,101.67,231.56,0.4323,-1,-1,-1
1046,68,851.17,238.10,64.63,191.89,0.5465,-1,-1,-1
1046,69,941.31,234.31,54.96,200.09,0.5944,-1,-1,-1
1046,66,373.66,519.60,76.94,233.83,0.6333,-1,-1,-1
1046,72,286.89,537.62,75.07,204.20,0.4966,-1,-1,-1
1046,80,1119.74,553.38,81.58,247.62,0.7769,-1,-1,-1
1046,82,1651.29,643.35,95.27,270.69,0.5405,-1,-1,-1
1046,85,1719.95,215.85,57.14,165.74,0.2703,-1,-1,-1
1046,76,482.85,325.08,66.66,191.53,0.4161,-1,-1,-1
1046,87,290.59,327.55,67.68,202.26,0.4209,-1,-1,-1
1046,88,588.94,538.73,55.15,252.16,0.4660,-1,-1,-1
1046,86,351.20,326.35,82.49,205.25,0.5148,-1,-1,-1
1047,4,1718.29,462.18,77.47,205.36,0.6156,-1,-1,-1
1047,60,400.85,973.82,105.02,106.22,0.7391,-1,-1,-1
1047,63,881.26,935.96,59.82,144.05,0.6671,-1,-1,-1
1047,64,1574.07,591.52,100.97,232.78,0.3957,-1,-1,-1
1047,68,850.28,235.85,67.26,193.93,0.5410,-1,-1,-1
1047,69,939.78,233.28,55.74,199.97,0.5748,-1,-1,-1
1047,66,373.57,522.01,77.19,233.10,0.6455,-1,-1,-1
1047,72,280.13,539.38,81.78,208.62,0.5348,-1,-1,-1
1047,80,1118.84,551.21,81.28,248.69,0.7555,-1,-1,-1
1047,82,1653.00,649.01,91.75,264.02,0.6150,-1,-1,-1
1047,85,1722.02,216.55,56.61,164.65,0.2741,-1,-1,-1
1047,76,482.43,326.39,66.59,189.78,0.4612,-1,-1,-1
1047,87,289.29,331.57,66.91,200.93,0.4331,-1,-1,-1
1047,88,588.66,538.52,56.24,252.91,0.4657,-1,-1,-1
1047,86,349.77,328.74,81.77,207.17,0.5395,-1,-1,-1
1048,4,1718.87,462.06,76.71,205.33,0.5860,-1,-1,-1
1048,60,402.57,977.13,106.40,102.90,0.7362,-1,-1,-1
1048,63,880.98,935.27,59.51,144.73,0.6473,-1,-1,-1
1048,64,1574.95,590.72,100.14,233.39,0.3939,-1,-1,-1
1048,68,850.53,234.82,68.19,194.46,0.5536,-1,-1,-1
1048,69,939.35,231.36,55.22,194.52,0.5806,-1,-1,-1
1048,66,373.03,522.63,77.24,232.79,0.6370,-1,-1,-1
1048,72,276.25,541.33,85.14,211.72,0.5872,-1,-1,-1
1048,80,1117.66,548.09,81.43,246.65,0.7448,-1,-1,-1
1048,82,1651.06,651.66,91.61,260.08,0.6467,-1,-1,-1
1048,85,1723.55,218.41,55.97,155.22,0.2613,-1,-1,-1
1048,76,481.69,326.64,66.77,190.66,0.4606,-1,-1,-1
1048,87,288.56,334.08,65.83,200.31,0.3923,-1,-1,-1
1048,88,588.24,538.66,57.29,253.30,0.4498,-1,-1,-1
1048,86,348.79,330.30,81.03,206.43,0.4533,-1,-1,-1
1049,4,1718.73,462.22,76.94,205.89,0.6217,-1,-1,-1
1049,60,403.81,979.57,107.53,100.45,0.7479,-1,-1,-1
1049,63,879.94,934.19,60.35,145.79,0.6695,-1,-1,-1
1049,64,1573.39,592.55,100.21,232.14,0.4397,-1,-1,-1
1049,68,851.14,234.60,68.36,194.13,0.5660,-1,-1,-1
1049,69,938.48,229.60,55.75,192.41,0.6100,-1,-1,-1
1049,66,372.43,523.89,77.07,231.50,0.6465,-1,-1,-1
1049,72,277.34,543.76,83.46,211.85,0.5535,-1,-1,-1
1049,80,1117.42,545.34,78.86,243.76,0.7428,-1,-1,-1
1049,82,1650.13,649.95,91.05,260.96,0.6957,-1,-1,-1
1049,85,1725.47,217.91,54.15,161.59,0.2461,-1,-1,-1
1049,76,479.97,326.56,68.51,192.21,0.5062,-1,-1,-1
1049,87,287.16,334.97,64.79,200.68,0.3942,-1,-1,-1
1049,88,588.11,538.03,57.18,253.49,0.4950,-1,-1,-1
1049,86,346.48,330.93,82.69,206.83,0.4489,-1,-1,-1
1050,4,1718.43,461.53,77.50,206.63,0.6446,-1,-1,-1
1050,60,406.85,982.73,106.26,97.30,0.7518,-1,-1,-1
1050,63,879.08,933.24,61.01,146.76,0.6684,-1,-1,-1
1050,64,1571.45,592.64,102.13,232.00,0.4427,-1,-1,-1
1050,68,852.36,234.35,67.19,193.90,0.5899,-1,-1,-1
1050,69,937.95,228.06,56.08,191.00,0.6085,-1,-1,-1
1050,66,372.40,524.45,77.92,230.26,0.6629,-1,-1,-1
1050,72,278.29,546.97,81.44,212.02,0.6137,-1,-1,-1
1050,80,1115.59,542.67,77.99,238.65,0.7528,-1,-1,-1
1050,82,1649.24,649.52,89.40,259.99,0.6880,-1,-1,-1
1050,85,1725.25,218.07,55.42,165.59,0.3075,-1,-1,-1
1050,76,479.39,327.58,68.48,194.14,0.4489,-1,-1,-1
1050,87,287.41,336.38,63.75,199.93,0.4394,-1,-1,-1
1050,88,588.14,537.96,58.05,253.71,0.5113,-1,-1,-1
1050,86,345.70,331.97,82.81,204.33,0.4340,-1,-1,-1
